symbol,day,open,high,low,close,volume
AAPL,2024-09-19,224.9900,229.8200,224.6300,228.8700,66781300
AAPL,2024-09-20,229.9700,233.0900,227.6200,228.2000,318679900
AAPL,2024-09-23,227.3400,229.4500,225.8100,226.4700,54146000
AAPL,2024-09-24,228.6500,229.3500,225.7300,227.3700,43556100
AAPL,2024-09-25,224.9300,227.2900,224.0200,226.3700,42308700
AAPL,2024-09-26,227.3000,228.5000,225.4100,227.5200,36636700
AAPL,2024-09-27,228.4600,229.5200,227.3000,227.7900,34026000
AAPL,2024-09-30,230.0400,233.0000,229.6500,233.0000,54541900
AAPL,2024-10-01,229.5200,229.6500,223.7400,226.2100,63285000
AAPL,2024-10-02,225.8900,227.3700,223.0200,226.7800,32880600
AAPL,2024-10-03,225.1400,226.8100,223.3200,225.6700,34044200
AAPL,2024-10-04,227.9000,228.0000,224.1300,226.8000,37245100
AAPL,2024-10-07,224.5000,225.6900,221.3300,221.6900,39505400
AAPL,2024-10-08,224.3000,225.9800,223.2500,225.7700,31855700
AAPL,2024-10-09,225.2300,229.7500,224.8300,229.5400,33591100
AAPL,2024-10-10,227.7800,229.5000,227.1700,229.0400,28183500
AAPL,2024-10-11,229.3000,229.4100,227.3400,227.5500,31759200
AAPL,2024-10-14,228.7000,231.7300,228.6000,231.3000,39882100
AAPL,2024-10-15,233.6100,237.4900,232.3700,233.8500,64751400
AAPL,2024-10-16,231.6000,232.1200,229.8400,231.7800,34082200
AAPL,2024-10-17,233.4300,233.8500,230.5200,232.1500,32993800
AAPL,2024-10-18,236.1800,236.1800,234.0100,235.0000,46431500
AAPL,2024-10-21,234.4500,236.8500,234.4500,236.4800,36254500
AAPL,2024-10-22,233.8900,236.2200,232.6000,235.8600,38846600
AAPL,2024-10-23,234.0800,235.1400,227.7600,230.7600,52287000
AAPL,2024-10-24,229.9800,230.8200,228.4100,230.5700,31109500
AAPL,2024-10-25,229.7400,233.2200,229.5700,231.4100,38802300
AAPL,2024-10-28,233.3200,234.7300,232.5500,233.4000,36087100
AAPL,2024-10-29,233.1000,234.3300,232.3200,233.6700,35417200
AAPL,2024-10-30,232.6100,233.4700,229.5500,230.1000,47070900
AAPL,2024-10-31,229.3400,229.8300,225.3700,225.9100,64370100
AAPL,2024-11-01,220.9700,225.3500,220.2700,222.9100,65276700
AAPL,2024-11-04,220.9900,222.7900,219.7100,222.0100,44944500
AAPL,2024-11-05,221.8000,223.9500,221.1400,223.4500,28111300
AAPL,2024-11-06,222.6100,226.0700,221.1900,222.7200,54561100
AAPL,2024-11-07,224.6300,227.8800,224.5700,227.4800,42137700
AAPL,2024-11-08,227.1700,228.6600,226.4100,226.9600,38328800
AAPL,2024-11-11,225.0000,225.7000,221.5000,224.2300,42005600
AAPL,2024-11-12,224.5500,225.5900,223.3600,224.2300,40398300
AAPL,2024-11-13,224.0100,226.6500,222.7600,225.1200,48566200
AAPL,2024-11-14,225.0200,228.8700,225.0000,228.2200,44923900
AAPL,2024-11-15,226.4000,226.9200,224.2700,225.0000,47923700
AAPL,2024-11-18,225.2500,229.7400,225.1700,228.0200,44633700
AAPL,2024-11-19,226.9800,230.1600,226.6600,228.2800,36211800
AAPL,2024-11-20,228.0600,229.9300,225.8900,229.0000,35169600
AAPL,2024-11-21,228.8800,230.1600,225.7100,228.5200,42108300
AAPL,2024-11-22,228.0600,230.7200,228.0600,229.8700,38168300
AAPL,2024-11-25,231.4600,233.2500,229.7400,232.8700,90152800
AAPL,2024-11-26,233.3300,235.5700,233.3300,235.0600,45986200
AAPL,2024-11-27,234.4700,235.6900,233.8100,234.9300,33498400
AAPL,2024-11-29,234.8100,237.8100,233.9700,237.3300,28481400
AAPL,2024-12-02,237.2700,240.7900,237.1600,239.5900,48137100
AAPL,2024-12-03,239.8100,242.7600,238.9000,242.6500,38861000
AAPL,2024-12-04,242.8700,244.1100,241.2500,243.0100,44383900
AAPL,2024-12-05,243.9900,244.5400,242.1300,243.0400,40033900
AAPL,2024-12-06,242.9100,244.6300,242.0800,242.8400,36870600
AAPL,2024-12-09,241.8300,247.2400,241.7500,246.7500,44649200
AAPL,2024-12-10,246.8900,248.2100,245.3400,247.7700,36914800
AAPL,2024-12-11,247.9600,250.8000,246.2600,246.4900,45205800
AAPL,2024-12-12,246.8900,248.7400,245.6800,247.9600,32777500
AAPL,2024-12-13,247.8200,249.2900,246.2400,248.1300,33155300
AAPL,2024-12-16,247.9900,251.3800,247.6500,251.0400,51694800
AAPL,2024-12-17,250.0800,253.8300,249.7800,253.4800,51356400
AAPL,2024-12-18,252.1600,254.2800,247.7400,248.0500,56774100
AAPL,2024-12-19,247.5000,252.0000,247.0900,249.7900,60882300
AAPL,2024-12-20,248.0400,255.0000,245.6900,254.4900,147495300
AAPL,2024-12-23,254.7700,255.6500,253.4500,255.2700,40858800
AAPL,2024-12-24,255.4900,258.2100,255.2900,258.2000,23234700
AAPL,2024-12-26,258.1900,260.1000,257.6300,259.0200,27237100
AAPL,2024-12-27,257.8300,258.7000,253.0600,255.5900,42355300
AAPL,2024-12-30,252.2300,253.5000,250.7500,252.2000,35557500
AAPL,2024-12-31,252.4400,253.2800,249.4300,250.4200,39480700
AAPL,2025-01-02,248.9300,249.1000,241.8200,243.8500,55740700
AAPL,2025-01-03,243.3600,244.1800,241.8900,243.3600,40244100
AAPL,2025-01-06,244.3100,247.3300,243.2000,245.0000,45045600
AAPL,2025-01-07,242.9800,245.5500,241.3500,242.2100,40856000
AAPL,2025-01-08,241.9200,243.7100,240.0500,242.7000,37628900
AAPL,2025-01-10,240.0100,240.1600,233.0000,236.8500,61710900
AAPL,2025-01-13,233.5300,234.6700,229.7200,234.4000,49630700
AAPL,2025-01-14,234.7500,236.1200,232.4700,233.2800,39435300
AAPL,2025-01-15,234.6400,238.9600,234.4300,237.8700,39832000
AAPL,2025-01-16,237.3500,238.0100,228.0300,228.2600,71759100
AAPL,2025-01-17,232.1200,232.2900,228.4800,229.9800,68488300
AAPL,2025-01-21,224.0000,224.4200,219.3800,222.6400,98070400
AAPL,2025-01-22,219.7900,224.1200,219.7900,223.8300,64126500
AAPL,2025-01-23,224.7400,227.0300,222.3000,223.6600,60234800
AAPL,2025-01-24,224.7800,225.6300,221.4100,222.7800,54697900
AAPL,2025-01-27,224.0200,232.1500,223.9800,229.8600,94863400
AAPL,2025-01-28,230.8500,240.1900,230.8100,238.2600,75707600
AAPL,2025-01-29,234.1200,239.8600,234.0100,239.3600,45486100
AAPL,2025-01-30,238.6700,240.7900,237.2100,237.5900,55658300
AAPL,2025-01-31,247.1900,247.1900,233.4400,236.0000,100959800
AAPL,2025-02-03,229.9900,231.8300,225.7000,228.0100,73063300
AAPL,2025-02-04,227.2500,233.1300,226.6500,232.8000,45067300
AAPL,2025-02-05,228.5300,232.6700,228.2700,232.4700,39620300
AAPL,2025-02-06,231.2900,233.8000,230.4300,233.2200,29925300
AAPL,2025-02-07,232.6000,234.0000,227.2600,227.6300,39707200
AAPL,2025-02-10,229.5700,230.5900,227.2000,227.6500,33115600
AAPL,2025-02-11,228.2000,235.2300,228.1300,232.6200,53718400
AAPL,2025-02-12,231.2000,236.9600,230.6800,236.8700,45243300
AAPL,2025-02-13,236.9100,242.3400,235.5700,241.5300,53614100
AAPL,2025-02-14,241.2500,245.5500,240.9900,244.6000,40896200
AAPL,2025-02-18,244.1500,245.1800,241.8400,244.4700,48822500
AAPL,2025-02-19,244.6600,246.0100,243.1600,244.8700,32204200
AAPL,2025-02-20,244.9400,246.7800,244.2900,245.8300,32316900
AAPL,2025-02-21,245.9500,248.6900,245.2200,245.5500,53197400
AAPL,2025-02-24,244.9300,248.8600,244.4200,247.1000,51326400
AAPL,2025-02-25,248.0000,250.0000,244.9100,247.0400,48013300
AAPL,2025-02-26,244.3300,244.9800,239.1300,240.3600,44433600
AAPL,2025-02-27,239.4100,242.4600,237.0600,237.3000,41153600
AAPL,2025-02-28,236.9500,242.0900,230.2000,241.8400,56833400
AAPL,2025-03-03,241.7900,244.0300,236.1100,238.0300,47184000
AAPL,2025-03-04,237.7100,240.0700,234.6800,235.9300,53798100
AAPL,2025-03-05,235.4200,236.5500,229.2300,235.7400,47227600
AAPL,2025-03-06,234.4400,237.8600,233.1600,235.3300,45170400
AAPL,2025-03-07,235.1100,241.3700,234.7600,239.0700,46273600
AAPL,2025-03-10,235.5400,236.1600,224.2200,227.4800,72071200
AAPL,2025-03-11,223.8100,225.8400,217.4500,220.8400,76137400
AAPL,2025-03-12,220.1400,221.7500,214.9100,216.9800,62547500
AAPL,2025-03-13,215.9500,216.8400,208.4200,209.6800,61368300
AAPL,2025-03-14,211.2500,213.9500,209.5800,213.4900,60107600
AAPL,2025-03-17,213.3100,215.2200,209.9700,214.0000,48073400
AAPL,2025-03-18,214.1600,215.1500,211.4900,212.6900,42432400
AAPL,2025-03-19,214.2200,218.7600,213.7500,215.2400,54385400
AAPL,2025-03-20,213.9900,217.4900,212.2200,214.1000,48862900
AAPL,2025-03-21,211.5600,218.8400,211.2800,218.2700,94127800
AAPL,2025-03-24,221.0000,221.4800,218.5800,220.7300,44299500
AAPL,2025-03-25,220.7700,224.1000,220.0800,223.7500,34493600
AAPL,2025-03-26,223.5100,225.0200,220.4700,221.5300,34466100
AAPL,2025-03-27,221.3900,224.9900,220.5600,223.8500,37094800
AAPL,2025-03-28,221.6700,223.8100,217.6800,217.9000,39818600
AAPL,2025-03-31,217.0100,225.6200,216.2300,222.1300,65299300
AAPL,2025-04-01,219.8100,223.6800,218.9000,223.1900,36412700
AAPL,2025-04-02,221.3200,225.1900,221.0200,223.8900,35905900
AAPL,2025-04-03,205.5400,207.4900,201.2500,203.1900,103419000
AAPL,2025-04-04,193.8900,199.8800,187.3400,188.3800,125910900
AAPL,2025-04-07,177.2000,194.1500,174.6200,181.4600,160466300
AAPL,2025-04-08,186.7000,190.3400,169.2100,172.4200,120859500
AAPL,2025-04-09,171.9500,200.6100,171.8900,198.8500,184395900
AAPL,2025-04-10,189.0700,194.7800,183.0000,190.4200,121880000
AAPL,2025-04-11,186.1000,199.5400,186.0600,198.1500,87435900
AAPL,2025-04-14,211.4400,212.9400,201.1600,202.5200,101352900
AAPL,2025-04-15,201.8600,203.5100,199.8000,202.1400,51343900
AAPL,2025-04-16,198.3600,200.7000,192.3700,194.2700,59732400
AAPL,2025-04-17,197.2000,198.8300,194.4200,196.9800,52164700
AAPL,2025-04-21,193.2700,193.8000,189.8100,193.1600,46742500
AAPL,2025-04-22,196.1200,201.5900,195.9700,199.7400,52976400
AAPL,2025-04-23,206.0000,208.0000,202.8000,204.6000,52929200
AAPL,2025-04-24,204.8900,208.8300,202.9400,208.3700,47311000
AAPL,2025-04-25,206.3700,209.7500,206.2000,209.2800,38222300
AAPL,2025-04-28,210.0000,211.5000,207.4600,210.1400,38743100
AAPL,2025-04-29,208.6900,212.2400,208.3700,211.2100,36827600
AAPL,2025-04-30,209.3000,213.5800,206.6700,212.5000,52286500
AAPL,2025-05-01,209.0800,214.5600,208.9000,213.3200,57365700
AAPL,2025-05-02,206.0900,206.9900,202.1600,205.3500,101010600
AAPL,2025-05-05,203.1000,204.1000,198.2100,198.8900,69018500
AAPL,2025-05-06,198.2100,200.6500,197.0200,198.5100,51216500
AAPL,2025-05-07,199.1700,199.4400,193.2500,196.2500,68536700
AAPL,2025-05-08,197.7200,200.0500,194.6800,197.4900,50478900
AAPL,2025-05-09,199.0000,200.5400,197.5400,198.5300,36453900
AAPL,2025-05-12,210.9700,211.2700,206.7500,210.7900,63775800
AAPL,2025-05-13,210.4300,213.4000,209.0000,212.9300,51909300
AAPL,2025-05-14,212.4300,213.9400,210.5800,212.3300,49325800
AAPL,2025-05-15,210.9500,212.9600,209.5400,211.4500,45029500
AAPL,2025-05-16,212.3600,212.5700,209.7700,211.2600,54737900
AAPL,2025-05-19,207.9100,209.4800,204.2600,208.7800,46140500
AAPL,2025-05-20,207.6700,208.4700,205.0300,206.8600,42496600
AAPL,2025-05-21,205.1700,207.0400,200.7100,202.0900,59211800
AAPL,2025-05-22,200.7100,202.7500,199.7000,201.3600,46742400
AAPL,2025-05-23,193.6700,197.7000,193.4600,195.2700,78432900
AAPL,2025-05-27,198.3000,200.7400,197.4300,200.2100,56288500
AAPL,2025-05-28,200.5900,202.7300,199.9000,200.4200,45339700
AAPL,2025-05-29,203.5800,203.8100,198.5100,199.9500,51396800
AAPL,2025-05-30,199.3700,201.9600,196.7800,200.8500,70819900
AAPL,2025-06-02,200.2800,202.1300,200.1200,201.7000,35423300
AAPL,2025-06-03,201.3500,203.7700,200.9600,203.2700,46381600
AAPL,2025-06-04,202.9100,206.2400,202.1000,202.8200,43604000
AAPL,2025-06-05,203.5000,204.7500,200.1500,200.6300,55126100
AAPL,2025-06-06,203.0000,205.7000,202.0500,203.9200,46607700
AAPL,2025-06-09,204.3900,206.0000,200.0200,201.4500,72862600
AAPL,2025-06-10,200.6000,204.3500,200.5700,202.6700,54672600
AAPL,2025-06-11,203.5000,204.5000,198.4100,198.7800,60989900
AAPL,2025-06-12,199.0800,199.6800,197.3600,199.2000,43904600
AAPL,2025-06-13,199.7300,200.3700,195.7000,196.4500,51447300
AAPL,2025-06-16,197.3000,198.6900,196.5600,198.4200,43020700
AAPL,2025-06-17,197.2000,198.3900,195.2100,195.6400,38856200
AAPL,2025-06-18,195.9400,197.5700,195.0700,196.5800,45394700
AAPL,2025-06-20,198.2400,201.7000,196.8600,201.0000,96813500
AAPL,2025-06-23,201.6300,202.3000,198.9600,201.5000,55814300
AAPL,2025-06-24,202.5900,203.4400,200.2000,200.3000,54064000
AAPL,2025-06-25,201.4500,203.6700,200.6200,201.5600,39525700
AAPL,2025-06-26,201.4300,202.6400,199.4600,201.0000,50799100
AAPL,2025-06-27,201.8900,203.2200,200.0000,201.0800,73188600
AAPL,2025-06-30,202.0100,207.3900,199.2600,205.1700,91912800
AAPL,2025-07-01,206.6700,210.1900,206.1400,207.8200,78788900
AAPL,2025-07-02,208.9100,213.3400,208.1400,212.4400,67941800
AAPL,2025-07-03,212.1500,214.6500,211.8100,213.5500,34955800
AAPL,2025-07-07,212.6800,216.2300,208.8000,209.9500,50229000
AAPL,2025-07-08,210.1000,211.4300,208.4500,210.0100,42848900
AAPL,2025-07-09,209.5300,211.3300,207.2200,211.1400,48749400
AAPL,2025-07-10,210.5100,213.4800,210.0300,212.4100,44443600
AAPL,2025-07-11,210.5700,212.1300,209.8600,211.1600,39765800
AAPL,2025-07-14,209.9300,210.9100,207.5400,208.6200,38840100
AAPL,2025-07-15,209.2200,211.8900,208.9200,209.1100,42296300
AAPL,2025-07-16,210.3000,212.4000,208.6400,210.1600,47490500
AAPL,2025-07-17,210.5700,211.8000,209.5900,210.0200,48068100
AAPL,2025-07-18,210.8700,211.7900,209.7000,211.1800,48974600
AAPL,2025-07-21,212.1000,215.7800,211.6300,212.4800,51377400
AAPL,2025-07-22,213.1400,214.9500,212.2300,214.4000,46404100
AAPL,2025-07-23,215.0000,215.1500,212.4100,214.1500,46989300
AAPL,2025-07-24,213.9000,215.6900,213.5300,213.7600,46022600
AAPL,2025-07-25,214.7000,215.2400,213.4000,213.8800,40268800
AAPL,2025-07-28,214.0300,214.8500,213.0600,214.0500,37858000
AAPL,2025-07-29,214.1800,214.8100,210.8200,211.2700,51411700
AAPL,2025-07-30,211.9000,212.3900,207.7200,209.0500,45512500
AAPL,2025-07-31,208.4900,209.8400,207.1600,207.5700,80698400
AAPL,2025-08-01,210.8700,213.5800,201.5000,202.3800,104434500
AAPL,2025-08-04,204.5100,207.8800,201.6800,203.3500,75109300
AAPL,2025-08-05,203.4000,205.3400,202.1600,202.9200,44155100
AAPL,2025-08-06,205.6300,215.3800,205.5900,213.2500,108483100
AAPL,2025-08-07,218.8800,220.8500,216.5800,220.0300,90224800
AAPL,2025-08-08,220.8300,231.0000,219.2500,229.3500,113854000
AAPL,2025-08-11,227.9200,229.5600,224.7600,227.1800,61806100
AAPL,2025-08-12,228.0100,230.8000,227.0700,229.6500,55626200
AAPL,2025-08-13,231.0700,235.0000,230.4300,233.3300,69878500
AAPL,2025-08-14,234.0600,235.1200,230.8500,232.7800,51916300
AAPL,2025-08-15,234.0000,234.2800,229.3400,231.5900,56038700
AAPL,2025-08-18,231.7000,233.1200,230.1100,230.8900,37476200
AAPL,2025-08-19,231.2800,232.8700,229.3500,230.5600,39402600
AAPL,2025-08-20,229.9800,230.4700,225.7700,226.0100,42263900
AAPL,2025-08-21,226.2700,226.5200,223.7800,224.9000,30621200
AAPL,2025-08-22,226.1700,229.0900,225.4100,227.7600,42477800
AAPL,2025-08-25,226.4800,229.3000,226.2300,227.1600,30983100
AAPL,2025-08-26,226.8700,229.4900,224.6900,229.3100,54575100
AAPL,2025-08-27,228.6100,230.9000,228.2600,230.4900,31259500
AAPL,2025-08-28,230.8200,233.4100,229.3400,232.5600,38074700
AAPL,2025-08-29,232.5100,233.3800,231.3700,232.1400,39418400
AAPL,2025-09-02,229.2500,230.8500,226.9700,229.7200,44075600
AAPL,2025-09-03,237.2100,238.8500,234.3600,238.4700,66427800
AAPL,2025-09-04,238.4500,239.9000,236.7400,239.7800,47549400
AAPL,2025-09-05,240.0000,241.3200,238.4900,239.6900,54870400
AAPL,2025-09-08,239.3000,240.1500,236.3400,237.8800,48999500
AAPL,2025-09-09,237.0000,238.7800,233.3600,234.3500,66313900
AAPL,2025-09-10,232.1900,232.4200,225.9500,226.7900,83440800
AAPL,2025-09-11,226.8800,230.4500,226.6500,230.0300,50208600
AAPL,2025-09-12,229.2200,234.5100,229.0200,234.0700,55824200
AAPL,2025-09-15,237.0000,238.1900,235.0300,236.7000,42699500
AAPL,2025-09-16,237.1800,241.2200,236.3200,238.1500,63421100
AAPL,2025-09-17,238.9700,240.1000,237.7300,238.9900,46508000
AAPL,2025-09-18,239.9700,241.2000,236.6500,237.8800,44249600
AAPL,2025-09-19,241.2300,246.3000,240.2100,245.5000,163741300
AAPL,2025-09-22,248.3000,256.6400,248.1200,256.0800,105517400
AAPL,2025-09-23,255.8800,257.3400,253.5800,254.4300,60275200
AAPL,2025-09-24,255.2200,255.7400,251.0400,252.3100,42303700
AAPL,2025-09-25,253.2100,257.1700,251.7100,256.8700,55202100
AAPL,2025-09-26,254.1000,257.6000,253.7800,255.4600,46076300
AAPL,2025-09-29,254.5600,255.0000,253.0100,254.4300,40127700
AAPL,2025-09-30,254.8600,255.9200,253.1100,254.6300,37704300
AAPL,2025-10-01,255.0400,258.7900,254.9300,255.4500,48713900
AAPL,2025-10-02,256.5800,258.1800,254.1500,257.1300,42630200
AAPL,2025-10-03,254.6700,259.2400,253.9500,258.0200,49155600
AAPL,2025-10-06,257.9900,259.0700,255.0500,256.6900,44664100
AAPL,2025-10-07,256.8100,257.4000,255.4300,256.4800,31955800
AAPL,2025-10-08,256.5200,258.5200,256.1100,258.0600,36496900
AAPL,2025-10-09,257.8100,258.0000,253.1400,254.0400,38322000
AAPL,2025-10-10,254.9400,256.3800,244.0000,245.2700,61999100
AAPL,2025-10-13,249.3800,249.6900,245.5600,247.6600,38142900
AAPL,2025-10-14,246.6000,248.8500,244.7000,247.7700,35478000
AAPL,2025-10-15,249.4900,251.8200,247.4700,249.3400,33893600
AAPL,2025-10-16,248.2500,249.0400,245.1300,247.4500,39777000
AAPL,2025-10-17,248.0200,253.3800,247.2700,252.2900,49147000
AAPL,2025-10-20,255.8900,264.3800,255.6300,262.2400,90483000
AAPL,2025-10-21,261.8800,265.2900,261.8300,262.7700,46695900
AAPL,2025-10-22,262.6500,262.8500,255.4300,258.4500,45015300
AAPL,2025-10-23,259.9400,260.6200,258.0100,259.5800,32754900
AAPL,2025-10-24,261.1900,264.1300,259.1800,262.8200,38253700
AAPL,2025-10-27,264.8800,269.1200,264.6500,268.8100,44888200
AAPL,2025-10-28,268.9900,269.8900,268.1500,269.0000,41534800
AAPL,2025-10-29,269.2800,271.4100,267.1100,269.7000,51086700
AAPL,2025-10-30,271.9900,274.1400,268.4800,271.4000,69886500
AAPL,2025-10-31,276.9900,277.3200,269.1600,270.3700,86167100
AAPL,2025-11-03,270.4200,270.8500,266.2500,269.0500,50194600
AAPL,2025-11-04,268.3300,271.4900,267.6200,270.0400,49274800
AAPL,2025-11-05,268.6100,271.7000,266.9300,270.1400,43683100
AAPL,2025-11-06,267.8900,273.4000,267.8900,269.7700,51204000
AAPL,2025-11-07,269.8000,272.2900,266.7700,268.4700,48227400
AAPL,2025-11-10,268.9600,273.7300,267.4600,269.4300,41312400
AAPL,2025-11-11,269.8100,275.9100,269.8000,275.2500,46208300
AAPL,2025-11-12,275.0000,275.7300,271.7000,273.4700,48398000
AAPL,2025-11-13,274.1100,276.7000,272.0900,272.9500,49602800
AAPL,2025-11-14,271.0500,275.9600,269.6000,272.4100,47431300
AAPL,2025-11-17,268.8200,270.4900,265.7300,267.4600,45018300
AAPL,2025-11-18,269.9900,270.7100,265.3200,267.4400,45677300
AAPL,2025-11-19,265.5300,272.2100,265.5000,268.5600,40424500
AAPL,2025-11-20,270.8300,275.4300,265.9200,266.2500,45823600
AAPL,2025-11-21,265.9500,273.3300,265.6700,271.4900,59030800
AAPL,2025-11-24,270.9000,277.0000,270.9000,275.9200,65585800
AAPL,2025-11-25,275.2700,280.3800,275.2500,276.9700,46914200
AAPL,2025-11-26,276.9600,279.5300,276.6300,277.5500,33431400
AAPL,2025-11-28,277.2600,279.0000,275.9900,278.8500,20135600
AAPL,2025-12-01,278.0100,283.4200,276.1400,283.1000,46587700
AAPL,2025-12-02,283.0000,287.4000,282.6300,286.1900,53669500
AAPL,2025-12-03,286.2000,288.6200,283.3000,284.1500,43538700
AAPL,2025-12-04,284.1000,284.7300,278.5900,280.7000,43989100
AAPL,2025-12-05,280.5400,281.1400,278.0500,278.7800,47265800
AAPL,2025-12-08,278.1300,279.6700,276.1500,277.8900,38211800
AAPL,2025-12-09,278.1600,280.0300,276.9200,277.1800,32193300
AAPL,2025-12-10,277.7500,279.7500,276.4400,278.7800,33038300
AAPL,2025-12-11,279.1000,279.5900,273.8100,278.0300,33248000
AAPL,2025-12-12,277.9000,279.2200,276.8200,278.2800,39532900
AAPL,2025-12-15,280.1500,280.1500,272.8400,274.1100,50409100
AAPL,2025-12-16,272.8200,275.5000,271.7900,274.6100,37648600
AAPL,2025-12-17,275.0100,276.1600,271.6400,271.8400,50138700
AAPL,2025-12-18,273.6100,273.6300,266.9500,272.1900,51630700
AAPL,2025-12-19,272.1500,274.6000,269.9000,273.6700,144632000
AAPL,2025-12-22,272.8600,273.8800,270.5100,270.9700,36571800
AAPL,2025-12-23,270.8400,272.5000,269.5600,272.3600,29642000
AAPL,2025-12-24,272.3400,275.4300,272.2000,273.8100,17910600
AAPL,2025-12-26,274.1600,275.3700,272.8600,273.4000,21521800
AAPL,2025-12-29,272.6900,274.3600,272.3500,273.7600,23715200
AAPL,2025-12-30,272.8100,274.0800,272.2800,273.0800,22139600
AAPL,2025-12-31,273.0600,273.6800,271.7500,271.8600,27293600
AAPL,2026-01-02,272.2600,277.8400,269.0000,271.0100,37838100
AAPL,2026-01-05,270.6400,271.5100,266.1400,267.2600,45647200
AAPL,2026-01-06,267.0000,267.5500,262.1200,262.3600,52352100
AAPL,2026-01-07,263.2000,263.6800,259.8100,260.3300,48309800
AAPL,2026-01-08,257.0200,259.2900,255.7000,259.0400,50419300
AAPL,2026-01-09,259.0800,260.2100,256.2200,259.3700,39997000
AAPL,2026-01-12,259.1600,261.3000,256.8000,260.2500,45263800
AAPL,2026-01-13,258.7200,261.8100,258.3900,261.0500,45730800
AAPL,2026-01-14,259.4900,261.8200,256.7100,259.9600,40019400
AAPL,2026-01-15,260.6500,261.0400,257.0500,258.2100,39388600
AAPL,2026-01-16,257.9000,258.9000,254.9300,255.5300,72142800
AAPL,2026-01-20,252.7300,254.7900,243.4200,246.7000,80267500
AAPL,2026-01-21,248.7000,251.5600,245.1800,247.6500,54641700
AAPL,2026-01-22,249.2000,251.0000,248.1500,248.3500,39708300
AAPL,2026-01-23,247.3200,249.4100,244.6800,248.0400,41689000
AAPL,2026-01-26,251.4800,256.5600,249.8000,255.4100,55969200
AAPL,2026-01-27,259.1700,261.9500,258.2100,258.2700,49648300
AAPL,2026-01-28,257.6500,258.8600,254.5100,256.4400,41288000
AAPL,2026-01-29,258.0000,259.6500,254.4100,258.2800,67253000
AAPL,2026-01-30,255.1700,261.9000,252.1800,259.4800,92443400
AAPL,2026-02-02,260.0300,270.4900,259.2100,270.0100,73913400
AAPL,2026-02-03,269.2000,271.8800,267.6100,269.4800,64394700
AAPL,2026-02-04,272.2900,278.9500,272.2900,276.4900,90545700
AAPL,2026-02-05,278.1300,279.5000,273.2300,275.9100,52977400
AAPL,2026-02-06,277.1200,280.9100,276.9300,278.1200,50453400
AAPL,2026-02-09,277.9100,278.2000,271.7000,274.6200,44623400
AAPL,2026-02-10,274.8900,275.3700,272.9400,273.6800,34376900
AAPL,2026-02-11,274.7000,280.1800,274.4500,275.5000,51931300
AAPL,2026-02-12,275.5900,275.7200,260.1800,261.7300,81077200
AAPL,2026-02-13,262.0100,262.2300,255.4500,255.7800,56290700
AAPL,2026-02-17,258.0500,266.2900,255.5400,263.8800,58469100
AAPL,2026-02-18,263.6000,266.8200,262.4500,264.3500,34203300
AAPL,2026-02-19,262.6000,264.4800,260.0500,260.5800,30845300
AAPL,2026-02-20,258.9700,264.7500,258.1600,264.5800,42070500
AAPL,2026-02-23,263.4900,269.4300,263.3800,266.1800,37308200
AAPL,2026-02-24,267.8600,274.8900,267.7100,272.1400,47014600
AAPL,2026-02-25,271.7800,274.9400,271.0500,274.2300,33714300
AAPL,2026-02-26,274.9500,276.1100,270.8000,272.9500,32345100
AAPL,2026-02-27,272.8100,272.8100,262.8900,264.1800,72366500
AAPL,2026-03-02,262.4100,266.5300,260.2000,264.7200,41827900
AAPL,2026-03-03,263.4800,265.5600,260.1300,263.7500,38568900
AAPL,2026-03-04,264.6500,266.1500,261.4200,262.5200,39803100
AAPL,2026-03-05,260.7900,261.5600,257.2500,260.2900,49658600
AAPL,2026-03-06,258.6300,258.7700,254.3700,257.4600,41120000
AAPL,2026-03-09,255.6900,261.1500,253.6800,259.8800,38218500
AAPL,2026-03-10,257.6500,262.4800,256.9500,260.8300,30590800
AAPL,2026-03-11,261.0900,262.1300,259.5500,260.8100,26218900
AAPL,2026-03-12,258.6600,258.9500,254.1800,255.7600,40794000
AAPL,2026-03-13,255.4800,256.3300,249.5200,250.1200,36930000
AAPL,2026-03-16,252.1100,253.8900,249.8800,252.8200,32074200
AAPL,2026-03-17,252.9600,255.1300,252.1800,254.2300,32361600
AAPL,2026-03-18,252.6300,254.9400,249.0000,249.9400,35757900
AAPL,2026-03-19,249.4000,251.8300,247.3000,248.9600,34864100
AAPL,2026-03-20,247.9800,249.2000,246.0000,247.9900,88331100
AAPL,2026-03-23,253.9700,254.6000,250.2800,251.4900,40546100
AAPL,2026-03-24,250.3500,254.8300,249.5500,251.6400,45152300
AAPL,2026-03-25,254.1000,255.0000,251.6000,252.6200,28476700
AAPL,2026-03-26,252.1200,257.0000,250.7700,252.8900,41796700
AAPL,2026-03-27,253.9000,255.4900,248.0700,248.8000,47900000
AAPL,2026-03-30,250.0700,250.8700,245.5100,246.6300,39446200
AAPL,2026-03-31,247.9100,255.4800,247.1000,253.7900,49598100
AAPL,2026-04-01,254.0800,256.1800,253.3300,255.6300,40059400
AAPL,2026-04-02,254.2000,256.1300,250.6500,255.9200,31289400
AAPL,2026-04-06,256.5100,262.1600,256.4600,258.8600,29329900
AAPL,2026-04-07,256.1600,256.2000,245.7000,253.5000,62148000
AAPL,2026-04-08,258.4500,259.7500,256.5300,258.9000,41032800
AAPL,2026-04-09,259.0000,261.1200,256.0700,260.4900,28121600
AAPL,2026-04-10,259.9800,262.1900,259.0200,260.4800,31291500
AAPL,2026-04-13,259.7300,260.1800,256.6600,259.2000,36234700
AAPL,2026-04-14,259.2500,261.9300,257.1900,258.8300,48370700
AAPL,2026-04-15,258.1600,266.5600,257.8100,266.4300,49913500
AAPL,2026-04-16,266.8000,267.1600,261.2700,263.4000,43323100
AAPL,2026-04-17,266.9600,272.3000,266.7200,270.2300,61436200
AAPL,2026-04-20,270.3300,274.2800,270.2900,273.0500,36590200
AAPL,2026-04-21,271.5000,272.8000,265.4000,266.1700,50209800
AAPL,2026-04-22,267.8200,273.7400,266.8700,273.1700,43249200
AAPL,2026-04-23,275.0500,275.7700,271.6500,273.4300,33399600
AAPL,2026-04-24,272.7600,273.0600,269.6500,271.0600,38157100
AAPL,2026-04-27,266.0900,268.3600,265.0700,267.6100,41466800
AAPL,2026-04-28,272.3400,273.2300,268.6600,270.7100,40018900
AAPL,2026-04-29,267.5500,271.0400,267.0400,270.1700,30047900
AAPL,2026-04-30,270.5000,276.0000,268.1400,271.3500,91848200
AAPL,2026-05-01,278.8600,287.2200,278.3700,280.1400,79915400
AAPL,2026-05-04,279.6600,280.6300,274.8600,276.8300,46668400
AAPL,2026-05-05,276.9300,284.5700,276.5000,284.1800,49311700
AAPL,2026-05-06,281.9200,288.0300,281.0700,287.5100,58336100
AAPL,2026-05-07,289.2700,292.1300,285.7800,287.4400,45224300
AAPL,2026-05-08,290.0100,294.7600,290.0000,293.3200,52692800
AAPL,2026-05-11,291.9800,293.8800,290.2300,292.6800,42247300
AAPL,2026-05-12,292.5600,295.2700,292.5600,294.8000,45748100
AAPL,2026-05-13,293.5000,300.9200,293.5000,298.8700,52684300
AAPL,2026-05-14,299.8200,300.4500,295.3800,298.2100,35324900
AAPL,2026-05-15,297.9000,303.2000,296.5200,300.2300,54862800
AAPL,2026-05-18,300.2400,300.6600,294.9100,297.8400,34483000
AAPL,2026-05-19,296.9700,300.5100,296.3500,298.9700,42243600
AAPL,2026-05-20,298.1800,302.8000,298.0800,302.2500,38229800
AAPL,2026-05-21,301.0600,305.5400,300.4000,304.9900,42965100
AAPL,2026-05-22,306.1200,311.4000,305.8400,308.8200,43670200
AAPL,2026-05-26,309.5600,311.8200,307.6700,308.3300,48000500
AAPL,2026-05-27,308.3300,313.2600,308.3000,310.8500,50430900
AAPL,2026-05-28,310.6800,312.8000,309.5700,312.5100,48220400
AAPL,2026-05-29,311.7800,315.0000,309.5300,312.0600,70026800
AAPL,2026-06-01,309.6300,310.9400,305.0200,306.3100,48849900
AAPL,2026-06-02,307.4600,315.4500,306.6900,315.2000,44534700
AAPL,2026-06-03,314.1800,316.9400,308.8500,310.2600,50836700
AAPL,2026-06-04,313.2300,313.5400,309.6500,311.2300,44869100
AAPL,2026-06-05,312.8600,315.1700,307.1500,307.3400,65310500
AAPL,2026-06-08,308.7400,317.4000,301.1700,301.5400,77949100
AAPL,2026-06-09,300.2800,300.7500,287.7800,290.5500,70108800
AAPL,2026-06-10,290.7400,294.7500,287.3800,291.5800,52793300
AAPL,2026-06-11,293.7200,297.0000,289.5900,295.6300,42572500
AAPL,2026-06-12,296.0300,297.1400,289.6200,291.1300,38742100
AAPL,2026-06-15,294.1200,297.7800,291.7000,296.4200,45732600
AAPL,2026-06-16,295.2500,300.4800,293.9700,299.2400,39874400
AAPL,2026-06-17,300.8500,302.0700,294.3600,295.9500,42745100
AAPL,2026-06-18,298.1100,300.5700,295.6200,298.0100,85962200
AAPL,2026-06-22,297.3100,302.4200,296.7600,297.0100,44879900
AAPL,2026-06-23,297.5400,301.6400,294.1800,294.3000,52010900
AAPL,2026-06-24,295.3600,299.7000,292.9400,293.0800,53081900
AAPL,2026-06-25,287.4000,288.8000,273.7500,275.1500,107013700
AAPL,2026-06-26,275.0000,285.9500,274.2100,283.7800,261775500
AAPL,2026-06-29,286.7300,288.3700,279.8500,281.7400,66427000
AAPL,2026-06-30,281.1700,289.9400,280.7000,289.3600,65100200
AAPL,2026-07-01,293.4400,296.5900,289.2000,294.3800,50164200
AAPL,2026-07-02,294.1200,309.4200,293.6800,308.6300,75352800
AAPL,2026-07-06,307.3600,314.2000,307.0000,312.6600,53590000
AAPL,2026-07-07,315.2900,315.4800,310.1500,310.6600,42490000
AAPL,2026-07-08,311.9100,314.8200,307.0500,313.3900,41323500
AAPL,2026-07-09,310.5100,316.5300,308.1600,316.2200,48124500
AAPL,2026-07-10,314.7200,316.9100,312.1700,315.3200,34132300
AAPL,2026-07-13,317.0200,323.4500,315.7800,317.3100,43257800
AAPL,2026-07-14,313.7600,316.1900,311.9100,314.8600,36336800
AAPL,2026-07-15,317.6200,328.7300,317.3200,327.5000,60957600
AAPL,2026-07-16,328.0100,334.6800,326.7900,333.2600,62970600
AAPL,2026-07-17,331.9800,334.9900,329.0000,333.7400,63407100
AAPL,2026-07-20,333.5100,333.7100,323.6800,326.5900,53468000
AAPL,2026-07-21,323.1300,329.6000,322.2200,327.7400,41338900
AAPL,2026-07-22,327.8700,329.0000,323.3400,325.8900,38755900
AAPL,2026-07-23,321.7300,323.3000,319.3500,321.6600,40840800
AAPL,2026-07-24,321.7900,334.3700,321.6200,333.0200,47489400
AAPL,2026-07-27,334.5400,339.5700,334.0200,336.9100,49604300
AAPL,2026-07-28,340.0300,342.8900,335.6000,340.0800,51859000
AAPL,2026-07-29,339.7300,344.5700,337.3500,338.1900,56090800
AAPL,2026-07-30,333.1000,334.7500,329.5900,333.4300,74817800
AAPL,2026-07-31,304.8100,310.6900,300.0000,308.9100,132489100
AAPL,2026-08-03,309.5800,311.8000,302.5600,303.4200,75052000
AAPL,2026-08-04,302.7300,310.4200,301.3200,309.3800,68001000
AAPL,2026-08-05,309.3600,311.7100,305.6700,311.0000,49438800
AAPL,2026-08-06,314.3400,316.2900,309.2300,312.4100,46139900
AAPL,2026-08-07,311.4500,314.8100,310.7400,313.3300,34437200
AAPL,2026-08-10,306.8300,308.2600,304.6100,308.2600,44812500
AAPL,2026-08-11,307.7500,309.9700,302.7900,304.9100,37476700
AAPL,2026-08-12,305.1000,305.6600,300.5700,302.2500,41657800
AAPL,2026-08-13,304.2100,306.0000,302.0500,305.2600,40349300
AAPL,2026-08-14,306.0000,307.4900,304.3000,305.9300,28229400
AAPL,2026-08-17,306.2100,307.6600,302.9400,305.5900,38169300
AAPL,2026-08-18,307.5800,311.4900,305.7400,310.0300,53424500
AAPL,2026-08-19,310.1400,319.2800,309.6000,316.8300,50505600
AAPL,2026-08-20,317.4600,320.2800,310.6500,311.3000,40959200
AAPL,2026-08-21,312.0500,312.3800,307.0100,309.3500,46876800
AAPL,2026-08-24,311.4700,313.3600,309.9700,310.3400,34673600
AAPL,2026-08-25,310.7900,313.5900,308.2100,309.9000,25869800
AAPL,2026-08-26,310.3000,315.4300,308.8000,313.4500,34024500
AAPL,2026-08-27,310.5500,315.4000,309.4000,314.5800,32419200
AAPL,2026-08-28,316.8500,322.3700,315.4500,319.7000,38649400
AAPL,2026-08-31,319.6000,321.2400,312.8000,316.8500,41242700
AAPL,2026-09-01,316.9800,327.3000,314.7300,325.1300,53167400
AAPL,2026-09-02,326.8700,328.4000,323.5300,324.9600,33776400
AAPL,2026-09-03,324.8700,330.8100,324.1100,328.2100,37225800
AAPL,2026-09-04,328.3100,328.9300,317.8600,319.9700,39606900
AAPL,2026-09-08,317.1000,320.7000,314.9000,316.2200,35477100
AAPL,2026-09-09,315.4900,319.1500,309.9000,315.3400,65640000
AAPL,2026-09-10,316.6700,326.7400,316.5100,326.5700,70011900
AAPL,2026-09-11,327.4500,336.2200,326.3000,332.2700,50716900
AAPL,2026-09-14,334.7900,335.5000,331.3400,333.0800,39269100
AAPL,2026-09-15,330.1400,331.7800,328.3500,331.3400,31748200
AAPL,2026-09-16,332.5300,335.4800,330.7000,332.4100,35981000
AAPL,2026-09-17,334.7700,338.3400,330.1800,337.0000,36700200
AAPL,2026-09-18,337.9100,338.4900,332.5300,336.1300,86588200
AAPL,2026-09-21,335.2800,339.6400,333.0500,338.9800,34999200
AAPL,2026-09-22,340.1400,345.3400,338.7500,339.7500,40711800
NVDA,2024-09-19,117.3500,119.6600,117.2500,117.8700,293506400
NVDA,2024-09-20,117.0600,118.6200,115.3900,116.0000,382462400
NVDA,2024-09-23,116.5500,116.9900,114.8600,116.2600,206228500
NVDA,2024-09-24,116.5200,121.8000,115.3800,120.8700,354966800
NVDA,2024-09-25,122.0200,124.9400,121.6100,123.5100,284692900
NVDA,2024-09-26,126.8000,127.6700,121.8000,124.0400,302582900
NVDA,2024-09-27,123.9700,124.0300,119.2600,121.4000,271009200
NVDA,2024-09-30,118.3100,121.5000,118.1500,121.4400,226553700
NVDA,2024-10-01,121.7700,122.4400,115.7900,117.0000,302094500
NVDA,2024-10-02,116.4400,119.3800,115.1400,118.8500,221845900
NVDA,2024-10-03,120.9200,124.3600,120.3400,122.8500,277118000
NVDA,2024-10-04,124.9400,125.0400,121.8300,124.9200,243678100
NVDA,2024-10-07,124.9900,130.6400,124.9500,127.7200,346250200
NVDA,2024-10-08,130.2600,133.4800,129.4200,132.8900,285722500
NVDA,2024-10-09,134.1100,134.5200,131.3800,132.6500,246191600
NVDA,2024-10-10,131.9100,135.0000,131.0000,134.8100,242311300
NVDA,2024-10-11,134.0100,135.7800,133.6600,134.8000,170209500
NVDA,2024-10-14,136.4700,139.6000,136.3000,138.0700,232347700
NVDA,2024-10-15,137.8700,138.5700,128.7400,131.6000,377831000
NVDA,2024-10-16,133.9800,136.6200,131.5800,135.7200,264879700
NVDA,2024-10-17,139.3400,140.8900,136.8700,136.9300,306435900
NVDA,2024-10-18,138.6700,138.9000,137.2800,138.0000,176090200
NVDA,2024-10-21,138.1300,143.7100,138.0000,143.7100,264554500
NVDA,2024-10-22,142.9100,144.4200,141.7800,143.5900,226311600
NVDA,2024-10-23,142.0300,142.4300,137.4600,139.5600,285930000
NVDA,2024-10-24,140.8200,141.3500,138.4600,140.4100,172354900
NVDA,2024-10-25,140.9300,144.1300,140.8000,141.5400,205122100
NVDA,2024-10-28,143.0000,143.1400,140.0500,140.5200,173586700
NVDA,2024-10-29,140.2900,142.2600,138.9000,141.2500,157593600
NVDA,2024-10-30,139.5400,140.3300,136.8100,139.3400,179418100
NVDA,2024-10-31,137.6000,137.6100,132.1100,132.7600,270039600
NVDA,2024-11-01,134.7000,137.3100,134.5700,135.4000,207127800
NVDA,2024-11-04,137.2100,138.9600,135.5700,136.0500,187528200
NVDA,2024-11-05,137.4500,140.3700,137.3300,139.9100,160537400
NVDA,2024-11-06,142.9600,146.4900,141.9600,145.6100,242043900
NVDA,2024-11-07,146.3900,148.9300,146.1700,148.8800,207323300
NVDA,2024-11-08,148.7700,149.7700,146.2600,147.6300,175665800
NVDA,2024-11-11,148.6800,148.8500,143.5700,145.2600,182325600
NVDA,2024-11-12,146.7800,149.6500,146.0100,148.2900,198634700
NVDA,2024-11-13,149.0700,149.3300,145.9000,146.2700,191903300
NVDA,2024-11-14,147.6400,149.0000,145.5500,146.7600,194463300
NVDA,2024-11-15,144.8700,145.2400,140.0800,141.9800,250132900
NVDA,2024-11-18,139.5000,141.5500,137.1500,140.1500,221205300
NVDA,2024-11-19,141.3200,147.1300,140.9900,147.0100,227834900
NVDA,2024-11-20,147.4100,147.5600,142.7300,145.8900,309871700
NVDA,2024-11-21,149.3500,152.8900,140.7000,146.6700,400946600
NVDA,2024-11-22,145.9300,147.1600,141.1000,141.9500,236406200
NVDA,2024-11-25,141.9900,142.0500,135.8200,136.0200,344941900
NVDA,2024-11-26,137.7000,139.3000,135.6700,136.9200,190287700
NVDA,2024-11-27,135.0100,137.2200,131.8000,135.3400,226370900
NVDA,2024-11-29,136.7800,139.3500,136.0500,138.2500,141863200
NVDA,2024-12-02,138.8300,140.4500,137.8200,138.6300,171682800
NVDA,2024-12-03,138.2600,140.5400,137.9500,140.2600,164414000
NVDA,2024-12-04,142.0000,145.7900,140.2900,145.1400,231224300
NVDA,2024-12-05,145.1100,146.5400,143.9500,145.0600,172621200
NVDA,2024-12-06,144.6000,145.7000,141.3100,142.4400,188505600
NVDA,2024-12-09,138.9700,139.9500,137.1300,138.8100,189308600
NVDA,2024-12-10,139.0100,141.8200,133.7900,135.0700,210020900
NVDA,2024-12-11,137.3600,140.1700,135.2100,139.3100,184905200
NVDA,2024-12-12,137.0800,138.4400,135.8000,137.3400,159211400
NVDA,2024-12-13,138.9400,139.6000,132.5400,134.2500,231514900
NVDA,2024-12-16,134.1800,134.4000,130.4200,132.0000,237951100
NVDA,2024-12-17,129.0900,131.5900,126.8600,130.3900,259410300
NVDA,2024-12-18,133.8600,136.7000,128.2800,128.9100,277444500
NVDA,2024-12-19,131.7600,134.0300,129.5500,130.6800,209719200
NVDA,2024-12-20,129.8100,135.2800,128.2200,134.7000,306528600
NVDA,2024-12-23,136.2800,139.7900,135.1200,139.6700,176053500
NVDA,2024-12-24,140.0000,141.9000,138.6500,140.2200,105157000
NVDA,2024-12-26,139.7000,140.8500,137.7300,139.9300,116205600
NVDA,2024-12-27,138.5500,139.0200,134.7100,137.0100,170582600
NVDA,2024-12-30,134.8300,140.2700,134.0200,137.4900,167734700
NVDA,2024-12-31,138.0300,138.0700,133.8300,134.2900,155659200
NVDA,2025-01-02,136.0000,138.8800,134.6300,138.3100,198247200
NVDA,2025-01-03,140.0100,144.9000,139.7300,144.4700,229322500
NVDA,2025-01-06,148.5900,152.1600,147.8200,149.4300,265377400
NVDA,2025-01-07,153.0300,153.1300,140.0100,140.1400,351782200
NVDA,2025-01-08,142.5800,143.9500,137.5600,140.1100,227349900
NVDA,2025-01-10,137.4500,139.9200,134.2200,135.9100,207602500
NVDA,2025-01-13,129.9900,133.4900,129.5100,133.2300,204808900
NVDA,2025-01-14,136.0500,136.3800,130.0500,131.7600,195590500
NVDA,2025-01-15,133.6500,136.4500,131.2900,136.2400,185217300
NVDA,2025-01-16,138.6400,138.7500,133.4900,133.5700,209235600
NVDA,2025-01-17,136.6900,138.5000,135.4600,137.7100,201188800
NVDA,2025-01-21,139.1600,141.8300,137.0900,140.8300,197749000
NVDA,2025-01-22,144.6600,147.7900,143.6700,147.0700,237651400
NVDA,2025-01-23,145.0500,147.2300,143.7200,147.2200,155915500
NVDA,2025-01-24,148.3700,148.9700,141.8800,142.6200,234657600
NVDA,2025-01-27,124.8000,128.4000,116.7000,118.4200,818830900
NVDA,2025-01-28,121.8100,129.0000,116.2500,128.9900,579666400
NVDA,2025-01-29,126.5000,126.8900,120.0500,123.7000,467120600
NVDA,2025-01-30,123.1000,125.0000,118.1000,124.6500,392925500
NVDA,2025-01-31,123.7800,127.8500,119.1900,120.0700,388161100
NVDA,2025-02-03,114.7500,118.5700,113.0100,116.6600,371235700
NVDA,2025-02-04,116.9600,121.2000,116.7000,118.6500,256550000
NVDA,2025-02-05,121.7600,125.0000,120.7600,124.8300,262230800
NVDA,2025-02-06,127.4200,128.7700,125.2100,128.6800,251483600
NVDA,2025-02-07,129.2200,130.3700,125.0000,129.8400,228186300
NVDA,2025-02-10,130.0900,135.0000,129.9600,133.5700,216989100
NVDA,2025-02-11,132.5800,134.4800,131.0200,132.8000,178902400
NVDA,2025-02-12,130.0200,132.2400,129.0800,131.1400,160278600
NVDA,2025-02-13,131.5600,136.5000,131.1700,135.2900,197430000
NVDA,2025-02-14,136.4800,139.2500,135.5000,138.8500,195479600
NVDA,2025-02-18,141.2700,143.4400,137.9300,139.4000,219176600
NVDA,2025-02-19,139.5100,141.3600,137.2200,139.2300,167536000
NVDA,2025-02-20,140.0300,140.6600,136.7900,140.1100,143903600
NVDA,2025-02-21,140.0400,141.4600,134.0300,134.4300,228217600
NVDA,2025-02-24,136.5600,138.5900,130.0800,130.2800,251381100
NVDA,2025-02-25,129.9800,130.2000,124.4400,126.6300,271428700
NVDA,2025-02-26,129.9900,133.7300,128.4900,131.2800,322553800
NVDA,2025-02-27,135.0000,135.0100,120.0100,120.1500,443175800
NVDA,2025-02-28,118.0200,125.0900,116.4000,124.9200,389091100
NVDA,2025-03-03,123.5100,123.7000,112.2800,114.0600,411381400
NVDA,2025-03-04,110.6500,119.3100,110.1100,115.9900,398163300
NVDA,2025-03-05,117.5800,118.2800,114.5100,117.3000,284337900
NVDA,2025-03-06,113.5300,115.3500,110.2200,110.5700,321181900
NVDA,2025-03-07,111.2500,113.4800,107.5600,112.6900,341755500
NVDA,2025-03-10,109.9000,111.8500,105.4600,106.9800,366487400
NVDA,2025-03-11,106.9900,112.2400,104.7700,108.7600,354865700
NVDA,2025-03-12,114.1200,116.7600,112.8800,115.7400,323857500
NVDA,2025-03-13,117.0300,117.7600,113.7900,115.5800,299033100
NVDA,2025-03-14,118.6100,121.8800,118.1500,121.6700,277593500
NVDA,2025-03-17,122.7400,122.8900,118.0300,119.5300,255501500
NVDA,2025-03-18,118.0000,119.0200,114.5400,115.4300,299686900
NVDA,2025-03-19,117.2700,120.4500,115.6800,117.5200,273426200
NVDA,2025-03-20,116.5500,120.2000,116.4700,118.5300,248829700
NVDA,2025-03-21,116.9400,117.9900,115.4200,117.7000,266498500
NVDA,2025-03-24,119.8800,122.2200,119.3400,121.4100,228452500
NVDA,2025-03-25,120.5500,121.2900,118.9200,120.6900,167447200
NVDA,2025-03-26,118.7300,118.8400,112.7100,113.7600,293463300
NVDA,2025-03-27,111.3500,114.4500,110.6600,111.4300,236902100
NVDA,2025-03-28,111.4900,112.8700,109.0700,109.6700,229872500
NVDA,2025-03-31,105.1300,110.9600,103.6500,108.3800,299212700
NVDA,2025-04-01,108.5200,110.2000,106.4700,110.1500,222614000
NVDA,2025-04-02,107.2900,111.9800,106.7900,110.4200,220601200
NVDA,2025-04-03,103.5100,105.6300,101.6000,101.8000,338769400
NVDA,2025-04-04,98.9100,100.1300,92.1100,94.3100,532273800
NVDA,2025-04-07,87.4600,101.7500,86.6200,97.6400,611041300
NVDA,2025-04-08,103.8100,105.8500,94.4600,96.3000,476243400
NVDA,2025-04-09,98.8900,115.1000,97.5300,114.3300,612918300
NVDA,2025-04-10,109.3700,110.8600,99.1500,107.5700,437812400
NVDA,2025-04-11,108.5000,111.5500,107.4800,110.9300,313417300
NVDA,2025-04-14,114.1100,114.2900,109.0700,110.7100,264705000
NVDA,2025-04-15,110.9700,113.6200,110.5000,112.2000,228966900
NVDA,2025-04-16,104.5500,106.7900,100.4500,104.4900,397016900
NVDA,2025-04-17,104.4500,104.4700,100.0500,101.4900,292517500
NVDA,2025-04-21,98.7700,99.4400,95.0400,96.9100,288501100
NVDA,2025-04-22,98.7800,99.8100,97.2800,98.8900,241004800
NVDA,2025-04-23,104.5200,104.8000,102.0200,102.7100,247526000
NVDA,2025-04-24,103.4800,106.5400,103.1100,106.4300,220815000
NVDA,2025-04-25,106.8500,111.9200,105.7300,111.0100,251064700
NVDA,2025-04-28,109.6900,110.3700,106.0200,108.7300,207708500
NVDA,2025-04-29,107.6700,110.2000,107.4400,109.0200,170444300
NVDA,2025-04-30,104.4700,108.9200,104.0800,108.9200,235044600
NVDA,2025-05-01,113.0800,114.9400,111.3000,111.6100,236121500
NVDA,2025-05-02,114.1800,115.4000,113.3700,114.5000,190194800
NVDA,2025-05-05,112.9100,114.6700,112.6600,113.8200,133163200
NVDA,2025-05-06,111.4800,114.7400,110.8200,113.5400,158525600
NVDA,2025-05-07,113.0500,117.6800,112.2800,117.0600,206758800
NVDA,2025-05-08,118.2500,118.6800,115.8500,117.3700,198428100
NVDA,2025-05-09,117.3500,118.2300,115.2100,116.6500,132972200
NVDA,2025-05-12,121.9700,123.0000,120.2800,123.0000,225023300
NVDA,2025-05-13,124.9800,131.2200,124.4700,129.9300,330430100
NVDA,2025-05-14,133.2000,135.4400,131.6800,135.3400,281180800
NVDA,2025-05-15,134.2900,136.3000,132.6600,134.8300,226632600
NVDA,2025-05-16,136.2200,136.3500,133.4600,135.4000,226542500
NVDA,2025-05-19,132.3900,135.8700,132.3900,135.5700,193154600
NVDA,2025-05-20,134.2900,134.5800,132.6200,134.3800,161514200
NVDA,2025-05-21,133.0600,137.4000,130.5900,131.8000,270608700
NVDA,2025-05-22,132.2300,134.2500,131.5500,132.8300,187344000
NVDA,2025-05-23,130.0000,132.6800,129.1600,131.2900,198821300
NVDA,2025-05-27,134.1500,135.6600,133.3100,135.5000,192953600
NVDA,2025-05-28,136.0300,137.2500,134.7900,134.8100,304021100
NVDA,2025-05-29,142.2500,143.4900,137.9100,139.1900,369241900
NVDA,2025-05-30,138.7200,139.6200,132.9200,135.1300,333170900
NVDA,2025-06-02,135.4900,138.1200,135.4000,137.3800,197663100
NVDA,2025-06-03,138.7800,142.0000,137.9500,141.2200,225578800
NVDA,2025-06-04,142.1900,142.3900,139.5400,141.9200,167120800
NVDA,2025-06-05,142.1700,144.0000,138.8300,139.9900,231397900
NVDA,2025-06-06,142.5100,143.2700,141.5100,141.7200,153986200
NVDA,2025-06-09,143.1900,145.0000,141.9400,142.6300,185114500
NVDA,2025-06-10,142.6900,144.2900,141.5300,143.9600,155881900
NVDA,2025-06-11,144.6100,144.9900,141.8700,142.8300,167694000
NVDA,2025-06-12,141.9700,145.0000,141.8500,145.0000,162365000
NVDA,2025-06-13,142.4800,143.5800,140.8500,141.9700,180820600
NVDA,2025-06-16,143.3500,146.1800,143.2000,144.6900,183133700
NVDA,2025-06-17,144.4900,145.2200,143.7800,144.1200,139108000
NVDA,2025-06-18,144.0100,145.6500,143.1200,145.4800,161494100
NVDA,2025-06-20,145.4500,146.2000,142.6500,143.8500,242956200
NVDA,2025-06-23,142.5000,144.7800,142.0300,144.1700,154308900
NVDA,2025-06-24,145.5600,147.9600,145.5000,147.9000,187566100
NVDA,2025-06-25,149.2700,154.4500,149.2600,154.3100,269146500
NVDA,2025-06-26,155.9800,156.7200,154.0000,155.0200,198145700
NVDA,2025-06-27,156.0400,158.7100,155.2600,157.7500,263234500
NVDA,2025-06-30,158.4000,158.6600,155.9600,157.9900,194580300
NVDA,2025-07-01,156.2900,157.2000,151.4900,153.3000,213143600
NVDA,2025-07-02,152.9800,157.6000,152.9700,157.2500,171224100
NVDA,2025-07-03,158.3700,160.9800,157.7700,159.3400,143716100
NVDA,2025-07-07,158.2000,159.3100,157.3400,158.2400,140139000
NVDA,2025-07-08,159.3300,160.2200,158.3900,160.0000,138133000
NVDA,2025-07-09,161.2200,164.4200,161.1600,162.8800,183656400
NVDA,2025-07-10,164.3200,164.5000,161.6100,164.1000,167704100
NVDA,2025-07-11,163.7200,167.8900,163.4700,164.9200,193633300
NVDA,2025-07-14,165.3700,165.4900,162.0200,164.0700,136975800
NVDA,2025-07-15,171.1900,172.4000,169.2000,170.7000,230627400
NVDA,2025-07-16,171.0600,171.7500,168.9000,171.3700,158831500
NVDA,2025-07-17,172.0200,174.1600,170.8300,173.0000,160841100
NVDA,2025-07-18,173.6400,174.2500,171.2600,172.4100,146456400
NVDA,2025-07-21,172.7500,173.3800,171.0000,171.3800,123126100
NVDA,2025-07-22,171.3400,171.3900,164.5800,167.0300,193114300
NVDA,2025-07-23,169.5300,171.2600,167.9700,170.7800,154082200
NVDA,2025-07-24,172.4400,173.8300,171.3000,173.7400,128984600
NVDA,2025-07-25,173.6100,174.7200,172.9600,173.5000,122316800
NVDA,2025-07-28,174.0200,177.0000,173.9700,176.7500,140023500
NVDA,2025-07-29,177.9600,179.3800,175.0200,175.5100,154077500
NVDA,2025-07-30,176.5100,179.8900,176.0400,179.2700,174312200
NVDA,2025-07-31,182.9000,183.3000,175.9300,177.8700,221685400
NVDA,2025-08-01,174.0900,176.5400,170.8900,173.7200,204529000
NVDA,2025-08-04,175.1600,180.2000,174.5200,180.0000,148174600
NVDA,2025-08-05,179.6200,180.2600,175.9000,178.2600,156407600
NVDA,2025-08-06,176.3300,179.9000,176.2500,179.4200,137192300
NVDA,2025-08-07,181.5700,183.8800,178.8000,180.7700,151878400
NVDA,2025-08-08,181.5500,183.3000,180.4000,182.7000,123396700
NVDA,2025-08-11,182.0500,183.8400,180.2500,182.0600,138323200
NVDA,2025-08-12,182.9600,184.4800,179.4600,183.1600,145485700
NVDA,2025-08-13,182.6200,183.9700,179.3500,181.5900,179871700
NVDA,2025-08-14,179.7500,183.0200,179.4600,182.0200,129554000
NVDA,2025-08-15,181.8800,181.9000,178.0400,180.4500,156602200
NVDA,2025-08-18,180.6000,182.9400,180.5900,182.0100,132008000
NVDA,2025-08-19,182.4300,182.5000,175.4900,175.6400,185229200
NVDA,2025-08-20,175.1700,176.0000,168.8000,175.4000,215142700
NVDA,2025-08-21,174.8500,176.9000,173.8100,174.9800,140040900
NVDA,2025-08-22,172.6100,178.5900,171.2000,177.9900,172789400
NVDA,2025-08-25,178.3500,181.9100,176.5700,179.8100,163012800
NVDA,2025-08-26,180.0600,182.3900,178.8100,181.7700,168688200
NVDA,2025-08-27,181.9800,182.4900,179.1000,181.6000,235518900
NVDA,2025-08-28,180.8200,184.4700,176.4100,180.1700,281787800
NVDA,2025-08-29,178.1100,178.1500,173.1500,174.1800,243257900
NVDA,2025-09-02,170.0000,172.3800,167.2200,170.7800,231164900
NVDA,2025-09-03,171.0600,172.4100,168.8800,170.6200,164424900
NVDA,2025-09-04,170.5700,171.8600,169.4100,171.6600,141670100
NVDA,2025-09-05,168.0300,169.0300,164.0700,167.0200,224441400
NVDA,2025-09-08,167.5500,170.9600,167.3500,168.3100,163769100
NVDA,2025-09-09,169.0900,170.9800,166.7400,170.7600,157548400
NVDA,2025-09-10,176.6400,179.2900,175.4700,177.3300,226852000
NVDA,2025-09-11,179.6800,180.2800,176.4800,177.1700,151159300
NVDA,2025-09-12,177.7700,178.6000,176.4500,177.8200,124911000
NVDA,2025-09-15,175.6700,178.8500,174.5100,177.7500,147061600
NVDA,2025-09-16,177.0000,177.5000,174.3800,174.8800,140737800
NVDA,2025-09-17,172.6400,173.2000,168.4100,170.2900,211843800
NVDA,2025-09-18,173.9800,177.1000,172.9600,176.2400,191763300
NVDA,2025-09-19,175.7700,178.0800,175.1800,176.6700,237182100
NVDA,2025-09-22,175.3000,184.5500,174.7100,183.6100,269637000
NVDA,2025-09-23,181.9700,182.4200,176.2100,178.4300,192559600
NVDA,2025-09-24,179.7700,179.7800,175.4000,176.9700,143564100
NVDA,2025-09-25,174.4800,180.2600,173.1300,177.6900,191586700
NVDA,2025-09-26,178.1700,179.7700,174.9300,178.1900,148573700
NVDA,2025-09-29,180.4300,184.0000,180.3200,181.8500,193063500
NVDA,2025-09-30,182.0800,187.3500,181.4800,186.5800,236981000
NVDA,2025-10-01,185.2400,188.1400,183.9000,187.2400,173844900
NVDA,2025-10-02,189.6000,191.0500,188.0600,188.8900,136805800
NVDA,2025-10-03,189.1900,190.3600,185.3800,187.6200,137596900
NVDA,2025-10-06,185.5000,187.2300,183.3300,185.5400,157678100
NVDA,2025-10-07,186.2300,189.0600,184.0000,185.0400,140088000
NVDA,2025-10-08,186.5700,189.6000,186.5400,189.1100,130168900
NVDA,2025-10-09,192.2300,195.3000,191.0600,192.5700,182997200
NVDA,2025-10-10,193.5100,195.6200,182.0500,183.1600,268774400
NVDA,2025-10-13,187.9700,190.1100,185.9600,188.3200,153482800
NVDA,2025-10-14,184.7700,184.8000,179.7000,180.0300,205641400
NVDA,2025-10-15,184.8000,184.8700,177.2900,179.8300,214450500
NVDA,2025-10-16,182.2300,183.2800,179.7700,181.8100,179723300
NVDA,2025-10-17,180.1800,184.1000,179.7500,183.2200,173135200
NVDA,2025-10-20,183.1300,185.2000,181.7300,182.6400,128544700
NVDA,2025-10-21,182.7900,182.7900,179.8000,181.1600,124240200
NVDA,2025-10-22,181.1400,183.4400,176.7600,180.2800,162249600
NVDA,2025-10-23,180.4200,183.0300,179.7900,182.1600,111363700
NVDA,2025-10-24,183.8400,187.4700,183.5000,186.2600,131296700
NVDA,2025-10-27,189.9900,192.0000,188.4300,191.4900,153452700
NVDA,2025-10-28,193.0500,203.1500,191.9100,201.0300,297986200
NVDA,2025-10-29,207.9800,212.1900,204.7800,207.0400,308829600
NVDA,2025-10-30,205.1500,206.1600,201.4100,202.8900,178864400
NVDA,2025-10-31,206.4500,207.9700,202.0700,202.4900,179802200
NVDA,2025-11-03,208.0800,211.3400,205.5600,206.8800,180267300
NVDA,2025-11-04,203.0000,203.9700,197.9300,198.6900,188919300
NVDA,2025-11-05,198.7700,202.9200,194.6500,195.2100,171350300
NVDA,2025-11-06,196.4200,197.6200,186.3800,188.0800,223029800
NVDA,2025-11-07,184.9000,188.3200,178.9100,188.1500,264942300
NVDA,2025-11-10,195.1100,199.9400,193.7900,199.0500,198897100
NVDA,2025-11-11,195.1600,195.4200,191.3000,193.1600,176483300
NVDA,2025-11-12,195.7200,195.8900,191.1300,193.8000,154935300
NVDA,2025-11-13,191.0500,191.4400,183.8500,186.8600,207423100
NVDA,2025-11-14,182.8600,191.0100,180.5800,190.1700,186591900
NVDA,2025-11-17,185.9700,189.0000,184.3200,186.6000,173628900
NVDA,2025-11-18,183.3800,184.8000,179.6500,181.3600,213598900
NVDA,2025-11-19,184.7900,187.8600,182.8300,186.5200,247246400
NVDA,2025-11-20,195.9500,196.0000,179.8500,180.6400,343504800
NVDA,2025-11-21,181.2400,184.5600,172.9300,178.8800,346926200
NVDA,2025-11-24,179.4900,183.5000,176.4800,182.5500,256618300
NVDA,2025-11-25,174.9100,178.1600,169.5500,177.8200,320600300
NVDA,2025-11-26,181.6300,182.9100,178.2400,180.2600,183852000
NVDA,2025-11-28,179.0100,179.2900,176.5000,177.0000,121332800
NVDA,2025-12-01,174.7600,180.3000,173.6800,179.9200,188131000
NVDA,2025-12-02,181.7600,185.6600,180.0000,181.4600,182632200
NVDA,2025-12-03,181.0800,182.4500,179.1100,179.5900,165138000
NVDA,2025-12-04,181.6200,184.5200,179.9600,183.3800,167364900
NVDA,2025-12-05,183.8900,184.6600,180.9100,182.4100,143971100
NVDA,2025-12-08,182.6400,188.0000,182.4000,185.5500,204378100
NVDA,2025-12-09,185.5600,185.7200,183.3200,184.9700,144719700
NVDA,2025-12-10,184.9700,185.4800,182.0400,183.7800,162785400
NVDA,2025-12-11,180.2800,181.3200,176.6200,180.9300,182136600
NVDA,2025-12-12,181.1100,182.8200,174.6200,175.0200,204274900
NVDA,2025-12-15,177.9400,178.4200,175.0300,176.2900,164775600
NVDA,2025-12-16,176.2600,178.4900,174.9000,177.7200,148588100
NVDA,2025-12-17,176.1000,176.1300,170.3100,170.9400,222775500
NVDA,2025-12-18,174.5300,176.1500,171.8200,174.1400,176096000
NVDA,2025-12-19,176.6700,181.4500,176.3400,180.9900,324925900
NVDA,2025-12-22,183.9200,184.1600,182.3500,183.6900,129064400
NVDA,2025-12-23,182.9700,189.3300,182.9000,189.2100,174873600
NVDA,2025-12-24,187.9400,188.9100,186.5900,188.6100,65528500
NVDA,2025-12-26,189.9200,192.6900,188.0000,190.5300,139740300
NVDA,2025-12-29,187.7100,188.7600,185.9100,188.2200,120006100
NVDA,2025-12-30,188.2400,188.9900,186.9300,187.5400,97687300
NVDA,2025-12-31,189.5700,190.5600,186.4900,186.5000,120100500
NVDA,2026-01-02,189.8400,192.9300,188.2600,188.8500,148240500
NVDA,2026-01-05,191.7600,193.6300,186.1500,188.1200,183529700
NVDA,2026-01-06,190.5200,192.1700,186.8200,187.2400,176862600
NVDA,2026-01-07,188.5700,191.3700,186.5600,189.1100,153543200
NVDA,2026-01-08,189.1100,189.5500,183.7100,185.0400,172457000
NVDA,2026-01-09,185.0800,186.3400,183.6700,184.8600,131327500
NVDA,2026-01-12,183.2200,187.1200,183.0200,184.9400,137968500
NVDA,2026-01-13,185.0000,188.1100,183.4000,185.8100,160128900
NVDA,2026-01-14,184.3200,184.4600,180.8000,183.1400,159586100
NVDA,2026-01-15,186.5000,189.7000,186.3300,187.0500,206188600
NVDA,2026-01-16,189.0800,190.4400,186.0800,186.2300,187967200
NVDA,2026-01-20,181.9000,182.3800,177.6100,178.0700,223345300
NVDA,2026-01-21,179.0500,185.3800,178.4000,183.3200,200381000
NVDA,2026-01-22,184.7500,186.1700,183.9300,184.8400,139636600
NVDA,2026-01-23,187.5000,189.6000,186.8200,187.6700,142748100
NVDA,2026-01-26,187.1600,189.1200,185.9900,186.4700,124799600
NVDA,2026-01-27,187.2400,190.0000,185.7000,188.5200,143711600
NVDA,2026-01-28,191.2700,192.3500,189.8400,191.5200,148552700
NVDA,2026-01-29,191.3400,193.4800,186.0600,192.5100,171764400
NVDA,2026-01-30,191.2100,194.4900,189.4700,191.1300,179489500
NVDA,2026-02-02,187.2000,190.3000,184.8800,185.6100,165794100
NVDA,2026-02-03,186.2400,186.2700,176.2300,180.3400,204019600
NVDA,2026-02-04,179.4600,179.5800,171.9100,174.1900,207014100
NVDA,2026-02-05,174.9300,176.8200,171.0300,171.8800,206312900
NVDA,2026-02-06,176.6900,187.0000,174.6000,185.4100,231346200
NVDA,2026-02-09,184.2600,193.6600,183.9500,190.0400,196387400
NVDA,2026-02-10,191.3800,192.4800,188.1200,188.5400,136764800
NVDA,2026-02-11,192.4500,193.2600,188.7700,190.0500,144192700
NVDA,2026-02-12,193.0300,193.6100,186.5100,186.9400,189932500
NVDA,2026-02-13,187.4800,187.5000,181.5900,182.8100,161888000
NVDA,2026-02-17,181.7500,187.1500,179.1800,184.9700,162276900
NVDA,2026-02-18,188.7500,190.3700,186.7600,187.9800,164749100
NVDA,2026-02-19,187.0600,188.4300,185.6600,187.9000,126554500
NVDA,2026-02-20,186.5700,190.3300,185.9400,189.8200,178422300
NVDA,2026-02-23,191.4000,193.9500,189.5800,191.5500,171584800
NVDA,2026-02-24,191.4900,193.7700,187.4000,192.8500,175123600
NVDA,2026-02-25,194.4500,197.6300,193.7900,195.5600,250637100
NVDA,2026-02-26,194.2700,194.2900,184.3200,184.8900,360807900
NVDA,2026-02-27,181.2500,182.5900,176.3800,177.1900,311636500
NVDA,2026-03-02,175.0100,183.4600,174.6400,182.4800,209095300
NVDA,2026-03-03,178.4900,180.9000,176.9200,180.0500,178099400
NVDA,2026-03-04,180.4400,184.7000,180.0600,183.0400,177731200
NVDA,2026-03-05,181.1700,184.0600,177.8800,183.3400,198779700
NVDA,2026-03-06,179.8400,182.7600,176.8200,177.8200,189021900
NVDA,2026-03-09,176.8300,182.9100,175.5600,182.6500,177213600
NVDA,2026-03-10,182.4000,186.4400,182.0100,184.7700,179118500
NVDA,2026-03-11,185.9100,187.6200,184.4500,186.0300,145280400
NVDA,2026-03-12,184.0500,184.9400,181.7500,183.1400,155762700
NVDA,2026-03-13,184.9200,186.0900,179.9400,180.2500,160988400
NVDA,2026-03-16,182.9700,188.8800,181.4100,183.2200,217307400
NVDA,2026-03-17,185.0600,185.4000,181.6800,181.9300,182497800
NVDA,2026-03-18,182.4800,183.3800,180.3300,180.4000,156683100
NVDA,2026-03-19,178.0100,179.9800,175.7900,178.5600,170968500
NVDA,2026-03-20,178.0000,178.2600,171.7200,172.7000,241323500
NVDA,2026-03-23,177.2600,178.3700,174.7600,175.6400,182836300
NVDA,2026-03-24,174.8300,176.2200,173.9800,175.2000,147667800
NVDA,2026-03-25,177.1000,181.2200,176.8500,178.6800,162602100
NVDA,2026-03-26,176.0700,176.5100,171.1400,171.2400,186152200
NVDA,2026-03-27,170.0000,170.9700,167.0100,167.5200,196212700
NVDA,2026-03-30,168.7800,169.4500,164.2700,165.1700,185627000
NVDA,2026-03-31,166.9700,174.6200,166.9600,174.4000,226181300
NVDA,2026-04-01,176.0000,177.3700,174.7500,175.7500,168132000
NVDA,2026-04-02,172.1800,177.4900,171.3700,177.3900,143143200
NVDA,2026-04-06,177.1600,177.7900,175.7600,177.6400,107564300
NVDA,2026-04-07,175.7300,178.2300,173.6600,178.1000,132534900
NVDA,2026-04-08,184.5000,185.2600,180.3000,182.0800,147732700
NVDA,2026-04-09,181.8400,184.0800,180.6200,183.9100,116428500
NVDA,2026-04-10,184.3100,190.0000,184.3000,188.6300,160459500
NVDA,2026-04-13,186.0300,189.6600,185.7400,189.3100,133648200
NVDA,2026-04-14,190.8400,196.5100,190.7700,196.5100,161307000
NVDA,2026-04-15,196.5400,200.4000,195.7400,198.8700,185338400
NVDA,2026-04-16,197.4300,199.8500,195.8100,198.3500,134012900
NVDA,2026-04-17,199.9000,201.7000,199.2700,201.6800,160324400
NVDA,2026-04-20,199.9800,202.1700,197.8400,202.0600,119381400
NVDA,2026-04-21,202.1300,202.7500,199.0000,199.8800,107945300
NVDA,2026-04-22,200.9900,202.5000,199.0000,202.5000,107501000
NVDA,2026-04-23,202.4600,203.8300,197.2200,199.6400,113561800
NVDA,2026-04-24,199.9600,210.9500,199.8100,208.2700,214134400
NVDA,2026-04-27,209.6500,216.8300,207.3800,216.6100,187172400
NVDA,2026-04-28,209.4900,214.7300,208.2000,213.1700,180275400
NVDA,2026-04-29,212.7000,212.7200,207.5800,209.2500,123711800
NVDA,2026-04-30,209.9300,210.3000,198.7000,199.5700,225239200
NVDA,2026-05-01,201.2800,203.0000,197.1200,198.4500,128647000
NVDA,2026-05-04,199.5000,201.7300,194.7400,198.4800,125368100
NVDA,2026-05-05,199.3000,200.2400,196.0300,196.5000,113406600
NVDA,2026-05-06,199.8900,208.2700,198.6100,207.8300,188362800
NVDA,2026-05-07,208.3400,214.2000,206.5000,211.5000,168307900
NVDA,2026-05-08,213.0300,217.8000,212.8900,215.2000,136421400
NVDA,2026-05-11,214.0400,222.3000,213.8900,219.4400,160685800
NVDA,2026-05-12,218.5500,223.7500,214.9200,220.7800,159176600
NVDA,2026-05-13,224.9300,227.8400,221.5700,225.8300,150405400
NVDA,2026-05-14,229.8500,236.5400,229.3000,235.7400,180782900
NVDA,2026-05-15,229.7600,231.5000,224.2400,225.3200,180977600
NVDA,2026-05-18,229.8700,230.0000,218.3700,222.3200,146280900
NVDA,2026-05-19,219.6200,224.4800,217.9100,220.6100,140948200
NVDA,2026-05-20,223.1800,226.1300,220.5000,223.4700,184201600
NVDA,2026-05-21,222.2900,227.4000,217.9300,219.5100,203381800
NVDA,2026-05-22,220.9000,221.0100,214.8000,215.3300,169275700
NVDA,2026-05-26,216.5400,218.1800,212.0000,214.8600,187202600
NVDA,2026-05-27,214.1200,214.1500,208.7800,212.6000,167601200
NVDA,2026-05-28,211.2800,215.5200,211.2200,214.2500,143996000
NVDA,2026-05-29,214.5800,217.8600,211.1300,211.1400,289410600
NVDA,2026-06-01,215.7300,224.8700,215.7000,224.3600,212850700
NVDA,2026-06-02,227.1800,232.2800,221.3500,222.8200,193362900
NVDA,2026-06-03,221.7200,222.8200,214.5100,214.7500,160907000
NVDA,2026-06-04,213.9100,221.6000,210.9700,218.6600,169022200
NVDA,2026-06-05,214.5300,214.8700,204.3300,205.1000,219655500
NVDA,2026-06-08,210.1800,210.4700,206.0000,208.6400,138372800
NVDA,2026-06-09,210.6200,211.4000,199.3400,208.1900,180962500
NVDA,2026-06-10,204.4300,207.2200,199.9200,200.4200,161746600
NVDA,2026-06-11,201.4900,205.6600,199.5400,204.8700,158643200
NVDA,2026-06-12,204.8600,207.0700,203.4400,205.1900,112001800
NVDA,2026-06-15,208.9200,212.7100,208.3400,212.4500,149936700
NVDA,2026-06-16,211.1800,211.4900,207.2900,207.4100,125694100
NVDA,2026-06-17,208.5300,209.2100,203.0800,204.6500,128363500
NVDA,2026-06-18,207.3300,211.3900,206.5000,210.6900,241272000
NVDA,2026-06-22,211.4400,213.9900,207.7200,208.6500,122041400
NVDA,2026-06-23,202.1700,203.7700,200.0000,200.0400,153496200
NVDA,2026-06-24,200.1200,201.6700,196.5800,199.0000,151810700
NVDA,2026-06-25,200.0800,200.8000,192.1300,195.7400,149550000
NVDA,2026-06-26,193.1200,195.5500,191.2200,192.5300,179304100
NVDA,2026-06-29,193.8500,196.1800,189.8000,194.9700,148835700
NVDA,2026-06-30,197.2400,200.6300,195.1100,200.0900,166476700
NVDA,2026-07-01,196.2000,199.8500,193.4500,197.5800,146147600
NVDA,2026-07-02,197.1400,200.0600,192.3500,194.8300,142068700
NVDA,2026-07-06,194.4200,197.5500,193.9900,195.5500,108999000
NVDA,2026-07-07,192.3700,198.4100,191.1400,196.9300,124154600
NVDA,2026-07-08,195.1800,205.1600,195.0600,204.1200,147419100
NVDA,2026-07-09,204.4600,204.5900,198.9600,202.7800,132037400
NVDA,2026-07-10,202.0000,211.0000,201.9200,210.9600,148421000
NVDA,2026-07-13,208.5400,210.5700,203.0000,203.5300,121411000
NVDA,2026-07-14,208.2000,212.5500,203.8000,211.8000,124379600
NVDA,2026-07-15,211.9600,213.8100,206.0400,212.5000,124797200
NVDA,2026-07-16,210.1700,211.0800,205.8500,207.4000,122986100
NVDA,2026-07-17,202.6400,206.6500,197.9700,202.8100,144281900
NVDA,2026-07-20,205.8700,207.7400,202.2800,203.2800,88701500
NVDA,2026-07-21,207.5400,208.6500,204.0100,207.2900,108685600
NVDA,2026-07-22,205.8100,214.3900,204.9500,212.0600,137645600
NVDA,2026-07-23,209.4600,210.8700,205.9600,208.7600,110505300
NVDA,2026-07-24,207.4500,211.9100,204.8100,206.8400,114836800
NVDA,2026-07-27,208.2000,208.7500,195.4400,196.5100,154353700
NVDA,2026-07-28,195.0000,198.7000,192.7400,197.0100,134111500
NVDA,2026-07-29,195.8500,197.0700,190.0100,190.0100,147680800
NVDA,2026-07-30,193.4500,197.2500,191.5200,195.0400,129010200
NVDA,2026-07-31,198.4400,202.0000,194.9500,200.7500,139961200
NVDA,2026-08-03,197.6900,208.7400,196.8500,206.6400,128406900
NVDA,2026-08-04,211.3000,213.0600,209.0500,211.9400,134922000
NVDA,2026-08-05,216.8600,222.2200,216.4000,219.2200,158187400
NVDA,2026-08-06,221.5300,223.6300,217.0000,218.9900,113940600
NVDA,2026-08-07,221.5400,224.7600,220.6600,223.9600,105669400
NVDA,2026-08-10,223.4000,224.1400,216.7700,217.5500,115846600
NVDA,2026-08-11,222.1700,222.2000,216.2000,217.5000,101273100
NVDA,2026-08-12,221.0400,225.1000,220.2000,224.0900,108783600
NVDA,2026-08-13,225.0600,227.2300,223.7100,225.3000,98867200
NVDA,2026-08-14,226.7700,227.4900,224.5000,225.1600,75680900
NVDA,2026-08-17,225.9800,227.9200,224.8600,225.0100,93678700
NVDA,2026-08-18,220.4500,221.6400,218.6900,219.7400,103128200
NVDA,2026-08-19,221.6700,222.8700,216.7600,217.5600,96797300
NVDA,2026-08-20,218.3600,219.8600,215.6600,216.8500,92457000
NVDA,2026-08-21,218.4200,218.7400,214.5000,214.7200,98869300
NVDA,2026-08-24,215.5300,215.5900,207.2500,208.4800,135187300
NVDA,2026-08-25,211.0300,214.7300,210.1100,213.0500,122309000
NVDA,2026-08-26,212.6400,213.6000,209.2300,209.6600,179900000
NVDA,2026-08-27,222.8600,230.4700,220.9000,227.9800,298909800
NVDA,2026-08-28,227.3600,229.2600,216.8100,217.5500,195116400
NVDA,2026-08-31,218.8700,221.3000,216.2100,220.7800,124702700
NVDA,2026-09-01,216.7500,220.4100,215.1000,217.4400,109756200
NVDA,2026-09-02,218.7900,227.9500,218.4800,224.4100,157104700
NVDA,2026-09-03,226.0200,230.4000,224.7500,228.4500,134681600
NVDA,2026-09-04,231.0900,234.7600,229.6300,230.3600,135352400
NVDA,2026-09-08,233.1100,233.7100,224.8500,225.7300,122965600
NVDA,2026-09-09,225.2800,226.1800,223.4600,223.6700,82955500
NVDA,2026-09-10,220.5300,220.9900,217.2000,218.3600,105768000
NVDA,2026-09-11,221.2400,222.0000,218.1500,218.2900,89060100
NVDA,2026-09-14,211.2400,212.7700,208.9300,210.9600,132267200
NVDA,2026-09-15,213.3800,213.9400,211.1600,212.1700,88059700
NVDA,2026-09-16,214.1400,216.7600,212.5000,213.9000,96563600
NVDA,2026-09-17,218.3800,219.9100,217.1500,219.3400,94191300
NVDA,2026-09-18,219.3500,222.7300,218.0300,222.2700,190287400
NVDA,2026-09-21,222.9400,228.5000,221.5600,227.3800,109806100
NVDA,2026-09-22,226.8500,229.9800,226.5000,228.8700,95746700
QQQ,2024-09-19,482.6100,486.2300,480.4900,483.3600,52782500
QQQ,2024-09-20,482.4900,483.6900,478.3000,482.4400,34577700
QQQ,2024-09-23,482.9500,484.1400,481.6000,483.0400,24843000
QQQ,2024-09-24,484.4600,486.3300,480.1700,485.3700,25952600
QQQ,2024-09-25,484.7400,487.7900,484.5600,485.8200,26549900
QQQ,2024-09-26,493.3700,493.7000,485.8000,489.4700,32020200
QQQ,2024-09-27,490.5000,490.6400,485.5600,486.7500,22851100
QQQ,2024-09-30,485.7800,488.4100,482.9200,488.0700,30281100
QQQ,2024-10-01,487.7000,488.0000,477.4000,481.2700,42735400
QQQ,2024-10-02,480.3600,483.8800,477.7200,481.9500,23744000
QQQ,2024-10-03,479.7400,484.5500,478.9900,481.5900,25337200
QQQ,2024-10-04,487.4500,487.8800,482.3900,487.3200,30686600
QQQ,2024-10-07,485.3900,486.5700,480.8700,482.1000,24975100
QQQ,2024-10-08,484.6600,489.9900,483.8500,489.3000,28272000
QQQ,2024-10-09,489.0000,493.7300,487.9500,493.1500,24995000
QQQ,2024-10-10,490.8500,494.4700,489.5300,492.5900,25750400
QQQ,2024-10-11,490.7400,494.3900,490.1700,493.3600,20644500
QQQ,2024-10-14,495.7700,498.8300,495.2600,497.5000,26060100
QQQ,2024-10-15,497.8300,498.5000,488.6800,490.8500,34784500
QQQ,2024-10-16,491.1800,491.6900,487.5700,490.9100,22996800
QQQ,2024-10-17,496.4400,496.4900,491.1900,491.2500,27210700
QQQ,2024-10-18,494.0600,495.5700,493.3000,494.4700,25335000
QQQ,2024-10-21,493.2500,496.2300,491.3100,495.4200,30336500
QQQ,2024-10-22,492.7300,497.4500,491.9700,495.9600,26685800
QQQ,2024-10-23,493.5900,494.2500,485.0500,488.3600,39346600
QQQ,2024-10-24,492.1100,493.0000,489.4400,492.3200,22024900
QQQ,2024-10-25,495.1400,500.2800,494.4300,495.3200,38762100
QQQ,2024-10-28,498.4600,498.5200,495.1000,495.4000,20477800
QQQ,2024-10-29,495.7200,501.3500,493.8500,500.1600,28014100
QQQ,2024-10-30,499.3900,500.3500,495.8900,496.3800,29756000
QQQ,2024-10-31,492.3800,492.4300,483.7500,483.8500,41245200
QQQ,2024-11-01,485.5000,490.7500,485.2000,487.4300,33655800
QQQ,2024-11-04,486.8200,489.3800,484.2500,486.0100,23291600
QQQ,2024-11-05,487.6100,492.8800,487.5200,492.2100,24353600
QQQ,2024-11-06,500.5600,506.4100,499.6000,505.5800,43082200
QQQ,2024-11-07,508.4000,514.3300,508.3400,513.5400,32853100
QQQ,2024-11-08,513.0400,514.9200,512.4100,514.1400,22924500
QQQ,2024-11-11,515.3700,515.5800,510.9200,513.8400,24167500
QQQ,2024-11-12,513.7700,514.6600,509.8300,512.9100,25835300
QQQ,2024-11-13,512.4000,514.9800,509.9500,512.2500,24567400
QQQ,2024-11-14,511.9100,512.7900,507.7700,508.6900,28679500
QQQ,2024-11-15,502.9400,503.3300,494.4900,496.5700,51461100
QQQ,2024-11-18,498.1300,502.1400,496.7300,500.0200,27080800
QQQ,2024-11-19,497.4200,503.9500,497.0800,503.4600,24523000
QQQ,2024-11-20,503.1600,503.4800,496.5600,503.1700,29565500
QQQ,2024-11-21,506.2400,506.9600,497.5600,504.9800,34526700
QQQ,2024-11-22,504.4200,506.5300,502.7800,505.7900,23826600
QQQ,2024-11-25,509.9000,511.4500,504.2600,506.5900,26375200
QQQ,2024-11-26,508.0800,510.1400,507.2300,509.3100,26557100
QQQ,2024-11-27,508.1700,508.2400,501.9300,505.3000,24957400
QQQ,2024-11-29,505.9300,510.3400,505.3100,509.7400,15334000
QQQ,2024-12-02,511.0100,516.2600,510.6200,515.2900,25147200
QQQ,2024-12-03,513.9500,517.1500,513.3700,516.8700,18597900
QQQ,2024-12-04,520.3200,523.5200,519.6000,523.2600,26086200
QQQ,2024-12-05,523.3100,524.0400,521.4200,521.8100,18169600
QQQ,2024-12-06,522.4800,526.7200,522.3500,526.4800,23762600
QQQ,2024-12-09,525.5500,526.3500,521.2200,522.3800,20674400
QQQ,2024-12-10,523.6200,525.3800,519.1600,520.6000,24350000
QQQ,2024-12-11,525.0000,530.6100,524.5900,529.9200,32168600
QQQ,2024-12-12,527.6800,528.9600,526.0200,526.5000,23577500
QQQ,2024-12-13,530.4600,533.1700,527.3000,530.5300,28780400
QQQ,2024-12-16,533.0800,539.1500,533.0000,538.1700,31979900
QQQ,2024-12-17,536.3600,537.4800,534.1300,535.8000,28579100
QQQ,2024-12-18,535.1500,536.8800,515.0100,516.4700,54703200
QQQ,2024-12-19,521.1900,521.7600,513.8300,514.1700,46441800
QQQ,2024-12-20,510.4400,524.8200,509.2900,518.6600,60530000
QQQ,2024-12-23,519.5500,523.2500,516.1300,522.8700,29672800
QQQ,2024-12-24,524.8300,530.0500,524.1900,529.9600,17558200
QQQ,2024-12-26,528.3200,531.2400,526.3100,529.6000,19090500
QQQ,2024-12-27,526.0100,526.4500,517.8600,522.5600,33839600
QQQ,2024-12-30,515.5100,519.3600,511.8300,515.6100,34584000
QQQ,2024-12-31,516.9000,517.6600,510.2600,511.2300,29117000
QQQ,2025-01-02,514.3000,516.6400,505.7100,510.2300,36389800
QQQ,2025-01-03,513.3500,519.6500,512.5300,518.5800,29059500
QQQ,2025-01-06,524.0200,527.9200,522.0300,524.5400,36109700
QQQ,2025-01-07,525.5900,525.9900,513.2800,515.1800,36690300
QQQ,2025-01-08,515.0800,516.9200,510.5700,515.2700,30777800
QQQ,2025-01-10,511.4800,511.5800,503.9200,507.1900,40532500
QQQ,2025-01-13,501.2000,506.0200,499.7000,505.5600,31694200
QQQ,2025-01-14,508.7400,510.1600,501.5900,505.0800,33737200
QQQ,2025-01-15,513.0300,517.8500,511.4600,516.7000,34957600
QQQ,2025-01-16,518.9800,519.0600,512.9500,513.0800,28229000
QQQ,2025-01-17,522.8500,524.0700,513.1100,521.7400,51837900
QQQ,2025-01-21,524.4800,525.9700,520.0600,524.8000,23628000
QQQ,2025-01-22,529.5700,533.8200,529.2600,531.5100,33593000
QQQ,2025-01-23,529.0400,532.7600,528.4500,532.6400,23096600
QQQ,2025-01-24,533.0200,533.7900,528.1500,529.6300,19878300
QQQ,2025-01-27,511.0000,517.9900,510.1500,514.2100,60771700
QQQ,2025-01-28,515.2200,523.0000,511.7800,521.8100,33194200
QQQ,2025-01-29,522.4600,522.5900,516.9000,520.8300,26649000
QQQ,2025-01-30,523.7100,526.1000,518.2100,523.0500,27431300
QQQ,2025-01-31,526.9200,531.5200,521.1900,522.2900,38755200
QQQ,2025-02-03,513.4700,520.8500,511.0500,518.1100,40580800
QQQ,2025-02-04,518.6300,525.1100,518.2300,524.4700,26046800
QQQ,2025-02-05,521.8200,527.0100,520.6200,526.8500,21134100
QQQ,2025-02-06,527.3600,529.8100,525.7400,529.6000,19434500
QQQ,2025-02-07,530.1400,532.1000,522.1900,522.9200,29605500
QQQ,2025-02-10,527.2200,530.3600,526.7500,529.2500,20852800
QQQ,2025-02-11,525.9600,529.9200,525.8300,527.9900,19325500
QQQ,2025-02-12,522.3000,529.1900,521.9500,528.3000,25009400
QQQ,2025-02-13,529.9800,536.2200,529.1900,535.9000,28714800
QQQ,2025-02-14,536.0100,538.8400,535.6700,538.1500,17862600
QQQ,2025-02-18,539.7300,540.0000,536.0400,539.3700,20565000
QQQ,2025-02-19,538.5700,540.8100,536.4600,539.5200,19666900
QQQ,2025-02-20,538.7300,539.1000,532.4600,537.2300,26550800
QQQ,2025-02-21,538.3800,538.4000,525.7100,526.0800,47093800
QQQ,2025-02-24,527.8800,529.0700,519.5300,519.8700,39268400
QQQ,2025-02-25,519.2400,519.3200,509.4400,513.3200,48940000
QQQ,2025-02-26,515.5300,519.6600,511.3700,514.5600,34457600
QQQ,2025-02-27,518.1300,519.0700,500.0500,500.2700,52448000
QQQ,2025-02-28,500.1300,508.7800,496.9300,508.1700,47654000
QQQ,2025-03-03,511.5200,513.0400,493.5800,497.0500,44587200
QQQ,2025-03-04,494.1800,503.7400,487.7400,495.5500,67875400
QQQ,2025-03-05,496.2000,503.6300,491.2600,502.0100,46323700
QQQ,2025-03-06,493.6900,498.5800,486.2000,488.2000,57574300
QQQ,2025-03-07,487.1600,493.2800,480.5300,491.7900,54714700
QQQ,2025-03-10,483.4500,483.9700,468.6600,472.7300,76668000
QQQ,2025-03-11,472.3500,478.8100,467.0100,471.6000,68760800
QQQ,2025-03-12,479.1600,481.0600,471.7900,476.9200,46971100
QQQ,2025-03-13,476.2500,476.2800,466.4300,468.3400,46563300
QQQ,2025-03-14,473.7300,480.5600,473.1200,479.6600,43563000
QQQ,2025-03-17,479.6100,485.8400,477.8000,482.7700,41744400
QQQ,2025-03-18,479.4100,479.6100,472.4100,474.5400,39072300
QQQ,2025-03-19,476.8100,485.3300,474.8700,480.8900,40430300
QQQ,2025-03-20,476.8800,484.5500,476.1800,479.2600,36780500
QQQ,2025-03-21,474.0800,481.6100,472.9100,480.8400,42234900
QQQ,2025-03-24,487.7400,491.5100,484.4000,490.6600,34567200
QQQ,2025-03-25,491.3900,493.6200,490.4200,493.4600,26035200
QQQ,2025-03-26,492.3000,493.1600,482.8200,484.3800,34627100
QQQ,2025-03-27,482.4100,486.5800,480.2500,481.6200,33469800
QQQ,2025-03-28,479.8100,480.5200,468.0500,468.9400,46363800
QQQ,2025-03-31,461.9200,469.8600,457.3300,468.9200,53000300
QQQ,2025-04-01,467.3000,473.6300,464.4200,472.7000,41156200
QQQ,2025-04-02,466.1200,479.5600,465.8600,476.1500,49894500
QQQ,2025-04-03,456.4400,460.0700,450.1400,450.6600,70456300
QQQ,2025-04-04,438.1400,440.3700,422.6700,422.6700,117088400
QQQ,2025-04-07,408.6600,443.1400,402.3900,423.6900,161557000
QQQ,2025-04-08,438.1600,443.1400,409.7900,416.0600,101248100
QQQ,2025-04-09,415.5700,467.8300,415.4300,466.0000,142876900
QQQ,2025-04-10,453.5600,455.5900,432.6300,446.1800,108384100
QQQ,2025-04-11,444.6500,455.7900,441.3300,454.4000,52483800
QQQ,2025-04-14,464.4600,465.0500,452.6300,457.4800,43941200
QQQ,2025-04-15,458.5400,462.3800,456.1500,457.9900,35404200
QQQ,2025-04-16,449.0300,452.6200,437.7600,444.1800,48980600
QQQ,2025-04-17,447.1700,447.7500,441.3600,444.1000,44837000
QQQ,2025-04-21,438.2300,439.0800,427.9300,433.1100,44149300
QQQ,2025-04-22,438.8200,447.5800,437.6200,444.4800,52304400
QQQ,2025-04-23,458.1700,463.3800,452.8800,454.5600,55801100
QQQ,2025-04-24,456.4800,467.6600,455.8300,467.3500,45956100
QQQ,2025-04-25,466.9700,473.0900,465.3900,472.5600,38697100
QQQ,2025-04-28,473.0300,474.8100,466.0300,472.4100,33550800
QQQ,2025-04-29,470.1700,476.4200,469.5900,475.5300,30613100
QQQ,2025-04-30,467.1300,477.2000,462.4300,475.4700,46810600
QQQ,2025-05-01,483.4100,487.1800,480.7400,481.6800,43316500
QQQ,2025-05-02,486.5400,490.9100,484.8300,488.8300,39218100
QQQ,2025-05-05,484.6000,489.0300,484.1000,485.9300,28309500
QQQ,2025-05-06,479.5600,485.0500,478.1900,481.4100,32786300
QQQ,2025-05-07,482.0800,485.8000,476.7800,483.3000,38006300
QQQ,2025-05-08,488.5300,492.7000,484.1700,488.2900,39577600
QQQ,2025-05-09,490.2100,491.5400,486.2000,487.9700,27767400
QQQ,2025-05-12,506.9900,507.8900,501.4800,507.8500,45090600
QQQ,2025-05-13,509.1600,517.3900,508.4200,515.5900,53269600
QQQ,2025-05-14,516.7700,519.2300,515.7500,518.6800,47014500
QQQ,2025-05-15,516.5200,521.9300,515.1700,519.2500,50153300
QQQ,2025-05-16,520.6600,521.7000,517.1000,521.5100,48394600
QQQ,2025-05-19,514.2400,522.5300,514.2400,522.0100,52536200
QQQ,2025-05-20,519.4700,520.9300,516.6600,520.2700,42517600
QQQ,2025-05-21,516.2700,523.0000,511.2400,513.0400,71292800
QQQ,2025-05-22,513.6600,517.7100,512.3000,514.0000,55607200
QQQ,2025-05-23,506.1800,511.8400,505.5800,509.2400,58368100
QQQ,2025-05-27,516.1500,521.7100,514.5900,521.2200,47226300
QQQ,2025-05-28,522.1800,523.6800,518.3900,518.9100,46637200
QQQ,2025-05-29,526.3300,526.4800,517.3200,519.9300,58513300
QQQ,2025-05-30,519.4400,520.6800,511.9300,519.1100,67662800
QQQ,2025-06-02,517.2400,523.4500,515.9700,523.2100,44762800
QQQ,2025-06-03,523.5600,528.7400,522.6900,527.3000,44070300
QQQ,2025-06-04,528.0100,529.8400,525.9700,528.7700,41359300
QQQ,2025-06-05,530.1800,533.0500,522.6600,524.7900,61031200
QQQ,2025-06-06,530.0000,531.8000,528.2100,529.9200,42467000
QQQ,2025-06-09,530.1400,532.3500,529.0100,530.7000,33688700
QQQ,2025-06-10,531.1700,534.9000,528.8900,534.2100,40664800
QQQ,2025-06-11,535.6200,536.7800,530.1100,532.4100,53701000
QQQ,2025-06-12,531.0900,534.6400,530.8400,533.6600,34104900
QQQ,2025-06-13,527.6800,531.8700,525.7300,526.9600,55814400
QQQ,2025-06-16,530.5000,535.3700,530.4500,534.2900,37622100
QQQ,2025-06-17,531.7100,533.3300,527.9100,529.0800,42180900
QQQ,2025-06-18,530.1000,532.5500,527.4000,528.9900,43983500
QQQ,2025-06-20,532.2600,533.5600,524.8800,526.8300,61643500
QQQ,2025-06-23,526.8100,532.1700,523.6500,531.6500,50666100
QQQ,2025-06-24,536.8900,540.7000,536.2700,539.7800,45442000
QQQ,2025-06-25,542.0600,543.3100,539.3800,541.1600,44804200
QQQ,2025-06-26,543.3500,546.6700,541.5200,546.2200,43811400
QQQ,2025-06-27,547.2600,549.9900,544.5400,548.0900,57577100
QQQ,2025-06-30,551.2600,552.8000,549.0100,551.6400,45548700
QQQ,2025-07-01,549.7300,550.7100,544.6600,546.9900,56166700
QQQ,2025-07-02,546.1600,551.0000,546.1200,550.8000,36538300
QQQ,2025-07-03,553.1800,557.2000,553.1800,556.2200,26443500
QQQ,2025-07-07,553.5200,554.3400,549.5800,552.0300,45349300
QQQ,2025-07-08,553.3800,554.0100,551.1000,552.3400,36153300
QQQ,2025-07-09,554.4800,557.6300,553.1000,556.2500,43045500
QQQ,2025-07-10,556.8900,557.3000,552.7500,555.4500,34710900
QQQ,2025-07-11,553.3000,555.7900,552.0500,554.2000,39618600
QQQ,2025-07-14,553.9900,556.9500,551.6300,556.2100,36453300
QQQ,2025-07-15,560.2500,560.8000,556.6600,556.7200,43277700
QQQ,2025-07-16,557.2800,560.2100,551.5600,557.2900,52314700
QQQ,2025-07-17,558.0200,562.3100,557.2100,561.8000,40423800
QQQ,2025-07-18,563.1200,564.7300,559.9800,561.2600,50484700
QQQ,2025-07-21,562.0900,566.0600,562.0600,564.1700,39595200
QQQ,2025-07-22,564.3000,564.3500,558.6100,561.2500,43270600
QQQ,2025-07-23,562.3400,563.8500,559.5800,563.8100,40215300
QQQ,2025-07-24,565.1300,566.2400,563.2900,565.0100,42275500
QQQ,2025-07-25,564.9300,567.7000,564.2700,566.3700,30630800
QQQ,2025-07-28,567.7400,569.0400,566.8700,568.1400,31498700
QQQ,2025-07-29,570.7600,572.1100,566.5300,567.2600,45463300
QQQ,2025-07-30,568.1800,570.6200,565.0500,568.0200,43433800
QQQ,2025-07-31,574.5400,574.6300,563.8700,565.0100,64613600
QQQ,2025-08-01,558.8300,559.0200,551.6800,553.8800,69400800
QQQ,2025-08-04,559.0500,564.3200,558.9500,564.1000,47669800
QQQ,2025-08-05,565.3900,566.5600,559.7300,560.2700,48666600
QQQ,2025-08-06,561.1100,567.7600,560.6300,567.3200,41823700
QQQ,2025-08-07,571.6700,573.3200,565.1100,569.2400,44463000
QQQ,2025-08-08,570.4500,574.7700,570.1500,574.5500,35255500
QQQ,2025-08-11,574.6900,576.8000,571.5700,572.8500,33112900
QQQ,2025-08-12,575.1600,580.3500,572.4900,580.0500,42143300
QQQ,2025-08-13,582.7600,583.3200,578.9400,580.3400,41209300
QQQ,2025-08-14,578.2800,581.8800,577.9100,579.8900,45425000
QQQ,2025-08-15,579.8000,579.8400,575.5700,577.3400,49480200
QQQ,2025-08-18,576.4400,577.7700,575.2400,577.1100,29831000
QQQ,2025-08-19,576.3900,576.5600,568.2500,569.2800,53752600
QQQ,2025-08-20,568.3300,568.4500,558.8400,565.9000,76781100
QQQ,2025-08-21,564.3500,566.4900,560.9800,563.2800,46436900
QQQ,2025-08-22,564.6700,573.9900,563.2700,571.9700,51502100
QQQ,2025-08-25,570.4000,573.2900,569.1600,570.3200,34044700
QQQ,2025-08-26,569.8300,572.9200,568.8000,572.6100,34103000
QQQ,2025-08-27,571.5900,574.4100,570.3700,573.4900,36927100
QQQ,2025-08-28,574.1100,578.0000,572.4600,577.0800,46787900
QQQ,2025-08-29,574.6600,575.0300,568.5400,570.4000,56030400
QQQ,2025-09-02,561.3100,565.9700,559.5400,565.6200,65876800
QQQ,2025-09-03,569.2300,571.7000,566.7300,570.0700,54230200
QQQ,2025-09-04,570.7400,575.6000,569.0300,575.2300,47526300
QQQ,2025-09-05,580.4900,581.1200,571.5300,576.0600,68342500
QQQ,2025-09-08,578.3700,580.8400,577.7700,578.8700,46371400
QQQ,2025-09-09,579.6700,580.9400,577.0400,580.5100,44007600
QQQ,2025-09-10,583.7400,583.7700,578.5500,580.7000,49308000
QQQ,2025-09-11,583.2400,584.8800,581.6200,584.0800,44745800
QQQ,2025-09-12,585.0400,587.8600,584.1000,586.6600,50745900
QQQ,2025-09-15,588.4400,591.7900,588.2900,591.6800,44360300
QQQ,2025-09-16,592.6100,592.8600,590.4900,591.1800,36942100
QQQ,2025-09-17,591.1000,591.7500,584.3700,590.0000,69384800
QQQ,2025-09-18,594.9100,598.1400,592.9600,595.3200,61069300
QQQ,2025-09-19,597.3300,600.0500,595.8500,599.3500,58196100
QQQ,2025-09-22,597.7400,602.8700,597.7200,602.2000,57154800
QQQ,2025-09-23,602.3700,602.5700,596.9800,598.2000,64635500
QQQ,2025-09-24,599.5800,599.9000,593.3600,596.1000,49850300
QQQ,2025-09-25,592.2000,595.1200,588.5000,593.5300,70920200
QQQ,2025-09-26,594.3500,596.3000,591.0600,595.9700,54337400
QQQ,2025-09-29,599.1100,602.0500,597.4100,598.7300,48332900
QQQ,2025-09-30,598.4300,600.7100,596.1000,600.3700,46533800
QQQ,2025-10-01,597.1700,603.7900,596.3400,603.2500,46899600
QQQ,2025-10-02,607.0600,607.1600,602.9300,605.7300,43765400
QQQ,2025-10-03,606.5100,607.3300,601.3900,603.1800,46482100
QQQ,2025-10-06,608.4500,609.3600,605.9700,607.7100,41962100
QQQ,2025-10-07,609.0200,609.7100,603.0300,604.5100,58209500
QQQ,2025-10-08,605.4100,611.7500,605.2600,611.4400,50629800
QQQ,2025-10-09,611.4800,611.6100,607.4800,610.7000,45551000
QQQ,2025-10-10,611.4000,613.1800,589.0500,589.5000,97614800
QQQ,2025-10-13,599.6800,602.9500,597.2300,602.0100,65872600
QQQ,2025-10-14,595.3100,602.6900,590.1300,598.0000,69203200
QQQ,2025-10-15,604.0100,606.7000,595.9300,602.2200,62805500
QQQ,2025-10-16,605.1100,608.3100,595.5000,599.9900,70982000
QQQ,2025-10-17,597.9500,605.5100,596.3700,603.9300,72024900
QQQ,2025-10-20,607.1400,612.8000,607.0700,611.5400,45761700
QQQ,2025-10-21,611.6400,612.7200,609.3200,611.3800,44538200
QQQ,2025-10-22,610.8200,611.4100,599.7400,605.4900,61478800
QQQ,2025-10-23,604.9100,611.3700,604.5200,610.5800,42844300
QQQ,2025-10-24,615.9900,618.4200,615.1300,617.1000,47632500
QQQ,2025-10-27,624.5200,628.5500,624.0300,628.0900,54098600
QQQ,2025-10-28,630.3600,634.6800,629.2500,632.9200,61195700
QQQ,2025-10-29,635.5900,637.0100,630.2500,635.7700,67422800
QQQ,2025-10-30,632.1700,633.5000,625.9400,626.0500,61628600
QQQ,2025-10-31,634.1700,634.2000,626.6900,629.0700,66305100
QQQ,2025-11-03,635.1100,635.8200,629.8500,632.0800,37154300
QQQ,2025-11-04,623.2800,626.9500,618.4600,619.2500,63830800
QQQ,2025-11-05,618.4900,626.6000,617.2100,623.2800,48688500
QQQ,2025-11-06,621.7900,622.0400,610.3000,611.6700,72115100
QQQ,2025-11-07,608.3100,609.9500,598.6700,609.7400,81835400
QQQ,2025-11-10,618.9200,624.3100,616.8900,623.2300,55919900
QQQ,2025-11-11,620.5700,622.7200,617.5200,621.5700,44868800
QQQ,2025-11-12,624.8400,624.8600,617.8100,621.0800,47444400
QQQ,2025-11-13,617.5400,618.1200,606.0800,608.4000,71333600
QQQ,2025-11-14,599.5500,613.3500,597.1700,608.8600,80087300
QQQ,2025-11-17,606.3000,612.4800,599.8700,603.6600,63850400
QQQ,2025-11-18,599.6200,602.3100,591.3400,596.3100,83327300
QQQ,2025-11-19,597.0700,606.1600,594.5900,599.8700,73111500
QQQ,2025-11-20,611.6200,614.0300,584.7500,585.6700,117743200
QQQ,2025-11-21,587.4700,596.9800,580.7400,590.0700,103344200
QQQ,2025-11-24,595.2800,606.6800,595.1600,605.1600,60168100
QQQ,2025-11-25,603.5100,610.2600,597.3200,608.8900,57560900
QQQ,2025-11-26,612.5100,616.1900,610.3900,614.2700,42393600
QQQ,2025-11-28,616.1100,619.3200,615.4200,619.2500,23034400
QQQ,2025-12-01,613.6300,619.4400,612.5200,617.1700,40957600
QQQ,2025-12-02,619.4600,623.7500,617.5900,622.0000,54541800
QQQ,2025-12-03,619.6200,624.2200,618.0300,623.5200,47841600
QQQ,2025-12-04,624.9300,624.9400,619.5400,622.9400,47067800
QQQ,2025-12-05,624.3800,628.9200,623.7100,625.4800,53614200
QQQ,2025-12-08,627.2100,628.8400,621.6900,624.2800,43462400
QQQ,2025-12-09,623.0100,625.8700,621.0000,625.0500,37156000
QQQ,2025-12-10,623.8500,629.2100,620.9900,627.6100,55031400
QQQ,2025-12-11,623.8200,625.7800,617.7200,625.5800,58272800
QQQ,2025-12-12,622.0800,623.5400,611.3600,613.6200,75158700
QQQ,2025-12-15,618.3700,618.4200,609.3200,610.5400,49538200
QQQ,2025-12-16,608.2600,613.5100,606.9100,611.7500,55152800
QQQ,2025-12-17,613.0600,613.6500,600.2800,600.4100,70654300
QQQ,2025-12-18,609.8000,612.9300,606.9200,609.1100,78875800
QQQ,2025-12-19,611.9500,617.6200,611.8700,617.0500,60369800
QQQ,2025-12-22,621.3500,621.6500,617.7700,619.2100,43703100
QQQ,2025-12-23,618.2000,622.4100,617.7800,622.1100,41120400
QQQ,2025-12-24,621.9900,624.2800,621.7200,623.9300,18468700
QQQ,2025-12-26,624.6600,625.5200,623.1400,623.8900,28959800
QQQ,2025-12-29,620.1000,622.7800,618.7300,620.8700,32458300
QQQ,2025-12-30,619.8400,622.1800,619.2200,619.4300,31226800
QQQ,2025-12-31,619.6500,619.9600,614.0500,614.3100,40746500
QQQ,2026-01-02,620.0600,622.8500,610.1500,613.1200,61859200
QQQ,2026-01-05,619.3200,620.8100,616.7200,617.9900,46828400
QQQ,2026-01-06,619.2300,624.0200,618.5400,623.4200,43137500
QQQ,2026-01-07,623.0400,627.9400,622.5600,624.0200,44880300
QQQ,2026-01-08,623.0300,623.4200,617.8000,620.4700,50435900
QQQ,2026-01-09,621.4100,627.8900,619.0600,626.6500,49688700
QQQ,2026-01-12,622.3100,628.8500,622.2600,627.1700,37388700
QQQ,2026-01-13,627.2700,629.4700,623.7000,626.2400,44481400
QQQ,2026-01-14,622.2400,623.4500,614.5600,619.5500,72598700
QQQ,2026-01-15,626.6000,630.0000,620.7500,621.7800,53934900
QQQ,2026-01-16,625.5000,626.0800,618.8800,621.2600,61058100
QQQ,2026-01-20,610.5300,615.0600,607.0500,608.0600,81988900
QQQ,2026-01-21,609.4700,620.4200,607.8600,616.2800,79837900
QQQ,2026-01-22,622.3500,622.4600,617.7800,620.7600,42254800
QQQ,2026-01-23,619.7300,625.4000,618.6500,622.7200,43645800
QQQ,2026-01-26,623.2100,627.6100,622.1200,625.4600,35983000
QQQ,2026-01-27,628.9100,632.0400,627.3400,631.1300,38997200
QQQ,2026-01-28,635.4600,636.6000,631.8100,633.2200,50691700
QQQ,2026-01-29,632.6500,633.6700,618.2700,629.4300,79944000
QQQ,2026-01-30,625.7100,628.2600,619.3000,621.8700,65650700
QQQ,2026-02-02,618.7000,628.4900,618.6600,626.1400,49020300
QQQ,2026-02-03,628.3000,629.9800,610.9600,616.5200,81234000
QQQ,2026-02-04,615.0200,615.1000,600.4700,605.7500,81850700
QQQ,2026-02-05,600.2100,604.8100,594.7600,597.0300,89354500
QQQ,2026-02-06,600.1900,611.4100,598.7700,609.6500,78019300
QQQ,2026-02-09,607.5400,616.4600,605.0700,614.3200,56797600
QQQ,2026-02-10,615.3100,617.0200,611.0100,611.4700,53938900
QQQ,2026-02-11,616.3800,617.5200,607.6900,613.1100,58575100
QQQ,2026-02-12,614.7100,615.8100,599.5700,600.6400,81378900
QQQ,2026-02-13,600.4300,606.4800,596.4200,601.9200,69237500
QQQ,2026-02-17,598.3800,603.9500,593.3400,601.3000,69013800
QQQ,2026-02-18,602.1100,609.7700,600.7200,605.7900,64250700
QQQ,2026-02-19,602.8100,605.8200,600.7500,603.4700,60960800
QQQ,2026-02-20,600.1200,610.3500,599.2300,608.8100,74127300
QQQ,2026-02-23,606.6100,608.0100,599.0500,601.4100,63859100
QQQ,2026-02-24,602.4000,608.9900,599.7300,607.8700,55023700
QQQ,2026-02-25,611.0700,616.8300,611.0000,616.6800,55710700
QQQ,2026-02-26,615.5900,615.5900,603.9800,609.2400,96178900
QQQ,2026-02-27,602.9800,608.3200,602.1900,607.2900,68125200
QQQ,2026-03-02,598.8600,609.9200,597.9900,608.0900,75264600
QQQ,2026-03-03,596.3300,603.9600,591.8700,601.5800,97015500
QQQ,2026-03-04,604.1600,612.8800,603.4300,610.7500,70943900
QQQ,2026-03-05,607.4000,612.7600,602.2600,608.9100,89602400
QQQ,2026-03-06,600.3100,606.0000,598.3300,599.7500,86302300
QQQ,2026-03-09,594.2300,609.2700,591.3300,607.7600,93068200
QQQ,2026-03-10,607.7800,613.2900,605.4200,607.7700,64078900
QQQ,2026-03-11,608.9500,612.4300,605.0300,607.6900,60114800
QQQ,2026-03-12,602.7600,604.1400,597.0500,597.2600,71836600
QQQ,2026-03-13,599.7300,603.6000,592.5700,593.7200,63145500
QQQ,2026-03-16,600.0400,603.8600,599.1100,600.3800,49077200
QQQ,2026-03-17,603.1400,605.9000,601.8700,603.3100,47106600
QQQ,2026-03-18,601.4900,603.1600,594.5600,594.9000,56128000
QQQ,2026-03-19,589.5100,595.8000,587.0800,593.0200,75597600
QQQ,2026-03-20,591.0600,591.1700,578.5400,582.0600,91964700
QQQ,2026-03-23,590.5200,595.0800,585.9600,588.0000,89936100
QQQ,2026-03-24,584.8100,587.9300,581.9300,583.9800,57750900
QQQ,2026-03-25,589.1400,591.3700,585.6900,587.8200,60475500
QQQ,2026-03-26,582.6000,584.6300,573.4300,573.7900,81492100
QQQ,2026-03-27,570.8100,571.0200,561.5700,562.5800,82702200
QQQ,2026-03-30,567.3800,568.0500,555.6000,558.2800,70602600
QQQ,2026-03-31,564.2900,578.6400,564.2100,577.1800,95878000
QQQ,2026-04-01,581.4800,587.7400,580.4200,584.3100,79435100
QQQ,2026-04-02,573.9700,586.0500,571.9200,584.9800,50941700
QQQ,2026-04-06,586.2300,590.6100,584.6900,588.5000,35108500
QQQ,2026-04-07,585.6400,588.9800,578.4000,588.5900,49948200
QQQ,2026-04-08,608.7100,609.9000,602.1200,606.0900,63086000
QQQ,2026-04-09,605.9300,610.5000,603.0300,610.1900,37837500
QQQ,2026-04-10,611.8400,613.6700,609.5800,611.0700,34038500
QQQ,2026-04-13,609.4800,626.7400,608.1100,617.3900,32972100
QQQ,2026-04-14,620.2200,628.6000,620.1000,628.6000,49921100
QQQ,2026-04-15,629.0800,637.8300,628.2000,637.4000,50102400
QQQ,2026-04-16,639.2100,642.1800,635.2600,640.4700,42320600
QQQ,2026-04-17,645.5900,650.0000,644.0700,648.8500,53488900
QQQ,2026-04-20,648.0400,648.7600,642.5200,646.7900,37138500
QQQ,2026-04-21,648.4100,650.2000,642.2100,644.3300,39580500
QQQ,2026-04-22,650.1500,655.3300,648.5200,655.1100,37368400
QQQ,2026-04-23,653.5500,656.9200,645.5200,651.4200,40099800
QQQ,2026-04-24,658.5100,664.5100,656.5300,663.8800,45563100
QQQ,2026-04-27,663.4000,664.4300,660.6900,664.2300,32717000
QQQ,2026-04-28,657.4100,659.6400,653.8100,657.5500,34147900
QQQ,2026-04-29,658.6300,661.7200,656.5900,661.5700,31724900
QQQ,2026-04-30,665.3500,668.9000,657.5600,667.7400,40622200
QQQ,2026-05-01,669.1600,675.9700,668.8000,674.1500,39172600
QQQ,2026-05-04,674.6600,676.7300,668.9000,672.8800,34542000
QQQ,2026-05-05,677.9600,682.7700,677.5100,681.6100,37101100
QQQ,2026-05-06,687.7800,695.9300,686.4800,695.7700,38778500
QQQ,2026-05-07,696.5800,701.2400,691.7700,694.9400,43779100
QQQ,2026-05-08,699.9200,711.2300,699.5000,711.2300,44320400
QQQ,2026-05-11,710.3600,714.5900,708.9100,713.2900,36019100
QQQ,2026-05-12,708.2200,710.1800,696.6400,707.2400,45873000
QQQ,2026-05-13,709.9600,716.6500,704.8300,714.7100,40012500
QQQ,2026-05-14,714.6200,722.0300,714.2200,719.7900,33327500
QQQ,2026-05-15,710.1400,715.1300,705.5500,708.9300,51792700
QQQ,2026-05-18,711.5400,712.0700,698.8500,705.8800,49834500
QQQ,2026-05-19,699.8100,706.4900,695.2500,701.5300,46827500
QQQ,2026-05-20,705.2900,713.1500,703.7900,713.1500,36779200
QQQ,2026-05-21,708.9900,717.1200,706.7700,714.5100,36415400
QQQ,2026-05-22,718.0700,722.1200,715.9500,717.5400,33118600
QQQ,2026-05-26,725.9600,731.1700,724.1600,730.2800,34254700
QQQ,2026-05-27,732.9600,733.3200,725.4400,729.4500,35148700
QQQ,2026-05-28,729.7300,736.6000,726.4100,735.6000,32840000
QQQ,2026-05-29,737.8400,741.6300,735.2500,738.3100,37541700
QQQ,2026-06-01,737.0400,745.6500,735.9900,742.7400,33890600
QQQ,2026-06-02,742.4000,746.4400,739.2300,746.1600,30085200
QQQ,2026-06-03,747.3100,748.6500,741.0100,744.2100,40270200
QQQ,2026-06-04,735.4800,743.5000,732.6200,740.6100,40782600
QQQ,2026-06-05,730.0600,731.6900,704.3200,705.0600,99606600
QQQ,2026-06-08,717.8100,723.0300,713.0700,716.0700,47401500
QQQ,2026-06-09,722.9800,725.6600,686.3700,707.8300,91932200
QQQ,2026-06-10,701.6600,711.2800,692.9300,693.6900,65334300
QQQ,2026-06-11,699.2900,718.3700,695.0000,717.1200,71798900
QQQ,2026-06-12,717.6100,724.0100,711.2800,721.3400,51168400
QQQ,2026-06-15,738.1000,744.7600,737.3800,744.0000,46710200
QQQ,2026-06-16,742.2500,744.2200,729.6400,729.8600,45348700
QQQ,2026-06-17,735.1900,735.6800,720.8500,722.5100,51669300
QQQ,2026-06-18,737.2000,741.8200,732.5100,740.6200,50154600
QQQ,2026-06-22,742.0200,745.4500,734.3900,737.9500,43518600
QQQ,2026-06-23,715.7400,723.6100,712.1100,713.6500,53354200
QQQ,2026-06-24,715.3700,719.9300,704.4500,710.6200,52480400
QQQ,2026-06-25,725.9000,726.8300,705.3000,716.3800,49668000
QQQ,2026-06-26,707.1300,715.5600,702.8100,706.5200,47081800
QQQ,2026-06-29,713.9900,724.5800,705.1700,724.0800,44939100
QQQ,2026-06-30,724.1800,737.6200,723.9100,736.4000,42121800
QQQ,2026-07-01,729.1900,731.9200,724.6000,725.1700,40803800
QQQ,2026-07-02,725.5800,730.8300,707.5600,712.6000,50959800
QQQ,2026-07-06,719.9300,726.0800,718.4500,722.8200,30220400
QQQ,2026-07-07,714.1700,716.3500,704.9000,709.4300,42483100
QQQ,2026-07-08,704.9500,712.2600,700.9100,711.4400,35603200
QQQ,2026-07-09,718.3300,724.2300,715.1300,723.2800,33654700
QQQ,2026-07-10,720.7000,726.3900,717.0000,725.5100,26415900
QQQ,2026-07-13,717.7200,718.7400,710.0800,711.7400,36552400
QQQ,2026-07-14,720.2200,722.2900,714.3400,719.6900,29448100
QQQ,2026-07-15,723.8500,724.3600,710.2300,717.7400,32627600
QQQ,2026-07-16,712.0100,713.6000,702.6100,705.9400,39402000
QQQ,2026-07-17,691.6500,702.3000,686.7600,695.3300,54109300
QQQ,2026-07-20,702.1600,705.8000,695.5100,696.0600,29687600
QQQ,2026-07-21,706.5700,710.0500,702.8000,708.9700,33728300
QQQ,2026-07-22,703.6200,709.6500,703.6200,705.3500,23692200
QQQ,2026-07-23,694.6700,698.6600,687.7900,691.9600,44028600
QQQ,2026-07-24,690.4100,692.6300,682.4800,684.2300,42876700
QQQ,2026-07-27,691.6800,692.3000,675.9500,682.1200,42681500
QQQ,2026-07-28,676.2300,679.4000,667.8800,675.4900,51398700
QQQ,2026-07-29,675.5100,680.0500,661.1400,661.7300,57233300
QQQ,2026-07-30,674.7600,685.1200,673.3000,683.5500,66753700
QQQ,2026-07-31,692.1100,695.7700,680.0500,687.9900,50540500
QQQ,2026-08-03,688.3000,701.5900,685.8200,700.0700,44965100
QQQ,2026-08-04,708.1600,725.6600,707.5300,723.8500,59778600
QQQ,2026-08-05,726.2500,728.5400,716.9200,717.3000,33540200
QQQ,2026-08-06,710.8200,719.3200,708.5000,714.6500,33035900
QQQ,2026-08-07,720.1500,723.6300,716.5100,723.0300,31070400
QQQ,2026-08-10,722.3900,724.6700,720.3300,720.8700,26243200
QQQ,2026-08-11,723.2900,723.3500,715.5000,718.4500,29286100
QQQ,2026-08-12,727.0800,727.2500,722.9200,723.7000,29066000
QQQ,2026-08-13,725.1500,733.9600,724.0300,732.0700,31599700
QQQ,2026-08-14,733.4100,734.3900,728.3200,731.0700,23790600
QQQ,2026-08-17,732.9500,734.5800,729.2700,729.8700,26452600
QQQ,2026-08-18,720.2100,722.1300,715.9200,717.5100,48997200
QQQ,2026-08-19,720.3900,721.5000,712.6100,716.0800,35801700
QQQ,2026-08-20,712.0900,714.9400,708.5200,710.9300,33396400
QQQ,2026-08-21,715.2300,715.6700,709.2000,713.4400,33399400
QQQ,2026-08-24,709.6600,709.7900,702.7000,706.3200,37443100
QQQ,2026-08-25,711.2200,714.0400,707.4500,710.7200,23869600
QQQ,2026-08-26,708.4100,713.0200,707.9700,711.3700,20392400
QQQ,2026-08-27,716.9300,721.3500,714.5300,721.1100,28723500
QQQ,2026-08-28,719.7400,724.1300,715.0900,716.4300,34105400
QQQ,2026-08-31,715.1700,717.5800,713.1600,716.7600,32237200
QQQ,2026-09-01,707.3900,712.3000,704.6600,707.6400,35236100
QQQ,2026-09-02,707.1000,709.8000,705.1000,709.2400,23476200
QQQ,2026-09-03,710.8500,718.9200,709.6900,717.6700,29449800
QQQ,2026-09-04,719.3500,721.8600,716.5600,718.9600,32871100
QQQ,2026-09-08,720.9100,721.8900,715.5700,718.3600,28341400
QQQ,2026-09-09,716.4000,719.7000,714.0200,716.3100,26763400
QQQ,2026-09-10,707.5500,712.0600,706.8600,708.6900,31414400
QQQ,2026-09-11,715.6800,717.6300,713.6300,714.8800,26649100
QQQ,2026-09-14,703.3300,712.9500,702.7400,709.1800,35219000
QQQ,2026-09-15,708.8000,709.5300,703.6400,704.5400,26631700
QQQ,2026-09-16,708.0000,711.8800,700.0000,704.7200,35688000
QQQ,2026-09-17,715.9500,718.0400,713.3200,716.9200,37270300
QQQ,2026-09-18,718.8300,721.7300,715.0800,721.4500,48478700
QQQ,2026-09-21,727.8900,743.2200,727.8100,741.4700,46730600
QQQ,2026-09-22,740.9800,748.3500,740.9300,747.4600,40128800
SMH,2024-09-19,239.9700,243.8500,238.3100,241.0900,11254200
SMH,2024-09-20,238.8000,239.6500,234.9600,237.9000,8183300
SMH,2024-09-23,238.8100,239.8200,237.1200,238.9500,3781400
SMH,2024-09-24,241.0800,244.3800,238.2800,243.4000,5435900
SMH,2024-09-25,243.2300,247.0800,242.8000,245.5400,4978300
SMH,2024-09-26,255.5000,255.9900,247.3700,252.6200,10082100
SMH,2024-09-27,253.1900,253.2100,246.1200,247.7400,7128600
SMH,2024-09-30,244.1500,247.0100,241.8700,245.4500,6252500
SMH,2024-10-01,245.6300,246.5800,237.0000,238.8800,7751800
SMH,2024-10-02,239.1700,244.4500,237.5900,242.3200,5842600
SMH,2024-10-03,241.5500,247.1500,241.3400,244.5500,5926900
SMH,2024-10-04,249.2100,249.2100,244.3300,247.8200,5771300
SMH,2024-10-07,246.5300,250.6000,246.3100,248.2200,4958800
SMH,2024-10-08,249.1600,253.1700,247.8800,252.5200,4435300
SMH,2024-10-09,252.9900,255.4100,250.2100,255.1500,4063400
SMH,2024-10-10,252.5100,255.8700,251.0000,254.6500,4044600
SMH,2024-10-11,253.6100,257.3000,253.6000,256.6900,4202900
SMH,2024-10-14,258.5200,262.2600,258.4200,261.2800,4608600
SMH,2024-10-15,261.0000,262.1100,245.5800,247.1600,14128900
SMH,2024-10-16,249.8300,249.8300,245.5000,247.3200,5692300
SMH,2024-10-17,255.1800,256.1700,251.5000,251.5800,6745000
SMH,2024-10-18,253.5000,253.5200,250.8600,251.5100,3720700
SMH,2024-10-21,251.0000,253.0500,249.4900,252.8400,3923400
SMH,2024-10-22,251.3300,252.4900,249.6700,251.6900,3629100
SMH,2024-10-23,250.4500,251.6700,245.8400,249.0100,4971600
SMH,2024-10-24,250.8700,251.2000,248.2000,250.0600,2595500
SMH,2024-10-25,252.4900,256.5500,252.3000,252.9600,6835900
SMH,2024-10-28,252.7700,253.0500,251.0000,251.2100,3557300
SMH,2024-10-29,251.9000,258.3300,250.8600,256.9200,5392800
SMH,2024-10-30,251.7400,253.0000,249.4500,250.6800,5348400
SMH,2024-10-31,248.2700,248.2700,240.2800,241.6800,9464700
SMH,2024-11-01,244.1900,247.2900,243.3500,244.7500,5521000
SMH,2024-11-04,245.3100,247.5100,243.4100,244.2700,5199200
SMH,2024-11-05,245.2500,249.0400,245.0800,248.3100,4344200
SMH,2024-11-06,252.2900,255.6900,250.2100,254.8100,7284400
SMH,2024-11-07,258.3900,261.1500,258.1400,261.0200,5370200
SMH,2024-11-08,260.7600,261.8800,257.9200,259.3400,3915600
SMH,2024-11-11,257.9200,258.0500,250.9900,253.5300,7667300
SMH,2024-11-12,253.1000,253.5700,248.8600,251.8600,6574000
SMH,2024-11-13,250.6500,251.1800,247.2200,247.6300,5537900
SMH,2024-11-14,249.5600,250.9600,247.3800,248.1800,4607600
SMH,2024-11-15,244.1700,244.5700,238.8000,239.9500,9499700
SMH,2024-11-18,239.0300,242.1700,237.3900,241.5400,7696500
SMH,2024-11-19,241.1000,244.2700,240.6000,244.1800,4505200
SMH,2024-11-20,243.3300,243.7500,238.6500,242.5400,7585600
SMH,2024-11-21,245.5200,248.1900,239.6000,246.1000,8825400
SMH,2024-11-22,245.9700,246.6400,243.3100,244.6200,4746300
SMH,2024-11-25,246.3500,246.3500,242.2800,243.6600,4562700
SMH,2024-11-26,245.8200,246.1200,239.8900,241.4200,4996500
SMH,2024-11-27,239.6600,239.8000,234.1700,238.2500,6911600
SMH,2024-11-29,240.0000,244.4900,239.5900,242.1300,5607400
SMH,2024-12-02,243.3500,249.1500,243.3500,247.8700,8070300
SMH,2024-12-03,246.9300,248.6800,245.9300,248.4200,3227300
SMH,2024-12-04,252.2300,253.0700,249.3200,252.6300,5457400
SMH,2024-12-05,251.8900,252.1600,247.5800,248.3000,3872100
SMH,2024-12-06,247.8800,249.4200,247.2100,248.6100,3885300
SMH,2024-12-09,246.2200,248.9600,244.9300,246.0700,4532600
SMH,2024-12-10,246.4300,247.1500,238.3700,239.8800,6402400
SMH,2024-12-11,243.6500,247.0400,241.7300,245.7500,5588400
SMH,2024-12-12,244.0100,244.6400,241.9300,243.3700,3979300
SMH,2024-12-13,249.5200,251.6300,246.0500,249.4900,8628300
SMH,2024-12-16,250.5000,254.3600,248.9200,253.2500,4893000
SMH,2024-12-17,250.4800,251.1700,248.0300,249.9600,4027800
SMH,2024-12-18,252.1600,254.4700,240.4500,241.9900,8125800
SMH,2024-12-19,243.0000,243.2500,238.3500,238.8700,6893100
SMH,2024-12-20,237.4000,245.2600,236.5400,242.7100,6909300
SMH,2024-12-23,243.5300,249.5900,243.5300,249.2200,6650100
SMH,2024-12-24,250.4400,251.3700,249.3800,251.3700,2097400
SMH,2024-12-26,250.4200,252.3900,248.8800,250.9300,2169300
SMH,2024-12-27,249.2800,250.0700,245.1600,248.4000,3812300
SMH,2024-12-30,244.6200,247.3500,242.7300,244.6600,3532100
SMH,2024-12-31,245.5100,246.0500,241.4000,242.1700,3071800
SMH,2025-01-02,244.5200,247.7500,242.2500,244.7900,4464000
SMH,2025-01-03,247.0000,252.3300,246.6800,251.8800,4994400
SMH,2025-01-06,258.6700,263.2900,258.5000,260.2300,10533200
SMH,2025-01-07,263.4200,263.5800,253.0500,254.0400,7661100
SMH,2025-01-08,253.5600,254.3300,249.5100,252.2300,5189500
SMH,2025-01-10,249.4100,249.5900,244.9200,247.1800,6901500
SMH,2025-01-13,241.0700,244.9300,240.6200,244.6400,6007500
SMH,2025-01-14,247.7300,248.3800,242.3900,245.4400,3791500
SMH,2025-01-15,249.2500,252.0700,247.7000,251.2100,5316800
SMH,2025-01-16,257.1100,257.2000,252.1500,252.2900,5696100
SMH,2025-01-17,257.9800,258.6800,255.6100,258.2500,5387300
SMH,2025-01-21,260.8000,264.3200,258.4500,262.3900,4923000
SMH,2025-01-22,266.0000,269.6600,265.1400,267.1700,6616500
SMH,2025-01-23,263.0200,266.8600,261.9000,266.8500,4704900
SMH,2025-01-24,267.4000,267.4300,260.6200,261.5300,5119900
SMH,2025-01-27,242.4800,245.0800,232.2400,235.8100,21944900
SMH,2025-01-28,237.8900,241.0300,232.2600,240.4500,11707300
SMH,2025-01-29,242.4100,242.4500,236.6400,239.5300,8366000
SMH,2025-01-30,243.4200,245.8500,240.6700,245.1700,7676300
SMH,2025-01-31,246.1700,251.4600,242.9200,243.6200,8009900
SMH,2025-02-03,235.9700,241.6400,235.1200,238.7800,7479600
SMH,2025-02-04,238.8100,242.6200,238.5800,241.4700,4579000
SMH,2025-02-05,242.1200,247.5000,240.4000,247.1400,4811100
SMH,2025-02-06,247.1800,248.4300,245.6100,248.3500,4877200
SMH,2025-02-07,249.5600,250.6500,243.4800,245.0000,7258900
SMH,2025-02-10,247.0000,250.2900,247.0000,249.6200,4231300
SMH,2025-02-11,247.7000,251.0400,247.4100,249.8700,3134900
SMH,2025-02-12,245.7000,248.7400,244.5400,248.5100,4212800
SMH,2025-02-13,248.0000,252.0900,247.7900,251.9200,4486100
SMH,2025-02-14,252.0000,253.2200,250.6300,252.5800,4279500
SMH,2025-02-18,254.7200,257.2000,253.3400,256.2200,6361400
SMH,2025-02-19,255.9800,258.3800,253.8800,257.3400,3025400
SMH,2025-02-20,258.0700,259.6300,254.9200,257.8000,4401700
SMH,2025-02-21,258.3500,258.7000,249.1900,249.9900,7578500
SMH,2025-02-24,251.3000,252.0600,243.2800,243.4200,7518000
SMH,2025-02-25,242.7100,243.7800,237.3400,238.2500,7658600
SMH,2025-02-26,241.6000,246.1200,240.9000,243.8200,6675900
SMH,2025-02-27,246.0700,246.3800,228.7000,228.7900,10520600
SMH,2025-02-28,228.3700,233.7800,225.6300,232.7700,8654700
SMH,2025-03-03,235.3700,235.3700,220.9500,223.0100,10001200
SMH,2025-03-04,222.4600,230.8000,218.0500,225.2300,12563100
SMH,2025-03-05,227.8200,230.2100,223.4700,229.4000,6799400
SMH,2025-03-06,221.9800,226.1600,219.0700,219.7800,9155200
SMH,2025-03-07,220.6000,225.7500,217.0700,225.0900,9426800
SMH,2025-03-10,219.5700,221.2900,211.5100,214.5300,9616500
SMH,2025-03-11,215.2100,219.0200,210.4600,214.2200,7381300
SMH,2025-03-12,220.3200,222.9500,218.1800,220.5200,8710800
SMH,2025-03-13,220.7800,223.8800,217.8100,219.5500,5126800
SMH,2025-03-14,223.3500,226.9600,223.2800,226.5700,5100700
SMH,2025-03-17,226.2300,231.0400,226.0200,228.9600,5192200
SMH,2025-03-18,226.6300,227.7700,223.8800,225.4200,5196700
SMH,2025-03-19,225.4200,231.0200,223.7800,227.4100,4932500
SMH,2025-03-20,225.1400,229.0100,224.8900,227.0500,3654700
SMH,2025-03-21,222.7700,225.6100,221.4100,224.7700,6319300
SMH,2025-03-24,229.2000,232.4200,229.1000,230.6300,6503200
SMH,2025-03-25,230.4500,230.6600,228.8500,229.6500,3451800
SMH,2025-03-26,228.4000,228.8000,220.0500,222.0100,9591100
SMH,2025-03-27,219.0500,220.7000,216.5700,217.7500,9072500
SMH,2025-03-28,216.8000,218.0400,211.0500,212.1700,8722100
SMH,2025-03-31,207.3300,211.6900,204.5100,211.4700,9477200
SMH,2025-04-01,210.9600,212.5400,207.2600,212.4900,6151300
SMH,2025-04-02,208.9600,216.6100,208.4700,214.0900,7096200
SMH,2025-04-03,202.6900,204.4900,195.3400,195.5700,14299000
SMH,2025-04-04,188.7000,190.2900,178.2300,180.8000,22160100
SMH,2025-04-07,173.4900,194.8300,170.1100,184.9000,25600300
SMH,2025-04-08,192.9900,195.7200,176.0500,179.9500,19097600
SMH,2025-04-09,181.7600,212.8100,180.2700,210.8300,22178500
SMH,2025-04-10,201.3800,202.5000,189.0400,196.2100,18282500
SMH,2025-04-11,195.7000,201.9400,193.7000,201.3100,10156300
SMH,2025-04-14,206.6200,206.7800,198.7700,201.6100,9843300
SMH,2025-04-15,202.6700,205.1400,201.9400,202.9200,5097800
SMH,2025-04-16,193.1600,196.7600,188.5300,194.3500,13067200
SMH,2025-04-17,195.8200,196.0000,191.0000,192.5300,7067400
SMH,2025-04-21,188.9000,189.3900,184.4000,187.8300,9572700
SMH,2025-04-22,190.3500,193.3000,188.9600,191.9000,7242700
SMH,2025-04-23,201.5800,203.0800,198.0800,198.9100,11495800
SMH,2025-04-24,203.2200,209.2800,202.1800,208.9700,9696200
SMH,2025-04-25,207.1800,213.2900,206.5000,211.9700,7487400
SMH,2025-04-28,210.8900,212.2100,206.4000,210.6500,5804900
SMH,2025-04-29,209.3300,212.2500,208.5200,210.2900,4506200
SMH,2025-04-30,205.0200,211.7400,203.8900,211.2800,5974400
SMH,2025-05-01,214.9300,216.5300,212.1100,212.3000,6878200
SMH,2025-05-02,217.9900,220.9200,217.2400,219.0300,6522200
SMH,2025-05-05,217.0300,219.6000,216.9000,217.6100,4536000
SMH,2025-05-06,213.6500,217.4400,212.8400,215.5900,5019400
SMH,2025-05-07,215.7200,220.9200,214.1900,220.0200,9068800
SMH,2025-05-08,222.8500,224.8400,220.1000,221.9500,5919200
SMH,2025-05-09,224.5300,225.3600,221.9900,223.4000,3495500
SMH,2025-05-12,236.7200,238.6700,234.0500,237.4100,9246900
SMH,2025-05-13,239.0500,246.6900,238.6000,245.5600,8665600
SMH,2025-05-14,247.6500,249.4400,245.6000,247.9900,7439600
SMH,2025-05-15,245.7500,249.0000,244.0800,247.1300,6446300
SMH,2025-05-16,247.5400,247.6100,244.1200,246.4200,3800100
SMH,2025-05-19,241.4000,246.5000,241.2900,246.0100,4196100
SMH,2025-05-20,243.8700,245.6100,242.8800,245.5400,3115200
SMH,2025-05-21,243.3300,248.5800,240.0200,241.4700,6392500
SMH,2025-05-22,241.0300,243.6100,240.3200,240.8100,5185500
SMH,2025-05-23,235.2300,238.8600,234.5900,237.4400,6577200
SMH,2025-05-27,242.4900,245.6900,240.6600,244.9700,8858900
SMH,2025-05-28,245.2900,246.2100,241.9100,242.3600,10739500
SMH,2025-05-29,249.0000,249.2100,242.7000,244.0800,9120100
SMH,2025-05-30,243.2300,243.2300,235.3700,239.7500,11064700
SMH,2025-06-02,239.1800,244.0300,238.9600,243.3000,4719900
SMH,2025-06-03,243.4800,249.1700,242.3500,248.7900,7518700
SMH,2025-06-04,250.5700,252.6100,248.3600,251.7500,7258700
SMH,2025-06-05,253.7400,256.0600,249.7600,251.3000,8054100
SMH,2025-06-06,253.5400,255.5900,252.6400,252.7300,5589700
SMH,2025-06-09,255.0000,259.8700,255.0000,256.9600,10841400
SMH,2025-06-10,258.3600,262.6800,257.4600,262.0700,9763000
SMH,2025-06-11,263.6000,264.9100,259.6900,261.8800,12286000
SMH,2025-06-12,260.0600,264.0000,260.0600,263.1500,6781900
SMH,2025-06-13,257.5500,260.6000,256.0500,256.9900,11950200
SMH,2025-06-16,259.9600,265.0500,259.7800,263.3800,7497700
SMH,2025-06-17,262.4400,265.5300,261.3600,261.5900,7284700
SMH,2025-06-18,262.7800,264.9100,260.9900,262.5900,7367400
SMH,2025-06-20,264.8500,265.0200,257.2200,260.2700,11439900
SMH,2025-06-23,259.8500,262.6600,257.1200,261.9200,10420100
SMH,2025-06-24,265.9300,271.6200,265.7400,271.5400,9035500
SMH,2025-06-25,273.2200,275.2700,272.4500,275.2000,8480000
SMH,2025-06-26,277.0800,277.9500,274.9500,277.2000,6789000
SMH,2025-06-27,278.1800,280.5000,275.6400,278.4200,8170900
SMH,2025-06-30,279.7000,279.9600,277.1000,278.8800,6375800
SMH,2025-07-01,276.8000,278.0600,272.1600,275.8400,8931300
SMH,2025-07-02,274.8200,281.9200,274.6600,281.2500,8713800
SMH,2025-07-03,282.8200,285.1900,282.3100,283.6200,4443000
SMH,2025-07-07,281.7600,282.6400,278.5500,279.7600,8616400
SMH,2025-07-08,281.6100,284.7300,280.7000,283.4800,8186500
SMH,2025-07-09,284.7300,287.8400,283.5700,285.4200,6810700
SMH,2025-07-10,287.8900,288.1900,284.5600,287.5200,5635200
SMH,2025-07-11,286.4700,288.9400,285.5500,287.4900,5677000
SMH,2025-07-14,286.3000,286.5200,281.7400,285.3200,7455800
SMH,2025-07-15,291.6700,293.2000,290.0800,290.8000,9892500
SMH,2025-07-16,288.5000,289.5700,283.1300,289.2800,10065900
SMH,2025-07-17,290.0500,292.5600,287.9800,291.7100,6998300
SMH,2025-07-18,292.9100,293.3300,289.3300,290.3100,5522100
SMH,2025-07-21,290.6700,293.5300,290.4000,290.5100,5910900
SMH,2025-07-22,289.7400,289.8400,282.1200,285.3700,11537500
SMH,2025-07-23,285.3000,286.6700,282.9900,286.6100,8194600
SMH,2025-07-24,287.1900,288.2700,284.9200,287.8000,5902600
SMH,2025-07-25,286.2300,288.0400,285.0600,287.4900,4014900
SMH,2025-07-28,289.7800,291.5700,289.2900,291.4100,5671900
SMH,2025-07-29,293.5600,296.7300,291.4800,292.9000,6968700
SMH,2025-07-30,294.7600,297.3800,293.5900,296.2600,7930300
SMH,2025-07-31,294.7000,294.9200,286.0500,288.7800,9928100
SMH,2025-08-01,282.9100,286.9400,279.1900,283.9500,14032200
SMH,2025-08-04,286.2900,290.3100,285.2100,290.1900,5323200
SMH,2025-08-05,290.7400,291.3300,284.2100,287.1000,6918300
SMH,2025-08-06,284.8300,287.2300,282.7700,286.6200,6124300
SMH,2025-08-07,292.8300,294.7100,288.6200,291.1200,8069400
SMH,2025-08-08,291.9300,293.9200,290.6500,293.5300,5121600
SMH,2025-08-11,294.5100,297.0900,292.7300,293.4000,5799700
SMH,2025-08-12,295.2900,300.2400,293.1500,300.1000,7592800
SMH,2025-08-13,301.8400,302.9800,298.5700,301.2800,8959700
SMH,2025-08-14,298.0000,302.8000,297.2800,301.9200,5827000
SMH,2025-08-15,299.3600,299.3600,293.9400,295.6500,9026300
SMH,2025-08-18,294.9200,297.1900,294.7800,296.8600,5577500
SMH,2025-08-19,296.8600,297.1200,290.6300,290.8700,8191900
SMH,2025-08-20,290.0000,290.0000,281.1500,288.9600,10091000
SMH,2025-08-21,287.7800,289.8700,285.8800,287.4600,6067700
SMH,2025-08-22,287.6300,296.3600,286.5400,293.6400,5810400
SMH,2025-08-25,293.7500,295.7900,292.1200,293.9200,4965000
SMH,2025-08-26,294.8200,297.2400,294.6700,296.7500,4967100
SMH,2025-08-27,295.8500,298.1000,294.3800,297.6600,5646200
SMH,2025-08-28,298.1000,300.7800,295.9800,298.8800,7194000
SMH,2025-08-29,295.5600,295.5600,289.1000,290.2900,13420900
SMH,2025-09-02,283.0900,286.6700,281.7400,286.4800,11543700
SMH,2025-09-03,287.3600,287.9300,283.7800,286.4300,7249600
SMH,2025-09-04,285.2400,290.2100,284.3000,289.8600,8079300
SMH,2025-09-05,295.0700,295.1500,289.2500,293.2800,9809600
SMH,2025-09-08,295.1400,297.8200,294.8000,296.5200,7223200
SMH,2025-09-09,297.2200,297.9900,295.1100,297.8100,6797000
SMH,2025-09-10,300.5900,302.3800,298.7700,300.8300,10221400
SMH,2025-09-11,303.5400,305.5600,303.1700,303.9300,7312400
SMH,2025-09-12,305.0600,305.5900,303.1000,304.3200,5231900
SMH,2025-09-15,303.8200,307.2300,303.0100,307.1700,5390200
SMH,2025-09-16,308.4300,308.6700,305.5700,307.2100,4227600
SMH,2025-09-17,306.5000,307.1500,301.3700,305.2500,9647700
SMH,2025-09-18,313.5500,318.6200,312.6000,316.9700,16335600
SMH,2025-09-19,316.4000,316.5100,313.4300,315.7100,8381600
SMH,2025-09-22,316.2700,323.1400,316.0000,322.1700,11618100
SMH,2025-09-23,323.1600,325.3600,320.0200,321.7000,9159000
SMH,2025-09-24,321.4000,321.9600,317.4700,321.1100,8632200
SMH,2025-09-25,316.2900,322.0300,313.6000,321.0600,9592900
SMH,2025-09-26,321.6400,322.4200,318.1400,321.8200,6886100
SMH,2025-09-29,324.6500,326.8300,322.4700,322.6600,5833600
SMH,2025-09-30,322.7500,326.7200,322.4300,326.3600,7459900
SMH,2025-10-01,324.2800,334.1100,324.1100,333.6900,9911800
SMH,2025-10-02,339.6600,340.0000,336.5600,338.2400,8092600
SMH,2025-10-03,339.4100,340.7800,335.1800,336.6800,7770000
SMH,2025-10-06,345.4600,348.5300,343.3800,343.3800,10263200
SMH,2025-10-07,346.2900,346.6700,336.5600,337.0500,9365700
SMH,2025-10-08,336.7300,346.4600,336.4200,346.0700,7841500
SMH,2025-10-09,346.0400,347.1000,342.4000,345.2100,5565500
SMH,2025-10-10,345.9700,346.4900,324.8300,325.3400,18804500
SMH,2025-10-13,337.4800,341.0900,335.0000,339.7500,11760200
SMH,2025-10-14,333.0600,339.0600,330.2500,333.5000,7296700
SMH,2025-10-15,342.1000,343.0800,335.5100,341.7800,8283800
SMH,2025-10-16,346.1700,347.0900,339.8100,343.3000,9047500
SMH,2025-10-17,341.2200,344.9300,338.1400,342.8300,8396300
SMH,2025-10-20,346.0000,350.0500,345.6600,347.2200,6436900
SMH,2025-10-21,347.0600,347.1000,343.1600,345.3000,4391800
SMH,2025-10-22,342.8600,344.8600,332.4000,338.6000,8014200
SMH,2025-10-23,337.0500,345.9100,336.7300,344.8000,6422600
SMH,2025-10-24,350.5800,352.9400,349.8200,351.1400,5649300
SMH,2025-10-27,357.6700,360.6000,356.2100,359.9400,6663400
SMH,2025-10-28,359.6100,364.6700,358.4600,363.1100,5086000
SMH,2025-10-29,369.0800,372.7800,365.8200,368.6100,8102600
SMH,2025-10-30,367.4300,369.8600,363.5500,363.7300,6932700
SMH,2025-10-31,366.8800,368.4300,360.5000,363.0200,4917900
SMH,2025-11-03,367.6900,369.4700,364.6900,366.1000,4470500
SMH,2025-11-04,357.9800,361.7900,351.8000,352.7600,8269000
SMH,2025-11-05,353.1000,364.2800,352.7200,359.5000,8605400
SMH,2025-11-06,359.5900,360.1500,348.7100,351.0900,9600500
SMH,2025-11-07,346.5400,348.1800,336.6800,348.1200,14723200
SMH,2025-11-10,357.5500,360.0000,353.9500,358.7900,9180700
SMH,2025-11-11,355.2500,356.0400,349.7400,351.0500,7661200
SMH,2025-11-12,356.2000,357.4800,352.9400,355.5300,5870700
SMH,2025-11-13,351.6300,352.8800,341.2500,344.8200,10654800
SMH,2025-11-14,335.2400,348.9100,333.7500,344.9800,12271200
SMH,2025-11-17,341.9400,348.3400,337.0500,340.3000,6921300
SMH,2025-11-18,335.7500,337.7900,329.1200,333.2900,12933100
SMH,2025-11-19,334.8100,343.0600,333.4600,339.4400,9842300
SMH,2025-11-20,348.8600,349.7800,323.6900,325.1000,14686700
SMH,2025-11-21,325.0000,331.6200,315.0500,326.1300,17298700
SMH,2025-11-24,329.0000,340.5700,328.8300,339.1200,10650900
SMH,2025-11-25,334.7300,340.7200,327.3500,340.0100,12052700
SMH,2025-11-26,344.2500,350.3000,343.4300,347.7100,5533300
SMH,2025-11-28,349.1700,352.5700,347.7100,352.2800,3352700
SMH,2025-12-01,348.8500,355.0100,348.0600,352.9600,3902000
SMH,2025-12-02,355.8500,360.7900,354.1500,359.4300,6657900
SMH,2025-12-03,359.7000,364.5800,356.2300,364.3700,4642700
SMH,2025-12-04,363.2600,364.3700,359.6000,361.6000,3971800
SMH,2025-12-05,364.4600,368.5800,363.5400,364.4200,3619200
SMH,2025-12-08,368.1000,370.7200,365.7400,368.5500,4334300
SMH,2025-12-09,367.0400,369.5600,365.3500,369.0000,3173300
SMH,2025-12-10,368.9100,375.5900,366.9300,374.1000,5653300
SMH,2025-12-11,369.7800,371.2200,361.6800,370.8900,7499900
SMH,2025-12-12,366.9900,367.5600,352.8800,354.1200,12705900
SMH,2025-12-15,358.1300,359.2000,352.1900,352.9000,5605800
SMH,2025-12-16,351.5700,354.3900,348.3100,351.9400,5849200
SMH,2025-12-17,352.8900,352.8900,338.0600,339.2400,10780400
SMH,2025-12-18,350.8400,352.0900,345.8300,347.2500,8260200
SMH,2025-12-19,350.3100,358.5300,350.3100,356.2300,8838700
SMH,2025-12-22,362.4100,362.4800,357.7700,359.7000,4799500
SMH,2025-12-23,358.6000,363.3000,358.0600,363.1600,3542100
SMH,2025-12-24,362.7000,364.5400,362.1500,364.1700,1640500
SMH,2025-12-26,366.0700,367.3500,364.4900,365.8600,2921300
SMH,2025-12-29,362.6600,365.8200,360.8200,364.2100,4874400
SMH,2025-12-30,365.1600,366.2400,363.0700,363.3100,2927000
SMH,2025-12-31,364.8300,365.5700,360.0700,360.1300,2687300
SMH,2026-01-02,368.9500,376.3400,368.8400,373.3000,8972400
SMH,2026-01-05,381.7200,383.9900,376.9400,377.5900,9071300
SMH,2026-01-06,382.4000,389.3700,382.1400,387.6200,10201200
SMH,2026-01-07,385.2000,387.8100,383.5900,385.0200,6058900
SMH,2026-01-08,384.5600,384.7400,375.8600,378.9800,5724000
SMH,2026-01-09,382.2800,390.8800,380.0800,389.2200,6490800
SMH,2026-01-12,385.6700,391.9800,385.6700,390.6600,5532000
SMH,2026-01-13,392.2700,396.1000,390.3800,391.5300,5281600
SMH,2026-01-14,388.9600,389.3400,383.8100,388.3500,6696500
SMH,2026-01-15,401.0700,403.6200,396.1200,396.4100,9948100
SMH,2026-01-16,402.8500,405.3100,398.4200,400.3900,5485900
SMH,2026-01-20,393.1600,397.1600,389.4300,390.3900,7158500
SMH,2026-01-21,394.7500,405.8800,393.3700,401.9300,8754600
SMH,2026-01-22,408.1800,408.7300,401.5700,402.8200,5462600
SMH,2026-01-23,400.5000,403.0900,397.5300,400.0900,5869500
SMH,2026-01-26,398.4000,400.7400,396.2200,398.8200,4326900
SMH,2026-01-27,403.9000,409.3900,402.2100,407.2500,6145600
SMH,2026-01-28,415.3400,418.4900,413.1300,416.6300,7641900
SMH,2026-01-29,417.4400,420.6000,403.1700,417.5200,9352500
SMH,2026-01-30,411.2800,416.6400,400.5800,403.4600,9029000
SMH,2026-02-02,398.8600,412.0400,398.4300,407.9700,5946300
SMH,2026-02-03,411.0300,412.5800,390.5200,397.6800,12188600
SMH,2026-02-04,394.6700,396.7100,374.2400,382.0200,16908500
SMH,2026-02-05,379.1400,388.0800,375.5600,381.0700,12007800
SMH,2026-02-06,389.2000,403.0800,387.1900,401.6500,13460300
SMH,2026-02-09,398.9100,409.6900,397.0000,406.6500,5915200
SMH,2026-02-10,408.1800,408.8000,401.8300,404.7600,5645300
SMH,2026-02-11,413.8400,418.0800,406.3600,414.7800,6211200
SMH,2026-02-12,418.3300,420.0400,405.2800,406.1100,7379100
SMH,2026-02-13,408.1500,412.0700,402.4900,407.7200,6481600
SMH,2026-02-17,402.7100,410.8700,397.7700,407.5100,7312700
SMH,2026-02-18,411.4400,417.0400,408.7200,412.5500,5839900
SMH,2026-02-19,408.7100,411.0000,405.5600,410.2000,4056400
SMH,2026-02-20,407.6600,416.8300,407.1800,415.0300,5715800
SMH,2026-02-23,413.5700,417.7000,409.2800,412.8800,5842800
SMH,2026-02-24,417.2200,421.6700,411.6700,419.1600,7828900
SMH,2026-02-25,424.3500,427.9400,423.6800,426.1600,7714500
SMH,2026-02-26,423.7200,423.7200,405.5600,412.0100,14811300
SMH,2026-02-27,403.2600,409.2400,401.8800,406.3700,9049100
SMH,2026-03-02,397.2500,407.3600,396.9200,406.3900,11490200
SMH,2026-03-03,391.3600,394.5400,385.9300,391.0600,13768900
SMH,2026-03-04,396.2500,401.2300,393.1000,399.1000,8767200
SMH,2026-03-05,396.0600,401.1100,386.7500,395.3500,11793700
SMH,2026-03-06,384.9700,392.6700,378.5300,380.5600,12423200
SMH,2026-03-09,375.7600,395.3600,374.1600,394.3700,16338100
SMH,2026-03-10,394.0000,403.8800,394.0000,397.3300,13687700
SMH,2026-03-11,400.0100,404.3900,398.6900,401.0300,6024900
SMH,2026-03-12,395.4600,396.0600,386.7400,388.1300,9845200
SMH,2026-03-13,392.3200,396.3300,386.0700,387.3300,7636100
SMH,2026-03-16,395.1400,399.4800,392.6400,393.9200,10317600
SMH,2026-03-17,397.1600,397.6100,393.2200,396.8800,6646300
SMH,2026-03-18,396.9600,399.6900,393.4700,393.6700,8372400
SMH,2026-03-19,384.0000,397.5300,381.4400,394.9200,12674800
SMH,2026-03-20,394.1100,395.7300,380.8700,384.7400,12846800
SMH,2026-03-23,393.3600,399.2800,389.4400,391.3600,12742300
SMH,2026-03-24,388.0300,396.8800,387.6200,394.5900,6177200
SMH,2026-03-25,398.3600,402.5000,395.7400,399.0200,7388700
SMH,2026-03-26,391.9200,392.6800,380.3000,380.8400,14806200
SMH,2026-03-27,377.7900,381.3100,373.0100,374.2500,11811400
SMH,2026-03-30,377.6200,379.2400,359.8600,362.5300,12198200
SMH,2026-03-31,368.7400,383.5000,368.1000,383.4000,13834900
SMH,2026-04-01,388.2600,396.6300,386.3800,391.9700,10805400
SMH,2026-04-02,378.0700,393.5000,378.0000,392.3200,8505800
SMH,2026-04-06,393.7500,397.1000,391.9000,395.9800,4186100
SMH,2026-04-07,394.7100,400.0900,389.6400,399.9000,6672500
SMH,2026-04-08,423.1600,424.9900,414.9900,422.9200,10184300
SMH,2026-04-09,423.1700,430.6500,422.6300,430.3100,6018200
SMH,2026-04-10,434.4500,441.5400,434.4500,436.8800,11224200
SMH,2026-04-13,434.7500,443.6400,433.6000,443.3400,6549800
SMH,2026-04-14,448.0000,452.1000,444.2400,452.0000,6932400
SMH,2026-04-15,450.7000,453.3300,435.1500,453.0000,9155700
SMH,2026-04-16,450.7300,457.0900,447.7700,454.8000,6450700
SMH,2026-04-17,462.8000,464.5800,459.5000,464.1600,7184600
SMH,2026-04-20,464.6400,465.7400,458.6500,463.9600,3935100
SMH,2026-04-21,466.2900,468.4300,462.2400,464.6600,5598600
SMH,2026-04-22,471.0500,477.4200,467.1700,476.8300,7835200
SMH,2026-04-23,480.4000,488.0800,475.1900,481.8500,10619700
SMH,2026-04-24,499.5100,509.5900,495.4600,506.4400,12614300
SMH,2026-04-27,509.1900,510.1000,497.7500,506.2600,9040200
SMH,2026-04-28,488.1900,496.6600,483.2900,491.2100,12664800
SMH,2026-04-29,496.3500,499.5800,492.3400,499.5800,6007900
SMH,2026-04-30,504.7100,507.7900,495.0200,506.7200,8401600
SMH,2026-05-01,504.2100,511.9900,502.2500,509.8200,5308300
SMH,2026-05-04,512.4700,513.1500,501.1500,506.7900,6867500
SMH,2026-05-05,515.3800,526.2000,514.1200,522.6900,8624600
SMH,2026-05-06,537.7700,549.8800,532.3500,549.7600,15262900
SMH,2026-05-07,545.7700,549.7000,535.9200,540.1000,10905200
SMH,2026-05-08,551.5800,566.7900,549.0000,566.5400,8553700
SMH,2026-05-11,570.2600,578.0600,566.8000,576.3100,12680900
SMH,2026-05-12,565.0100,570.4000,542.6700,561.2500,17720800
SMH,2026-05-13,571.8000,576.2000,560.1200,572.4600,9586700
SMH,2026-05-14,570.8400,581.1700,567.7500,578.3400,8458700
SMH,2026-05-15,560.3100,565.8800,552.9100,556.3400,13009600
SMH,2026-05-18,565.4800,567.2100,536.8700,546.1600,12317500
SMH,2026-05-19,534.9400,553.3400,527.8700,543.9600,11905800
SMH,2026-05-20,552.7500,564.7200,551.6500,564.6600,8892200
SMH,2026-05-21,561.0200,570.6000,557.6200,567.8800,8293800
SMH,2026-05-22,574.2700,582.5000,572.8600,576.3200,7535000
SMH,2026-05-26,591.5800,603.9700,589.1000,602.1400,10008500
SMH,2026-05-27,611.9400,612.3000,584.9300,595.5000,11209000
SMH,2026-05-28,595.8100,604.7400,587.3100,599.8300,7625000
SMH,2026-05-29,606.0300,611.7900,597.1200,598.9300,7596100
SMH,2026-06-01,596.1000,613.4300,593.0900,607.8100,8649000
SMH,2026-06-02,619.6000,632.5700,614.4700,632.2100,8083500
SMH,2026-06-03,640.8000,642.7700,623.9100,637.9000,10179900
SMH,2026-06-04,613.0000,634.7800,604.6100,627.5300,10462900
SMH,2026-06-05,605.0900,607.0000,569.6900,569.6900,22038000
SMH,2026-06-08,597.2100,606.2000,588.5400,598.1600,13823900
SMH,2026-06-09,609.4800,613.6900,554.6600,591.0100,20329700
SMH,2026-06-10,580.7600,598.7300,568.2900,570.9100,12711400
SMH,2026-06-11,582.6100,611.6200,581.6100,609.4500,12196800
SMH,2026-06-12,607.9500,624.6200,602.2100,619.9600,8963300
SMH,2026-06-15,643.5000,649.2400,639.2500,647.1000,9613900
SMH,2026-06-16,643.5200,648.3100,616.0000,616.0000,10949600
SMH,2026-06-17,633.4600,643.5000,623.1300,623.9700,10658800
SMH,2026-06-18,648.5500,663.8000,648.1500,659.8800,11229700
SMH,2026-06-22,670.3500,671.8300,660.0200,668.9100,8043000
SMH,2026-06-23,625.9300,636.8800,617.2700,622.0500,19126000
SMH,2026-06-24,622.2800,625.2300,606.2300,618.9200,11902000
SMH,2026-06-25,649.3700,650.0300,613.9300,636.8800,14877600
SMH,2026-06-26,616.7900,621.7100,609.0000,611.6100,12728300
SMH,2026-06-29,615.0300,633.2600,596.1700,631.9800,10473900
SMH,2026-06-30,636.0700,659.7400,634.6000,655.8900,9406900
SMH,2026-07-01,634.3500,639.8900,618.6200,620.4600,13424700
SMH,2026-07-02,622.5800,627.7000,582.6000,592.2900,21288600
SMH,2026-07-06,607.0500,618.2100,604.0500,604.3000,9820700
SMH,2026-07-07,580.0200,585.9700,566.8300,581.4500,14619200
SMH,2026-07-08,575.3300,595.0000,575.0400,593.0000,9521300
SMH,2026-07-09,615.4800,618.1700,604.7000,607.7300,9045100
SMH,2026-07-10,600.8700,615.0500,595.8400,611.0300,6608400
SMH,2026-07-13,598.0100,599.3600,583.0900,585.6200,8736500
SMH,2026-07-14,608.9000,608.9000,590.3800,600.3100,7581100
SMH,2026-07-15,606.8800,606.8800,573.7200,590.7700,11020800
SMH,2026-07-16,575.7500,581.8400,564.4500,568.9200,12353300
SMH,2026-07-17,547.9400,567.4100,536.8100,556.5300,22083900
SMH,2026-07-20,568.7800,572.7700,557.2400,558.8300,6962600
SMH,2026-07-21,580.9600,586.0000,572.0500,584.0800,7129800
SMH,2026-07-22,571.3500,592.0100,571.3500,586.9100,5249700
SMH,2026-07-23,577.2000,586.8900,574.0000,580.1700,7963200
SMH,2026-07-24,574.4300,578.5200,556.4900,561.1900,19156400
SMH,2026-07-27,565.9400,567.6200,535.3100,548.5500,38682200
SMH,2026-07-28,531.6500,535.9400,518.2500,529.6000,18429000
SMH,2026-07-29,525.9900,532.1700,503.6300,504.2200,19440900
SMH,2026-07-30,529.8600,544.6400,524.5600,538.9000,14175000
SMH,2026-07-31,557.5000,561.4400,535.2400,540.5300,14673900
SMH,2026-08-03,530.4300,548.4900,524.7700,545.4600,7283800
SMH,2026-08-04,564.2900,578.6300,562.2800,575.7100,9566200
SMH,2026-08-05,574.4100,585.0000,568.3800,569.7000,6209400
SMH,2026-08-06,565.4800,580.4300,559.5600,571.4800,6231700
SMH,2026-08-07,583.5800,586.0900,572.3200,582.7000,6505000
SMH,2026-08-10,585.9900,586.2400,569.2000,569.4100,6476700
SMH,2026-08-11,578.5700,578.6000,569.1700,572.9300,5029000
SMH,2026-08-12,590.5500,590.5700,583.7900,584.8300,7414100
SMH,2026-08-13,586.3800,597.9500,585.0100,589.1200,6786000
SMH,2026-08-14,587.5100,590.3300,581.8700,587.8200,5524300
SMH,2026-08-17,593.7200,600.3700,591.5000,594.0700,7700500
SMH,2026-08-18,574.3600,577.7600,562.6300,569.7700,11364400
SMH,2026-08-19,575.0600,576.8400,556.3200,560.9200,8713300
SMH,2026-08-20,559.3800,566.0000,557.2600,562.6500,6240600
SMH,2026-08-21,569.4400,569.4400,556.1000,560.4200,9619300
SMH,2026-08-24,554.1800,554.1800,540.7500,546.8000,7743300
SMH,2026-08-25,555.3800,560.3800,550.6600,555.8200,6038900
SMH,2026-08-26,554.4700,557.7800,550.5400,555.7700,3865000
SMH,2026-08-27,569.3700,573.2100,562.5400,573.0000,6562500
SMH,2026-08-28,568.7200,570.1200,552.3000,553.1100,6461800
SMH,2026-08-31,554.3800,558.4300,552.7900,556.6300,4317100
SMH,2026-09-01,546.4800,549.8800,540.8500,545.2200,6195100
SMH,2026-09-02,545.2300,553.1900,541.7200,550.4800,5127100
SMH,2026-09-03,546.7700,553.7400,540.0700,552.6000,5623500
SMH,2026-09-04,560.5000,569.4000,557.7200,567.0100,9451200
SMH,2026-09-08,578.7000,580.5700,572.0000,573.7300,8300300
SMH,2026-09-09,569.9000,577.5700,569.9000,574.2900,3458300
SMH,2026-09-10,561.5400,565.1500,557.0900,560.2800,6621000
SMH,2026-09-11,568.8300,572.8000,564.0000,568.5300,5199300
SMH,2026-09-14,539.9900,546.7600,537.7300,541.5000,10627900
SMH,2026-09-15,546.5700,548.1900,540.1100,542.1100,6113700
SMH,2026-09-16,549.9500,553.1700,540.4500,545.5600,5998800
SMH,2026-09-17,560.1000,561.7700,557.5600,560.6100,6164200
SMH,2026-09-18,562.8800,580.8100,562.7500,573.0000,6296500
SMH,2026-09-21,581.9000,598.6200,578.5100,596.0300,9886000
SMH,2026-09-22,591.6700,608.6700,591.0100,607.4600,6631100
SPY,2024-09-19,571.0100,572.8800,568.0800,570.9800,75315500
SPY,2024-09-20,567.8400,569.3100,565.1700,568.2500,77503100
SPY,2024-09-23,569.3400,570.3300,568.1000,569.6700,44116900
SPY,2024-09-24,570.4800,571.3600,567.6000,571.3000,46805700
SPY,2024-09-25,571.1400,571.8900,568.9100,570.0400,38428600
SPY,2024-09-26,574.3800,574.7100,569.9000,572.3000,48336000
SPY,2024-09-27,573.3900,574.2200,570.4200,571.4700,42100900
SPY,2024-09-30,570.4200,574.3800,568.0800,573.7600,63557400
SPY,2024-10-01,573.4000,574.0600,566.0000,568.6200,72668800
SPY,2024-10-02,567.7100,569.9000,565.2700,568.8600,38097800
SPY,2024-10-03,567.3600,569.8000,565.4900,567.8200,40846500
SPY,2024-10-04,572.3500,573.3600,568.1000,572.9800,42939100
SPY,2024-10-07,571.3000,571.9600,566.6300,567.8000,49964700
SPY,2024-10-08,570.4200,573.7800,569.5300,573.1700,37398700
SPY,2024-10-09,573.1600,577.7100,572.5500,577.1400,37912200
SPY,2024-10-10,575.7700,577.5800,574.4900,576.1300,44138100
SPY,2024-10-11,576.0500,580.3300,575.9100,579.5800,42268000
SPY,2024-10-14,581.2200,585.2700,580.7300,584.3200,36217200
SPY,2024-10-15,584.5900,584.9000,578.5400,579.7800,54203600
SPY,2024-10-16,579.7800,582.8300,578.9600,582.3000,30725400
SPY,2024-10-17,585.9100,586.1200,582.1600,582.3500,34393700
SPY,2024-10-18,584.0700,585.3900,582.5800,584.5900,37416800
SPY,2024-10-21,583.8500,584.8500,580.6000,583.6300,36439000
SPY,2024-10-22,581.0500,584.5000,580.3800,583.3200,34183800
SPY,2024-10-23,581.2600,581.7100,574.4200,577.9900,49314600
SPY,2024-10-24,579.9800,580.0600,576.5700,579.2400,34979900
SPY,2024-10-25,581.5100,584.4600,578.0800,579.0400,47268200
SPY,2024-10-28,582.5800,582.7100,580.5200,580.8300,30174700
SPY,2024-10-29,579.8500,582.9100,578.4300,581.7700,42899700
SPY,2024-10-30,581.2900,583.3200,579.2900,580.0100,41435800
SPY,2024-10-31,575.5600,575.6300,568.4400,568.6400,60182500
SPY,2024-11-01,571.3200,575.5500,570.6200,571.0400,45667500
SPY,2024-11-04,571.1800,572.5000,567.8900,569.8100,38217000
SPY,2024-11-05,570.7400,576.7400,570.5200,576.7000,39478300
SPY,2024-11-06,589.2000,591.9300,585.3900,591.0400,68182000
SPY,2024-11-07,593.0800,596.6500,593.0000,595.6100,47233200
SPY,2024-11-08,596.1700,599.6400,596.1700,598.1900,46444900
SPY,2024-11-11,599.8100,600.1700,597.0000,598.7600,37586800
SPY,2024-11-12,598.6800,599.2900,594.3700,596.9000,43006100
SPY,2024-11-13,597.3700,599.2300,594.9600,597.1900,47388600
SPY,2024-11-14,597.3200,597.8100,592.6500,593.3500,38904100
SPY,2024-11-15,589.7200,590.2000,583.8600,585.7500,75988800
SPY,2024-11-18,586.2200,589.4900,585.3400,588.1500,37001700
SPY,2024-11-19,584.7100,591.0400,584.0300,590.3000,49412000
SPY,2024-11-20,590.3800,590.7900,584.6300,590.5000,50032600
SPY,2024-11-21,593.4000,595.1200,587.4500,593.6700,46750300
SPY,2024-11-22,593.6600,596.1500,593.1500,595.5100,38226400
SPY,2024-11-25,599.5200,600.8600,595.2000,597.5300,42441400
SPY,2024-11-26,598.8000,601.3300,598.0700,600.6500,45621300
SPY,2024-11-27,600.4600,600.8500,597.2800,598.8300,34000200
SPY,2024-11-29,599.6600,603.3500,599.3800,602.5500,30177400
SPY,2024-12-02,602.9700,604.3200,602.4700,603.6300,31746000
SPY,2024-12-03,603.3900,604.1600,602.3400,603.9100,26906600
SPY,2024-12-04,605.6300,607.9100,604.9500,607.6600,42787600
SPY,2024-12-05,607.6600,608.4800,606.3000,606.6600,28762200
SPY,2024-12-06,607.4400,609.0700,607.0200,607.8100,31241500
SPY,2024-12-09,607.6900,607.8600,604.0800,604.6800,34742700
SPY,2024-12-10,605.3700,605.8000,602.1300,602.8000,37234500
SPY,2024-12-11,605.7800,608.4300,605.5000,607.4600,28677700
SPY,2024-12-12,606.5800,607.1600,604.3300,604.3300,31543800
SPY,2024-12-13,606.4000,607.1300,602.8100,604.2100,35904700
SPY,2024-12-16,606.0000,607.7800,605.2100,606.7900,43695200
SPY,2024-12-17,604.1900,605.1700,602.8900,604.2900,55773500
SPY,2024-12-18,603.9800,606.4100,585.8900,586.2800,108248700
SPY,2024-12-19,591.3600,593.0000,585.8500,586.1000,85919500
SPY,2024-12-20,581.7700,595.7500,580.9100,591.1500,125716700
SPY,2024-12-23,590.8900,595.3000,587.6600,594.6900,57635800
SPY,2024-12-24,596.0600,601.3400,595.4700,601.3000,33160100
SPY,2024-12-26,599.5000,602.4800,598.0800,601.3400,41219100
SPY,2024-12-27,597.5400,597.7800,590.7600,595.0100,64969300
SPY,2024-12-30,587.8900,591.7400,584.4100,588.2200,56578800
SPY,2024-12-31,589.9100,590.6400,584.4200,586.0800,57052700
SPY,2025-01-02,589.3900,591.1300,580.5000,584.6400,50204000
SPY,2025-01-03,587.5300,592.6000,586.4300,591.9500,37888500
SPY,2025-01-06,596.2700,599.7000,593.6000,595.3600,47679400
SPY,2025-01-07,597.4200,597.7500,586.7800,588.6300,60393100
SPY,2025-01-08,588.7000,590.5800,585.2000,589.4900,47304700
SPY,2025-01-10,585.8800,585.9500,578.5500,580.4900,73105000
SPY,2025-01-13,575.7700,581.7500,575.3500,581.3900,47910100
SPY,2025-01-14,584.3600,585.0000,578.3500,582.1900,48420600
SPY,2025-01-15,590.3300,593.9400,589.2000,592.7800,56900200
SPY,2025-01-16,594.1700,594.3500,590.9300,591.6400,43319700
SPY,2025-01-17,596.9600,599.3600,595.6100,597.5800,58070600
SPY,2025-01-21,600.6700,603.0600,598.6700,603.0500,42532900
SPY,2025-01-22,605.9200,607.8200,605.3600,606.4400,48196000
SPY,2025-01-23,605.8000,609.7500,605.5200,609.7500,41152100
SPY,2025-01-24,609.8100,610.7800,606.8000,607.9700,34604700
SPY,2025-01-27,594.8100,599.6900,594.6400,599.3700,70361100
SPY,2025-01-28,600.6200,605.3700,597.2500,604.5200,44433300
SPY,2025-01-29,603.7200,604.1300,599.2200,601.8100,37177400
SPY,2025-01-30,603.9600,606.6000,600.7200,605.0400,39281300
SPY,2025-01-31,607.5000,609.9600,601.0500,601.8200,66566900
SPY,2025-02-03,592.6700,600.2900,590.4900,597.7700,65857200
SPY,2025-02-04,597.8300,602.3000,597.2800,601.7800,33457800
SPY,2025-02-05,600.6400,604.3700,598.5800,604.2200,30653100
SPY,2025-02-06,605.9900,606.4500,602.6300,606.3200,35771500
SPY,2025-02-07,606.8900,608.1300,600.0500,600.7700,50788500
SPY,2025-02-10,604.0300,605.5000,602.7400,604.8500,26048700
SPY,2025-02-11,602.5500,605.8600,602.4300,605.3100,30056700
SPY,2025-02-12,599.2000,604.5500,598.5100,603.3600,45076100
SPY,2025-02-13,604.4800,609.9400,603.2000,609.7300,40921300
SPY,2025-02-14,609.9400,610.9900,609.0700,609.7000,26910400
SPY,2025-02-18,610.8800,611.4900,608.3800,611.4900,26749000
SPY,2025-02-19,610.0800,613.2300,609.5600,612.9300,31011100
SPY,2025-02-20,611.5400,611.6800,607.0200,610.3800,36554000
SPY,2025-02-21,610.1600,610.3000,599.4700,599.9400,76519800
SPY,2025-02-24,602.0200,603.0300,596.4900,597.2100,50737200
SPY,2025-02-25,597.1500,597.8900,589.5600,594.2400,58266500
SPY,2025-02-26,595.9300,599.5800,591.8600,594.5400,43321600
SPY,2025-02-27,596.8500,598.0200,584.6500,585.0500,74196700
SPY,2025-02-28,585.5600,594.7200,582.4400,594.1800,88744100
SPY,2025-03-03,596.1800,597.3400,579.9000,583.7700,74249200
SPY,2025-03-04,579.7100,585.3900,572.2500,576.8600,109648200
SPY,2025-03-05,576.6900,584.8800,573.0800,583.0600,71230500
SPY,2025-03-06,575.4800,580.1700,570.1200,572.7100,80094900
SPY,2025-03-07,570.9000,577.3900,565.6300,575.9200,81158800
SPY,2025-03-10,567.5900,569.5400,555.5900,560.5800,99326600
SPY,2025-03-11,559.4000,564.0200,552.0200,555.9200,88102100
SPY,2025-03-12,562.1700,563.1100,553.6900,558.8700,69588200
SPY,2025-03-13,558.4900,559.1100,549.6800,551.4200,74079400
SPY,2025-03-14,556.1100,563.8300,551.4900,562.8100,62660300
SPY,2025-03-17,562.7900,569.7100,562.3500,567.1500,49008700
SPY,2025-03-18,564.8000,565.0200,559.0600,561.0200,66041400
SPY,2025-03-19,562.8300,570.9500,561.6300,567.1300,66556000
SPY,2025-03-20,563.3300,570.5700,562.6000,565.4900,62958200
SPY,2025-03-21,559.2800,564.8900,558.0300,563.9800,83763000
SPY,2025-03-24,570.8000,575.1500,570.2000,574.0800,58766800
SPY,2025-03-25,575.3000,576.4100,573.6900,575.4600,38355700
SPY,2025-03-26,575.1900,576.3300,567.1900,568.5900,51848300
SPY,2025-03-27,567.1800,570.9000,564.9400,567.0800,42164200
SPY,2025-03-28,565.5300,566.2700,555.0700,555.6600,71662700
SPY,2025-03-31,549.8300,560.7100,546.8700,559.3900,95328200
SPY,2025-04-01,557.4500,562.9400,553.6800,560.9700,54609600
SPY,2025-04-02,555.0500,567.4200,554.8100,564.5200,76014500
SPY,2025-04-03,545.1100,547.9700,536.7000,536.7000,125986000
SPY,2025-04-04,523.6700,525.8700,505.0600,505.2800,217965100
SPY,2025-04-07,489.1900,523.1700,481.8000,504.3800,256611400
SPY,2025-04-08,521.8600,524.9800,489.1600,496.4800,165816600
SPY,2025-04-09,493.4400,548.6200,493.0500,548.6200,241867300
SPY,2025-04-10,532.1700,533.5000,509.3200,524.5800,162331200
SPY,2025-04-11,523.0100,536.4300,520.0700,533.9400,97866300
SPY,2025-04-14,544.0500,544.2800,533.8600,539.1200,68034000
SPY,2025-04-15,539.6700,543.2300,536.8100,537.6100,56892900
SPY,2025-04-16,531.6800,537.8900,520.2900,525.6600,83484800
SPY,2025-04-17,527.6400,531.1700,523.9100,526.4100,79868100
SPY,2025-04-21,521.1600,521.7000,508.4600,513.8800,69368100
SPY,2025-04-22,520.1400,529.3000,519.1900,527.2500,75948100
SPY,2025-04-23,540.4300,545.4300,533.8800,535.4200,90590700
SPY,2025-04-24,536.7200,547.4300,535.4500,546.6900,64150400
SPY,2025-04-25,546.6500,551.0500,543.6900,550.6400,61119600
SPY,2025-04-28,551.3900,553.5500,545.0200,550.8500,47613800
SPY,2025-04-29,548.9100,555.4500,548.5500,554.3200,47775100
SPY,2025-04-30,547.5700,556.5200,541.5200,554.5400,93101500
SPY,2025-05-01,560.3700,564.0700,557.8600,558.4700,63186100
SPY,2025-05-02,564.7300,568.3800,562.3800,566.7600,60717300
SPY,2025-05-05,562.5700,566.6500,561.7000,563.5100,38659200
SPY,2025-05-06,557.9300,563.3500,556.9600,558.8000,48264700
SPY,2025-05-07,560.1500,563.8200,556.0400,561.1500,55588000
SPY,2025-05-08,565.2400,570.3100,561.7000,565.0600,65130800
SPY,2025-05-09,566.4800,567.5000,562.7600,564.3400,37603400
SPY,2025-05-12,581.4700,583.0000,577.0400,582.9900,78993600
SPY,2025-05-13,583.4100,589.0800,582.8400,586.8400,67947200
SPY,2025-05-14,587.8100,588.9800,585.5400,587.5900,66283500
SPY,2025-05-15,585.5600,590.9700,585.1000,590.4600,71268100
SPY,2025-05-16,591.2500,594.5000,589.2800,594.2000,76052100
SPY,2025-05-19,588.1000,595.5400,588.1000,594.8500,68168500
SPY,2025-05-20,593.0900,594.0500,589.6000,592.8500,60614500
SPY,2025-05-21,588.4400,592.5800,581.8200,582.8600,95197700
SPY,2025-05-22,582.6600,586.6200,581.4100,583.0900,70860400
SPY,2025-05-23,575.9800,581.8100,575.6000,579.1100,76029000
SPY,2025-05-27,586.0700,591.3100,578.4300,591.1500,72588500
SPY,2025-05-28,591.5600,592.7700,586.9900,587.7300,68445500
SPY,2025-05-29,593.0600,593.2000,586.0700,590.0500,69973300
SPY,2025-05-30,588.9300,591.1300,583.2400,589.3900,90601200
SPY,2025-06-02,587.7600,592.7900,585.0600,592.7100,61630500
SPY,2025-06-03,592.3400,597.0800,591.8500,596.0900,63606200
SPY,2025-06-04,596.9600,597.9500,595.4900,595.9300,57314200
SPY,2025-06-05,597.6300,599.0000,591.0500,593.0500,92278700
SPY,2025-06-06,598.6600,600.8300,596.8600,599.1400,66588700
SPY,2025-06-09,599.7200,601.2500,598.4900,599.6800,53016400
SPY,2025-06-10,600.2200,603.4700,599.0900,603.0800,66247000
SPY,2025-06-11,604.1900,605.0600,599.2700,601.3600,73658200
SPY,2025-06-12,600.0100,603.7500,599.5200,603.7500,64129000
SPY,2025-06-13,598.5000,601.8500,595.4800,597.0000,89506000
SPY,2025-06-16,600.4000,604.4500,600.2200,602.6800,79984100
SPY,2025-06-17,600.2100,601.7500,596.7600,597.5300,82209400
SPY,2025-06-18,598.4400,601.2200,596.4700,597.4400,76605000
SPY,2025-06-20,598.3800,599.4600,592.8600,594.2800,94051400
SPY,2025-06-23,595.0400,600.5400,591.8900,600.1500,87426000
SPY,2025-06-24,604.3300,607.8500,603.4100,606.7800,67735300
SPY,2025-06-25,607.9100,608.6100,605.5400,607.1200,62114800
SPY,2025-06-26,608.9900,612.3100,608.3700,611.8700,78548400
SPY,2025-06-27,612.8800,616.3900,610.8300,614.9100,86258400
SPY,2025-06-30,617.3800,619.2200,615.0400,617.8500,92502500
SPY,2025-07-01,616.3600,618.8300,615.5200,617.6500,70030100
SPY,2025-07-02,617.2400,620.4900,616.6100,620.4500,66510400
SPY,2025-07-03,622.4500,626.2800,622.4300,625.3400,51065800
SPY,2025-07-07,623.3600,624.0300,617.8700,620.6800,74814500
SPY,2025-07-08,621.3500,622.1100,619.5200,620.3400,59024600
SPY,2025-07-09,622.7700,624.7200,620.9100,624.0600,66113300
SPY,2025-07-10,624.2000,626.8700,623.0100,625.8200,57529000
SPY,2025-07-11,622.7400,624.8600,621.5300,623.6200,63670200
SPY,2025-07-14,623.1600,625.1600,621.8000,624.8100,51898500
SPY,2025-07-15,627.5200,627.8600,622.0600,622.1400,74317300
SPY,2025-07-16,623.7400,624.7300,618.0500,624.2200,88987500
SPY,2025-07-17,624.4000,628.4000,624.1800,628.0400,68885700
SPY,2025-07-18,629.3000,629.4700,626.4600,627.5800,65621600
SPY,2025-07-21,628.7700,631.5400,628.3400,628.7700,63375000
SPY,2025-07-22,629.1000,629.7300,626.1900,628.8600,60046300
SPY,2025-07-23,631.5500,634.2100,629.7300,634.2100,70511000
SPY,2025-07-24,634.6000,636.1500,633.9900,634.4200,71307100
SPY,2025-07-25,635.0900,637.5800,634.8400,637.1000,56865400
SPY,2025-07-28,637.4800,638.0400,635.5400,636.9400,54917100
SPY,2025-07-29,638.3500,638.6700,634.3400,635.2600,60556300
SPY,2025-07-30,635.9200,637.6800,631.5400,634.4600,80418900
SPY,2025-07-31,639.4600,639.8500,630.7700,632.0800,103385200
SPY,2025-08-01,626.3000,626.3400,619.2900,621.7200,140103600
SPY,2025-08-04,625.6700,631.2200,625.5800,631.1700,73218000
SPY,2025-08-05,631.7900,632.6100,627.0400,627.9700,68051400
SPY,2025-08-06,629.0500,633.4400,628.1300,632.7800,64357500
SPY,2025-08-07,636.2400,636.9800,629.1100,632.2500,74205800
SPY,2025-08-08,634.0600,637.6500,633.7400,637.1800,64051600
SPY,2025-08-11,637.4600,638.9500,634.6600,635.9200,58742300
SPY,2025-08-12,638.2900,642.8500,636.7900,642.6900,64730800
SPY,2025-08-13,644.9100,646.1900,642.6800,644.8900,60092800
SPY,2025-08-14,642.7900,645.6200,642.3400,644.9500,59327500
SPY,2025-08-15,645.9900,646.0900,642.5200,643.4400,68592500
SPY,2025-08-18,642.8600,644.0000,642.1800,643.3000,43804900
SPY,2025-08-19,643.1200,644.1100,638.4800,639.8100,69750700
SPY,2025-08-20,639.4000,639.6600,632.9500,638.1100,88890300
SPY,2025-08-21,636.2800,637.9700,633.8100,635.5500,54805800
SPY,2025-08-22,637.7600,646.5000,637.2500,645.3100,84083200
SPY,2025-08-25,644.0400,645.2900,642.3500,642.4700,51274300
SPY,2025-08-26,642.2000,645.5100,641.5700,645.1600,51581600
SPY,2025-08-27,644.5700,647.3700,644.4200,646.6300,48341100
SPY,2025-08-28,647.2400,649.4800,645.3400,648.9200,61519500
SPY,2025-08-29,647.4700,647.8400,643.1400,645.0500,74522200
SPY,2025-09-02,637.5000,640.4900,634.9200,640.2700,81983500
SPY,2025-09-03,642.6700,644.2100,640.4600,643.7400,70820900
SPY,2025-09-04,644.4200,649.1500,643.5100,649.1200,65219200
SPY,2025-09-05,651.4800,652.2100,643.3300,647.2400,85178900
SPY,2025-09-08,648.6200,649.8400,647.2300,648.8300,63133100
SPY,2025-09-09,648.9700,650.8600,647.2200,650.3300,66133900
SPY,2025-09-10,653.6200,654.5500,650.6300,652.2100,78034500
SPY,2025-09-11,654.1800,658.3300,653.5900,657.6300,69934400
SPY,2025-09-12,657.6000,659.1100,656.9000,657.4100,72780100
SPY,2025-09-15,659.6400,661.0400,659.3400,660.9100,63772400
SPY,2025-09-16,661.4700,661.7800,659.2100,660.0000,61169000
SPY,2025-09-17,660.0100,661.7200,654.3000,659.1800,101952200
SPY,2025-09-18,661.8900,664.8900,660.2700,662.2600,90459200
SPY,2025-09-19,662.3300,664.5500,660.3700,663.7000,97945600
SPY,2025-09-22,662.2000,667.2900,662.1700,666.8400,69452200
SPY,2025-09-23,666.7200,667.3400,661.9800,663.2100,81708900
SPY,2025-09-24,664.5100,664.6100,659.6700,661.1000,68082200
SPY,2025-09-25,657.9400,659.4100,654.4100,658.0500,89622100
SPY,2025-09-26,659.5100,662.3700,657.8800,661.8200,69179200
SPY,2025-09-29,664.3600,665.2800,661.8600,663.6800,73499000
SPY,2025-09-30,662.9300,666.6500,661.6100,666.1800,86288000
SPY,2025-10-01,663.1700,669.3700,663.0600,668.4500,72545400
SPY,2025-10-02,670.4500,670.5700,666.7800,669.2200,56896000
SPY,2025-10-03,669.9900,672.6800,668.1600,669.2100,70494400
SPY,2025-10-06,671.6200,672.5100,669.4600,671.6100,54623300
SPY,2025-10-07,672.5400,672.9900,667.6700,669.1200,72020100
SPY,2025-10-08,670.2500,673.2100,669.4200,673.1100,60702200
SPY,2025-10-09,673.5300,673.9400,669.2100,671.1600,66501900
SPY,2025-10-10,672.1300,673.9500,652.8400,653.0200,159422600
SPY,2025-10-13,660.6500,665.1300,659.7700,663.0400,79560500
SPY,2025-10-14,657.1700,665.8300,653.1700,662.2300,88779600
SPY,2025-10-15,666.8200,670.2300,658.9300,665.1700,81702600
SPY,2025-10-16,666.8200,668.7100,657.1100,660.6400,110563300
SPY,2025-10-17,659.5000,665.7600,658.1400,664.3900,96500900
SPY,2025-10-20,667.3200,672.2100,667.2700,671.3000,60493400
SPY,2025-10-21,671.4400,672.9900,669.9800,671.2900,56249000
SPY,2025-10-22,672.0000,672.0000,663.3000,667.8000,80564000
SPY,2025-10-23,668.1200,672.7100,667.8000,671.7600,65604500
SPY,2025-10-24,676.4600,678.4700,675.6500,677.2500,74356500
SPY,2025-10-27,682.7300,685.5400,682.1200,685.2400,63339800
SPY,2025-10-28,687.0500,688.9100,684.8300,687.0600,61738100
SPY,2025-10-29,688.7200,689.7000,682.8700,687.3900,85657100
SPY,2025-10-30,683.9000,685.9400,679.8300,679.8300,76335800
SPY,2025-10-31,685.0400,685.0800,679.2400,682.0600,87164100
SPY,2025-11-03,685.6700,685.8000,679.9400,683.3400,57315000
SPY,2025-11-04,676.1100,679.9600,674.5800,675.2400,78427000
SPY,2025-11-05,674.9800,680.8600,674.1700,677.5800,74402400
SPY,2025-11-06,676.4700,677.3800,668.7200,670.3100,85035300
SPY,2025-11-07,667.9100,671.0800,661.2100,670.9700,100592400
SPY,2025-11-10,677.2400,682.1800,675.0300,681.4400,75842900
SPY,2025-11-11,679.9500,683.5700,678.7300,683.0000,58953400
SPY,2025-11-12,684.7900,684.9600,680.9500,683.3800,62312500
SPY,2025-11-13,680.5000,680.8600,670.5200,672.0400,103457800
SPY,2025-11-14,665.3800,675.6600,663.2700,671.9300,96846700
SPY,2025-11-17,669.7000,673.7100,662.1700,665.6700,90456100
SPY,2025-11-18,662.1000,665.1200,655.8600,660.0800,114467500
SPY,2025-11-19,660.7800,667.3400,658.7500,662.6300,94703000
SPY,2025-11-20,672.9100,675.5600,651.8900,652.5300,165293500
SPY,2025-11-21,655.0500,664.5500,650.8500,659.0300,123956200
SPY,2025-11-24,662.6900,670.0600,661.5900,668.7300,80437900
SPY,2025-11-25,668.6300,676.2100,664.4800,675.0200,81077100
SPY,2025-11-26,677.6300,681.7000,676.7200,679.6800,71879600
SPY,2025-11-28,680.8600,683.6700,680.5000,683.3900,49212000
SPY,2025-12-01,678.8100,682.9900,678.7400,680.2700,61201200
SPY,2025-12-02,681.9200,683.8200,679.3300,681.5300,62953800
SPY,2025-12-03,680.5700,684.9100,679.6900,683.8900,57238500
SPY,2025-12-04,685.3000,685.3700,681.3400,684.3900,61970300
SPY,2025-12-05,685.4700,688.3900,684.5800,685.6900,79241000
SPY,2025-12-08,686.5900,686.6400,681.5700,683.6300,55231500
SPY,2025-12-09,683.1500,685.3900,682.5900,683.0400,58310100
SPY,2025-12-10,682.5600,688.9700,681.3100,687.5700,85671300
SPY,2025-12-11,685.1400,689.2500,682.1700,689.1700,86173700
SPY,2025-12-12,688.1700,688.8800,679.1700,681.7600,113160300
SPY,2025-12-15,685.7400,685.7600,679.2500,680.7300,90811000
SPY,2025-12-16,679.2300,681.0800,674.9800,678.8700,122030600
SPY,2025-12-17,679.8900,680.4400,671.2000,671.4000,110625200
SPY,2025-12-18,677.6000,680.7400,674.9000,676.4700,108650100
SPY,2025-12-19,676.5900,681.0900,676.4700,680.5900,103599500
SPY,2025-12-22,683.9400,685.3600,680.5900,684.8300,69556700
SPY,2025-12-23,683.9200,688.2000,683.8700,687.9600,64840000
SPY,2025-12-24,687.9500,690.8300,687.8000,690.3800,39445600
SPY,2025-12-26,690.6400,691.6600,689.2700,690.3100,41613300
SPY,2025-12-29,687.5400,689.2000,686.0700,687.8500,62559500
SPY,2025-12-30,687.4500,688.5600,686.5800,687.0100,47160700
SPY,2025-12-31,687.1400,687.3600,681.7100,681.9200,74144800
SPY,2026-01-02,685.7100,686.8700,679.8200,683.1700,89377200
SPY,2026-01-05,686.5400,689.4300,686.3800,687.7200,71927200
SPY,2026-01-06,687.9300,692.3200,687.7800,691.8100,69273800
SPY,2026-01-07,692.1900,693.9600,689.3200,689.5800,75588300
SPY,2026-01-08,688.8200,690.6200,687.4900,689.5100,64019200
SPY,2026-01-09,690.6300,695.3100,689.1800,694.0700,80125500
SPY,2026-01-12,690.6800,696.0900,690.6300,695.1600,63976000
SPY,2026-01-13,695.4900,696.0900,691.3500,693.7700,78309700
SPY,2026-01-14,691.0000,691.7200,686.0400,690.3600,94676700
SPY,2026-01-15,694.5700,695.4500,691.2500,692.2400,77862000
SPY,2026-01-16,693.6600,694.2500,690.1000,691.6600,79289200
SPY,2026-01-20,681.4900,684.7700,676.5700,677.5800,111623300
SPY,2026-01-21,679.6500,688.7400,678.1300,685.4000,127844500
SPY,2026-01-22,689.8500,691.1300,686.9200,688.9800,77112200
SPY,2026-01-23,688.1500,690.9600,687.1600,689.2300,63059600
SPY,2026-01-26,690.4900,694.1300,689.9200,692.7300,60473800
SPY,2026-01-27,694.1800,696.5300,693.5700,695.4900,55506100
SPY,2026-01-28,697.0500,697.8400,693.9400,695.4200,61172200
SPY,2026-01-29,696.3900,697.0600,684.8300,694.0400,97486200
SPY,2026-01-30,691.7900,694.2100,687.1200,691.9700,101835100
SPY,2026-02-02,689.5800,696.9300,689.4200,695.4100,79286500
SPY,2026-02-03,696.2100,696.9600,684.0300,689.5300,107904600
SPY,2026-02-04,690.3500,691.4500,681.7600,686.1900,105204600
SPY,2026-02-05,680.9400,683.6900,675.7900,677.6200,113610800
SPY,2026-02-06,681.4600,692.3100,680.8500,690.6200,89127600
SPY,2026-02-09,689.4200,695.8700,688.3400,693.9500,73885200
SPY,2026-02-10,694.9500,696.5400,691.6600,692.1200,65185700
SPY,2026-02-11,696.3900,697.1400,689.1800,691.9600,76353900
SPY,2026-02-12,694.2400,695.3500,680.3700,681.2700,118829000
SPY,2026-02-13,681.6900,686.2800,677.5200,681.7500,96267500
SPY,2026-02-17,680.1400,684.9400,675.7800,682.8500,81354700
SPY,2026-02-18,684.0200,689.1500,682.8300,686.2900,73570300
SPY,2026-02-19,683.8400,686.1800,681.5500,684.4800,58649400
SPY,2026-02-20,682.3200,690.0600,681.7300,689.4300,100034000
SPY,2026-02-23,687.8300,690.0000,680.3700,682.3900,90558100
SPY,2026-02-24,681.9000,688.3500,680.0000,687.3500,73798700
SPY,2026-02-25,690.1800,693.6800,690.1000,693.1500,56369500
SPY,2026-02-26,693.2800,693.3000,684.3500,689.3000,71671000
SPY,2026-02-27,683.0900,686.8600,681.6400,685.9900,83308900
SPY,2026-03-02,678.7000,688.6200,678.0200,686.3800,87477200
SPY,2026-03-03,675.0600,682.6100,669.6600,680.3300,105003100
SPY,2026-03-04,681.6300,687.0900,679.6200,685.1300,79182200
SPY,2026-03-05,682.0800,685.5300,675.6100,681.3100,106606500
SPY,2026-03-06,673.4100,676.1100,669.7600,672.3800,100687000
SPY,2026-03-09,666.3900,679.9200,662.3900,678.2700,102667700
SPY,2026-03-10,677.7200,683.3600,674.7600,677.1800,81505300
SPY,2026-03-11,677.5800,680.0800,673.3400,676.3300,68441700
SPY,2026-03-12,671.1600,671.6500,665.8700,666.0600,108882200
SPY,2026-03-13,669.2700,672.3400,661.3600,662.2900,97200200
SPY,2026-03-16,668.3800,672.0700,667.1200,669.0300,82023100
SPY,2026-03-17,672.3900,674.4400,669.7000,670.7900,87128000
SPY,2026-03-18,668.3600,669.7200,661.1900,661.4300,82062600
SPY,2026-03-19,656.9700,662.9800,655.1700,659.8000,111272500
SPY,2026-03-20,656.5100,656.6900,644.7200,648.5700,163617500
SPY,2026-03-23,658.0700,662.6200,653.9400,655.3800,134802700
SPY,2026-03-24,651.3200,657.0300,649.8800,653.1800,96457500
SPY,2026-03-25,658.6700,660.8900,654.2400,656.8200,90653800
SPY,2026-03-26,652.0600,654.8500,644.8200,645.0900,96494400
SPY,2026-03-27,642.5000,642.6600,633.1100,634.0900,103649400
SPY,2026-03-30,640.1100,640.3700,629.2800,631.9700,99275900
SPY,2026-03-31,638.9400,651.5400,637.9800,650.3400,152534100
SPY,2026-04-01,653.9000,658.5200,653.0000,655.2400,97841500
SPY,2026-04-02,646.4200,658.2000,645.1100,655.8300,68358700
SPY,2026-04-06,655.8600,659.7200,655.5200,658.9300,39105800
SPY,2026-04-07,656.6500,659.6100,651.0600,659.2200,69980400
SPY,2026-04-08,676.3900,677.0800,671.4600,676.0100,93606100
SPY,2026-04-09,674.8400,681.1600,673.7700,679.9100,57134400
SPY,2026-04-10,681.3200,682.0300,678.4500,679.4600,42253500
SPY,2026-04-13,677.4100,686.3000,676.5800,686.1000,54185800
SPY,2026-04-14,687.6900,694.5800,687.6600,694.4600,63480500
SPY,2026-04-15,695.2600,700.2800,694.2000,699.9400,58240400
SPY,2026-04-16,701.0600,702.7800,698.5300,701.6600,49972400
SPY,2026-04-17,706.1400,712.3900,705.7600,710.1400,70661900
SPY,2026-04-20,708.7800,709.9100,706.1400,708.7200,43546800
SPY,2026-04-21,710.2800,711.2800,702.6400,704.0800,58941400
SPY,2026-04-22,709.1500,711.4500,708.2200,711.2100,42518500
SPY,2026-04-23,709.5000,712.3600,702.2800,708.4500,56174000
SPY,2026-04-24,710.7500,714.4700,709.0100,713.9400,45182000
SPY,2026-04-27,713.1700,715.6300,712.3000,715.1700,33135900
SPY,2026-04-28,711.8200,712.8800,709.2500,711.6900,43117400
SPY,2026-04-29,711.0000,712.2000,708.3700,711.5800,41859200
SPY,2026-04-30,714.6300,719.7900,710.4500,718.6600,67240900
SPY,2026-05-01,721.2500,724.8700,720.4700,720.6500,43049800
SPY,2026-05-04,720.0700,722.1200,714.9900,718.0100,51950600
SPY,2026-05-05,721.7700,725.0400,721.4900,723.7700,36933200
SPY,2026-05-06,728.1600,734.5900,727.8200,733.8300,53288900
SPY,2026-05-07,735.0500,736.1300,729.7500,731.5800,51724600
SPY,2026-05-08,734.9300,738.0800,734.5700,737.6200,47227100
SPY,2026-05-11,736.4500,740.7900,736.4500,739.3000,44024000
SPY,2026-05-12,736.8900,738.8400,731.8300,738.1800,54185300
SPY,2026-05-13,738.4700,743.9100,735.4700,742.3100,44200200
SPY,2026-05-14,743.6500,749.5300,743.5600,748.1700,45307600
SPY,2026-05-15,741.7900,743.4600,737.9600,739.1700,60410800
SPY,2026-05-18,739.8300,741.4200,733.3900,738.6500,47843900
SPY,2026-05-19,734.7800,737.6500,731.5300,733.7300,54255900
SPY,2026-05-20,735.7100,741.8700,733.8900,741.2500,45768000
SPY,2026-05-21,738.6400,744.8700,737.0300,742.7200,43332200
SPY,2026-05-22,746.2400,748.9400,744.4800,745.6400,41762000
SPY,2026-05-26,750.0100,752.1300,748.3700,750.5900,41123600
SPY,2026-05-27,750.8800,751.3800,748.2200,750.4600,42106300
SPY,2026-05-28,750.2500,755.1500,749.2300,754.6000,41562600
SPY,2026-05-29,755.9000,758.0800,754.6900,756.4800,55075700
SPY,2026-06-01,755.3600,760.2800,754.6900,758.5400,43634900
SPY,2026-06-02,757.0300,760.4000,756.7500,759.5700,31581900
SPY,2026-06-03,758.1500,758.8000,753.5700,754.2400,51402500
SPY,2026-06-04,752.1000,758.3100,751.4700,757.0900,49923000
SPY,2026-06-05,752.3100,752.8200,735.5300,737.5500,93989400
SPY,2026-06-08,743.3600,745.3400,738.1900,739.2200,49319100
SPY,2026-06-09,743.6300,746.9000,722.5900,737.0500,87683500
SPY,2026-06-10,733.3900,738.3800,725.3300,725.4300,60341300
SPY,2026-06-11,728.7600,740.0000,724.4100,737.7600,86330500
SPY,2026-06-12,740.7100,744.4400,735.0300,741.7500,57079500
SPY,2026-06-15,751.8500,756.6800,751.7600,754.8300,60176400
SPY,2026-06-16,754.5500,755.4400,749.8800,750.3300,67093100
SPY,2026-06-17,751.2900,752.1500,739.2200,740.9600,85945200
SPY,2026-06-18,747.7600,748.2300,743.8600,746.7400,80875700
SPY,2026-06-22,747.7000,750.1800,743.1300,744.3900,46628100
SPY,2026-06-23,733.8100,739.6300,732.3000,733.5800,66846800
SPY,2026-06-24,735.1700,739.9500,730.8400,733.2400,57439500
SPY,2026-06-25,738.9100,739.3700,729.6000,734.3000,53934400
SPY,2026-06-26,728.9500,736.5300,716.5800,728.9900,71034000
SPY,2026-06-29,736.5300,741.5600,732.0900,741.0000,58035200
SPY,2026-06-30,741.2900,748.0200,740.8900,746.7700,55626000
SPY,2026-07-01,745.0000,749.4400,742.3800,745.7600,47100900
SPY,2026-07-02,747.4000,751.3100,740.0300,744.7800,57447800
SPY,2026-07-06,748.7400,752.4100,747.4100,751.2800,50673300
SPY,2026-07-07,750.2200,750.9600,745.2100,747.7100,43721500
SPY,2026-07-08,743.1600,746.1500,739.5100,745.4000,43767400
SPY,2026-07-09,747.3500,751.9700,745.5900,751.7100,41441700
SPY,2026-07-10,752.0500,755.4200,748.1000,754.9500,42191300
SPY,2026-07-13,752.4700,753.9100,748.0000,749.1700,44013600
SPY,2026-07-14,750.9100,753.3400,748.6600,751.8300,35143100
SPY,2026-07-15,754.2400,755.5800,750.2000,754.8100,43844800
SPY,2026-07-16,752.7600,754.5700,747.8800,750.7200,46409800
SPY,2026-07-17,742.0800,747.2900,740.8000,743.2900,62651000
SPY,2026-07-20,747.0600,748.7300,741.5100,742.0900,50422300
SPY,2026-07-21,746.2900,749.0400,744.1800,748.2800,34324300
SPY,2026-07-22,746.6200,750.0200,746.3700,747.4100,32836200
SPY,2026-07-23,739.3700,742.5600,735.2100,738.1800,55437300
SPY,2026-07-24,738.5100,743.7200,737.2900,738.9300,44782000
SPY,2026-07-27,744.9100,745.5300,735.8700,739.0900,41461200
SPY,2026-07-28,739.1900,742.7900,735.9800,740.8600,47322200
SPY,2026-07-29,739.9700,742.6800,729.1000,729.4600,70697200
SPY,2026-07-30,736.0500,742.4500,734.5900,741.6900,66811300
SPY,2026-07-31,744.6800,748.9000,737.6800,747.0300,62445900
SPY,2026-08-03,749.4400,758.5800,748.8000,757.6700,59927500
SPY,2026-08-04,760.6300,773.4100,760.5200,771.3300,69154800
SPY,2026-08-05,775.8500,776.8500,769.5100,769.7900,44689100
SPY,2026-08-06,770.2100,771.8200,767.4600,768.5600,38416900
SPY,2026-08-07,771.0200,773.9200,769.6100,773.2600,43586300
SPY,2026-08-10,772.6000,775.0500,771.6200,773.0300,39249500
SPY,2026-08-11,774.5300,774.6100,769.2000,770.5600,36740600
SPY,2026-08-12,774.7100,774.9000,771.2800,772.4900,33179100
SPY,2026-08-13,774.8700,779.3700,774.1100,777.8800,35634500
SPY,2026-08-14,778.5400,778.8000,775.4300,776.3400,31367900
SPY,2026-08-17,776.1800,776.7800,772.5100,772.6700,34356600
SPY,2026-08-18,768.7000,769.5000,766.9200,767.4500,43920900
SPY,2026-08-19,770.3600,772.4700,768.1000,769.0600,40306000
SPY,2026-08-20,765.9600,768.1500,762.0400,762.6000,45520300
SPY,2026-08-21,766.0500,767.8500,764.1700,765.7200,39188700
SPY,2026-08-24,764.7800,765.2200,762.0800,763.4700,32430900
SPY,2026-08-25,766.1600,766.7800,763.0500,765.9100,27422300
SPY,2026-08-26,764.7300,767.3500,763.9300,766.0800,28751600
SPY,2026-08-27,768.5000,772.3600,767.1600,771.1000,34557100
SPY,2026-08-28,771.7600,775.3000,768.3100,769.3500,36744300
SPY,2026-08-31,767.3300,768.0000,764.7200,767.0500,38810800
SPY,2026-09-01,762.0100,764.6700,759.4800,761.7800,41126300
SPY,2026-09-02,762.4500,766.4300,761.7300,765.1600,29566200
SPY,2026-09-03,767.9000,774.0300,767.4500,773.1700,43531600
SPY,2026-09-04,772.0100,772.8700,769.0000,770.1900,34054200
SPY,2026-09-08,769.0700,769.7000,765.1400,765.9600,44746100
SPY,2026-09-09,764.0800,764.4700,760.9400,762.4000,32812400
SPY,2026-09-10,758.0300,760.1100,756.6400,757.8300,42740400
SPY,2026-09-11,764.7200,766.3800,763.6000,764.2900,45512700
SPY,2026-09-14,759.0000,763.5200,757.9300,760.8800,43992400
SPY,2026-09-15,760.1200,760.3500,756.1500,757.3900,46195000
SPY,2026-09-16,759.5000,761.6700,749.6000,754.0500,59217700
SPY,2026-09-17,763.1500,763.5700,759.9600,762.6000,49652800
SPY,2026-09-18,761.3100,762.0000,757.9700,761.6900,65395100
SPY,2026-09-21,766.2500,774.8900,766.0300,773.5000,50484700
SPY,2026-09-22,774.0300,775.1400,772.5700,773.3800,34802300
TSLA,2024-09-19,234.0000,244.2400,232.1300,243.9200,102694600
TSLA,2024-09-20,241.5200,243.9900,235.9200,238.2500,99879100
TSLA,2024-09-23,242.6100,250.0000,241.9200,250.0000,86927200
TSLA,2024-09-24,254.0800,257.1900,249.0500,254.2700,88491000
TSLA,2024-09-25,252.5400,257.0500,252.2800,257.0200,65034300
TSLA,2024-09-26,260.6000,261.7500,251.5300,254.2200,67142200
TSLA,2024-09-27,257.3800,260.7000,254.1200,260.4600,70988100
TSLA,2024-09-30,259.0400,264.8600,255.7700,261.6300,80705700
TSLA,2024-10-01,262.6700,263.9800,248.5300,258.0200,87397600
TSLA,2024-10-02,247.5500,251.1600,241.5000,249.0200,93983900
TSLA,2024-10-03,244.4800,249.7900,237.8100,240.6600,80729200
TSLA,2024-10-04,246.6900,250.9600,244.5800,250.0800,86573200
TSLA,2024-10-07,249.0000,249.8300,240.7000,240.8300,68113300
TSLA,2024-10-08,243.5600,246.2100,240.5600,244.5000,56303200
TSLA,2024-10-09,243.8200,247.4300,239.5100,241.0500,66289500
TSLA,2024-10-10,241.8100,242.7900,232.3400,238.7700,83087100
TSLA,2024-10-11,220.1300,223.3400,214.3800,217.8000,142628900
TSLA,2024-10-14,220.1300,221.9100,213.7400,219.1600,86291900
TSLA,2024-10-15,220.0100,224.2600,217.1200,219.5700,62988800
TSLA,2024-10-16,221.4000,222.8200,218.9300,221.3300,49632800
TSLA,2024-10-17,221.5900,222.0800,217.9000,220.8900,50791800
TSLA,2024-10-18,220.7100,222.2800,219.2300,220.7000,49611900
TSLA,2024-10-21,218.9000,220.4800,215.7300,218.8500,47329000
TSLA,2024-10-22,217.3100,218.2200,215.2600,217.9700,43268700
TSLA,2024-10-23,217.1300,218.7200,212.1100,213.6500,80938900
TSLA,2024-10-24,244.6800,262.1200,242.6500,260.4800,204491900
TSLA,2024-10-25,256.0100,269.4900,255.3200,269.1900,161611900
TSLA,2024-10-28,270.0000,273.5400,262.2400,262.5100,107653600
TSLA,2024-10-29,264.5100,264.9800,255.5100,259.5200,80521800
TSLA,2024-10-30,258.0400,263.3500,255.8200,257.5500,53993600
TSLA,2024-10-31,257.9900,259.7500,249.2500,249.8500,66575300
TSLA,2024-11-01,252.0400,254.0000,246.6300,248.9800,57544800
TSLA,2024-11-04,244.5600,248.9000,238.8800,242.8400,68802400
TSLA,2024-11-05,247.3400,255.2800,246.2100,251.4400,69282500
TSLA,2024-11-06,284.6700,289.5900,275.6200,288.5300,165228700
TSLA,2024-11-07,288.8900,299.7500,285.5200,296.9100,117309200
TSLA,2024-11-08,299.1400,328.7100,297.6600,321.2200,204782800
TSLA,2024-11-11,346.3000,358.6400,336.0000,350.0000,210521600
TSLA,2024-11-12,342.7400,345.8400,323.3100,328.4900,155726000
TSLA,2024-11-13,335.8500,344.6000,322.5000,330.2400,125405600
TSLA,2024-11-14,327.6900,329.9800,310.3700,311.1800,120726100
TSLA,2024-11-15,310.5700,324.6800,309.2200,320.7200,114440300
TSLA,2024-11-18,340.7300,348.5500,330.0100,338.7400,126085600
TSLA,2024-11-19,335.7600,347.3800,332.7500,346.0000,88852500
TSLA,2024-11-20,345.0000,346.6000,334.3000,342.0300,66340700
TSLA,2024-11-21,343.8100,347.9900,335.2800,339.6400,58011700
TSLA,2024-11-22,341.0900,361.5300,337.7000,352.5600,89140700
TSLA,2024-11-25,360.1400,361.9300,338.2000,338.5900,95890900
TSLA,2024-11-26,341.0000,346.9600,335.6600,338.2300,62295900
TSLA,2024-11-27,341.8000,342.5500,326.5900,332.8900,57896400
TSLA,2024-11-29,336.0800,345.4500,334.6500,345.1600,37167600
TSLA,2024-12-02,352.3800,360.0000,351.1500,357.0900,77986500
TSLA,2024-12-03,351.8000,355.6900,348.2000,351.4200,58267200
TSLA,2024-12-04,353.0000,358.1000,348.6000,357.9300,50810900
TSLA,2024-12-05,359.8700,375.4300,359.5000,369.4900,81403600
TSLA,2024-12-06,377.4200,389.4900,370.8000,389.2200,81455800
TSLA,2024-12-09,397.6100,404.8000,378.0100,389.7900,96359200
TSLA,2024-12-10,392.6800,409.7300,390.8500,400.9900,97563600
TSLA,2024-12-11,409.7000,424.8800,402.3800,424.7700,104287600
TSLA,2024-12-12,424.8400,429.3000,415.0000,418.1000,87752200
TSLA,2024-12-13,420.0000,436.3000,415.7100,436.2300,89000200
TSLA,2024-12-16,441.0900,463.1900,436.1500,463.0200,114083800
TSLA,2024-12-17,475.9000,483.9900,457.5100,479.8600,131223000
TSLA,2024-12-18,466.5000,488.5400,427.0100,440.1300,149340800
TSLA,2024-12-19,451.8800,456.3600,420.0200,436.1700,118566100
TSLA,2024-12-20,425.5100,447.0800,417.6400,421.0600,132216200
TSLA,2024-12-23,431.0000,434.5100,415.4100,430.6000,72698100
TSLA,2024-12-24,435.9000,462.7800,435.1400,462.2800,59551800
TSLA,2024-12-26,465.1600,465.3300,451.0200,454.1300,76366400
TSLA,2024-12-27,449.5200,450.0000,426.5000,431.6600,82666800
TSLA,2024-12-30,419.4000,427.0000,415.7500,417.4100,64941000
TSLA,2024-12-31,423.7900,427.9300,402.5400,403.8400,76825100
TSLA,2025-01-02,390.1000,392.7300,373.0400,379.2800,109710700
TSLA,2025-01-03,381.4800,411.8800,379.4500,410.4400,95423300
TSLA,2025-01-06,423.2000,426.4300,401.7000,411.0500,85516500
TSLA,2025-01-07,405.8300,414.3300,390.0000,394.3600,75699500
TSLA,2025-01-08,392.9500,402.5000,387.4000,394.9400,73038800
TSLA,2025-01-10,391.4000,399.2800,377.2900,394.7400,62287300
TSLA,2025-01-13,383.2100,403.7900,380.0700,403.3100,67580500
TSLA,2025-01-14,414.3400,422.6400,394.5400,396.3600,84565000
TSLA,2025-01-15,409.9000,429.8000,405.6600,428.2200,81375500
TSLA,2025-01-16,423.4900,424.0000,409.1300,413.8200,68335200
TSLA,2025-01-17,421.5000,439.7400,419.7500,426.5000,94991400
TSLA,2025-01-21,432.6400,433.2000,406.3100,424.0700,87320900
TSLA,2025-01-22,416.8100,428.0000,414.5900,415.1100,60963300
TSLA,2025-01-23,416.0600,420.7300,408.9500,412.3800,50690600
TSLA,2025-01-24,414.4500,418.8800,405.7800,406.5800,56427100
TSLA,2025-01-27,394.8000,406.6900,389.0000,397.1500,58125500
TSLA,2025-01-28,396.9100,400.5900,386.5000,398.0900,48910700
TSLA,2025-01-29,395.2100,398.5900,384.4800,389.1000,68033600
TSLA,2025-01-30,410.7800,412.5000,384.4100,400.2800,98092900
TSLA,2025-01-31,401.5300,419.9900,401.3400,404.6000,83283600
TSLA,2025-02-03,386.6800,389.1700,374.3600,383.6800,93732100
TSLA,2025-02-04,382.6300,394.0000,381.4000,392.2100,57072200
TSLA,2025-02-05,387.5100,388.3900,375.5300,378.1700,57223300
TSLA,2025-02-06,373.0300,375.4000,363.1800,374.3200,77918200
TSLA,2025-02-07,370.1900,380.5500,360.3400,361.6200,70298300
TSLA,2025-02-10,356.2100,362.7000,350.5100,350.7300,77514900
TSLA,2025-02-11,345.8000,349.3700,325.1000,328.5000,118543400
TSLA,2025-02-12,329.9400,346.4000,329.1200,336.5100,105382700
TSLA,2025-02-13,345.0000,358.6900,342.8500,355.9400,89441500
TSLA,2025-02-14,360.6200,362.0000,347.5000,355.8400,68277300
TSLA,2025-02-18,355.0100,359.1000,350.0200,354.1100,51631700
TSLA,2025-02-19,354.0000,367.3400,353.6700,360.5600,67094400
TSLA,2025-02-20,361.5100,362.3000,348.0000,354.4000,45965400
TSLA,2025-02-21,353.4400,354.9800,334.4200,337.8000,74058600
TSLA,2025-02-24,338.1400,342.4000,324.7000,330.5300,76052300
TSLA,2025-02-25,327.0200,328.8900,297.2500,302.8000,134228800
TSLA,2025-02-26,303.7100,309.0000,288.0400,290.8000,100118300
TSLA,2025-02-27,291.1600,297.2300,280.8800,281.9500,101748200
TSLA,2025-02-28,279.5000,293.8800,273.6000,292.9800,115697000
TSLA,2025-03-03,300.3400,303.9400,277.3000,284.6500,115551400
TSLA,2025-03-04,270.9300,284.3500,261.8400,272.0400,126706600
TSLA,2025-03-05,272.9200,279.5500,267.7100,279.1000,94042900
TSLA,2025-03-06,272.0600,272.6500,260.0200,263.4500,98451600
TSLA,2025-03-07,259.3200,266.2500,250.7300,262.6700,102369600
TSLA,2025-03-10,252.5400,253.3700,220.0000,222.1500,189076900
TSLA,2025-03-11,225.3100,237.0600,217.0200,230.5800,174896400
TSLA,2025-03-12,247.2200,251.8400,241.1000,248.0900,142215700
TSLA,2025-03-13,248.1300,248.2900,232.6000,240.6800,114813500
TSLA,2025-03-14,247.3100,251.5800,240.7300,249.9800,100242300
TSLA,2025-03-17,245.0600,245.4000,232.8000,238.0100,111900600
TSLA,2025-03-18,228.1600,230.1000,222.2800,225.3100,111477600
TSLA,2025-03-19,231.6100,241.4100,229.2000,235.8600,111993800
TSLA,2025-03-20,233.3500,238.0000,230.0500,236.2600,99028300
TSLA,2025-03-21,234.9900,249.5200,234.5500,248.7100,132728700
TSLA,2025-03-24,258.0800,278.6400,256.3300,278.3900,169079900
TSLA,2025-03-25,283.6000,288.2000,271.2800,288.1400,150361500
TSLA,2025-03-26,282.6600,284.9000,266.5100,272.0600,153629800
TSLA,2025-03-27,272.4800,291.8500,271.8200,273.1300,162572100
TSLA,2025-03-28,275.5800,276.1000,260.5700,263.5500,123809400
TSLA,2025-03-31,249.3100,260.5600,243.3600,259.1600,134008900
TSLA,2025-04-01,263.8000,277.4500,259.2500,268.4600,146486900
TSLA,2025-04-02,254.6000,284.9900,251.2700,282.7600,212787800
TSLA,2025-04-03,265.2900,276.3000,261.5100,267.2800,136174300
TSLA,2025-04-04,255.3800,261.0000,236.0000,239.4300,181229400
TSLA,2025-04-07,223.7800,252.0000,214.2500,233.2900,183453800
TSLA,2025-04-08,245.0000,250.4400,217.8000,221.8600,171603500
TSLA,2025-04-09,224.6900,274.6900,223.8800,272.2000,219433400
TSLA,2025-04-10,260.0000,262.4900,239.3300,252.4000,181722600
TSLA,2025-04-11,251.8400,257.7400,241.3600,252.3100,128948100
TSLA,2025-04-14,258.3600,261.8000,245.9300,252.3500,100135200
TSLA,2025-04-15,249.9100,258.7500,247.5400,254.1100,79594300
TSLA,2025-04-16,247.6100,251.9700,233.8900,241.5500,112378700
TSLA,2025-04-17,243.4700,244.3400,237.6800,241.3700,83404800
TSLA,2025-04-21,230.2600,232.2100,222.7900,227.5000,97768000
TSLA,2025-04-22,230.9600,242.7900,229.8500,237.9700,120858500
TSLA,2025-04-23,254.8600,259.4500,244.4300,250.7400,150381900
TSLA,2025-04-24,250.5000,259.5400,249.2000,259.5100,94464200
TSLA,2025-04-25,261.6900,286.8500,259.6300,284.9500,167560700
TSLA,2025-04-28,288.9800,294.8600,272.4200,285.8800,151731800
TSLA,2025-04-29,285.5000,293.3200,279.4700,292.0300,108906600
TSLA,2025-04-30,279.9000,284.4500,270.7800,282.1600,128961100
TSLA,2025-05-01,280.0100,290.8700,279.8100,280.5200,99659000
TSLA,2025-05-02,284.9000,294.7800,279.8100,287.2100,114454700
TSLA,2025-05-05,284.5700,284.8500,274.4000,280.2600,94618900
TSLA,2025-05-06,273.1100,277.7300,271.3500,275.3500,76715800
TSLA,2025-05-07,276.8800,277.9200,271.0000,276.2200,71592600
TSLA,2025-05-08,279.6300,289.8000,279.4100,284.8200,97539400
TSLA,2025-05-09,290.2100,307.0400,290.0000,298.2600,132387800
TSLA,2025-05-12,321.9900,322.2100,311.5000,318.3800,112826700
TSLA,2025-05-13,320.0000,337.5900,316.8000,334.0700,136992600
TSLA,2025-05-14,342.5000,350.0000,337.0000,347.6800,136997300
TSLA,2025-05-15,340.3400,346.1400,334.7200,342.8200,97882600
TSLA,2025-05-16,346.2400,351.6200,342.3300,349.9800,95895700
TSLA,2025-05-19,336.3000,343.0000,333.3700,342.0900,88869900
TSLA,2025-05-20,347.8700,354.9900,341.6300,343.8200,131715500
TSLA,2025-05-21,344.4300,347.3500,332.2000,334.6200,102354800
TSLA,2025-05-22,331.9000,347.2700,331.3900,341.0400,97113400
TSLA,2025-05-23,337.9200,343.1800,333.2100,339.3400,84654800
TSLA,2025-05-27,347.3500,363.7900,347.3200,362.8900,120146400
TSLA,2025-05-28,364.8400,365.0000,355.9100,356.9000,91404300
TSLA,2025-05-29,365.2900,367.7100,356.0000,358.4300,88087800
TSLA,2025-05-30,355.5200,363.6800,345.2900,346.4600,123474900
TSLA,2025-06-02,343.5000,348.0200,333.3300,342.6900,81873800
TSLA,2025-06-03,346.6000,355.4000,343.0400,344.2700,99324500
TSLA,2025-06-04,345.1000,345.6000,327.3300,332.0500,98912100
TSLA,2025-06-05,322.4900,324.5500,273.2100,284.7000,287499800
TSLA,2025-06-06,298.8300,305.5000,291.1400,295.1400,164747700
TSLA,2025-06-09,285.9600,309.8300,281.8500,308.5800,140908900
TSLA,2025-06-10,314.9400,327.8300,310.6700,326.0900,151256500
TSLA,2025-06-11,334.4000,335.5000,322.5000,326.4300,122611400
TSLA,2025-06-12,323.0800,332.5600,316.8600,319.1100,105127500
TSLA,2025-06-13,313.9700,332.9900,313.3000,325.3100,128964300
TSLA,2025-06-16,331.2900,332.0500,326.4100,329.1300,83925900
TSLA,2025-06-17,326.0900,327.2600,314.7400,316.3500,88282700
TSLA,2025-06-18,317.3100,329.3200,315.4500,322.0500,95137700
TSLA,2025-06-20,327.9500,332.3600,317.7800,322.1600,108688000
TSLA,2025-06-23,327.5400,357.5400,327.4800,348.6800,190716800
TSLA,2025-06-24,356.1700,356.2600,340.4400,340.4700,114736200
TSLA,2025-06-25,342.7000,343.0000,320.4000,327.5500,119845100
TSLA,2025-06-26,324.6100,331.0500,323.6100,325.7800,80440900
TSLA,2025-06-27,324.5100,329.3400,317.5000,323.6300,89067000
TSLA,2025-06-30,319.9000,325.5800,316.6000,317.6600,76695100
TSLA,2025-07-01,298.4600,305.8900,293.2100,300.7100,145085700
TSLA,2025-07-02,312.6300,316.8300,303.8200,315.6500,119483700
TSLA,2025-07-03,317.9900,318.4500,312.7600,315.3500,58042300
TSLA,2025-07-07,291.3700,296.1500,288.7700,293.9400,131177900
TSLA,2025-07-08,297.0000,304.0500,294.3500,297.8100,103246700
TSLA,2025-07-09,297.5500,300.1500,293.5500,295.8800,75586800
TSLA,2025-07-10,300.0500,310.4800,300.0000,309.8700,104365300
TSLA,2025-07-11,307.8900,314.0900,305.6500,313.5100,79236400
TSLA,2025-07-14,317.7300,322.6000,312.6700,316.9000,78043400
TSLA,2025-07-15,319.6800,321.2000,310.5000,310.7800,77556300
TSLA,2025-07-16,312.8000,323.5000,312.6200,321.6700,97284800
TSLA,2025-07-17,323.1500,324.3400,317.0600,319.4100,73922900
TSLA,2025-07-18,321.6600,330.9000,321.4200,329.6500,94255000
TSLA,2025-07-21,334.4000,338.0000,326.8800,328.4900,75768800
TSLA,2025-07-22,329.7400,335.4100,321.5500,332.1100,77370400
TSLA,2025-07-23,330.9000,336.2000,328.6700,332.5600,92553800
TSLA,2025-07-24,310.0000,310.1500,300.4100,305.3000,156966000
TSLA,2025-07-25,308.7400,323.6300,308.0100,316.0600,148227000
TSLA,2025-07-28,318.4500,330.4900,315.6900,325.5900,112673800
TSLA,2025-07-29,325.5500,326.2500,318.2500,321.2000,87358900
TSLA,2025-07-30,322.1800,324.4500,311.6200,319.0400,83931900
TSLA,2025-07-31,319.6100,321.3700,306.1000,308.2700,85270900
TSLA,2025-08-01,306.2100,309.3100,297.8200,302.6300,89121400
TSLA,2025-08-04,309.0800,312.1200,303.0000,309.2600,78683900
TSLA,2025-08-05,308.9500,312.4500,305.5000,308.7200,57961300
TSLA,2025-08-06,307.8900,320.4700,306.9300,319.9100,78523600
TSLA,2025-08-07,319.7900,322.4000,316.1600,322.2700,66658700
TSLA,2025-08-08,321.4300,335.1500,320.9800,329.6500,91200300
TSLA,2025-08-11,335.0000,346.6400,334.1500,339.0300,105320200
TSLA,2025-08-12,345.0000,345.2600,332.9400,340.8400,80522100
TSLA,2025-08-13,341.5000,348.9800,338.2000,339.3800,67838900
TSLA,2025-08-14,335.7600,340.4700,330.4000,335.5800,75000700
TSLA,2025-08-15,337.6600,339.3000,327.0200,330.5600,74319800
TSLA,2025-08-18,329.6200,336.2700,329.5900,335.1600,56956600
TSLA,2025-08-19,335.7900,340.5500,327.8500,329.3100,75956000
TSLA,2025-08-20,329.2200,331.3700,314.6000,323.9000,77481800
TSLA,2025-08-21,322.0800,324.9000,318.6800,320.1100,55744400
TSLA,2025-08-22,321.6600,340.2500,319.6900,340.0100,94016300
TSLA,2025-08-25,338.9000,349.5300,335.0300,346.6000,86670000
TSLA,2025-08-26,344.9300,351.9000,343.7200,351.6700,76651600
TSLA,2025-08-27,351.9400,355.3900,349.1600,349.6000,65519000
TSLA,2025-08-28,350.9100,353.5500,340.2600,345.9800,67903200
TSLA,2025-08-29,347.2300,348.7500,331.7000,333.8700,81145700
TSLA,2025-09-02,328.2300,333.3300,325.6000,329.3600,58392000
TSLA,2025-09-03,335.2000,343.3300,328.5100,334.0900,88733300
TSLA,2025-09-04,336.1500,338.8900,331.4800,338.5300,60711000
TSLA,2025-09-05,348.0000,355.8700,344.6800,350.8400,108989800
TSLA,2025-09-08,354.6400,358.4400,344.8400,346.4000,75208300
TSLA,2025-09-09,348.4400,350.7700,343.8200,346.9700,53816000
TSLA,2025-09-10,350.5500,356.3300,346.0700,347.7900,72121700
TSLA,2025-09-11,350.1700,368.9900,347.6000,368.8100,103756000
TSLA,2025-09-12,370.9400,396.6900,370.2400,395.9400,168156400
TSLA,2025-09-15,423.1300,425.7000,402.4300,410.0400,163823700
TSLA,2025-09-16,414.5000,423.2500,411.4300,421.6200,104285700
TSLA,2025-09-17,415.7500,428.3100,409.6700,425.8600,106133500
TSLA,2025-09-18,428.8700,432.2200,416.5600,416.8500,90454500
TSLA,2025-09-19,421.8200,429.4700,421.7200,426.0700,93131000
TSLA,2025-09-22,431.1100,444.9800,429.1300,434.2100,97108800
TSLA,2025-09-23,439.8800,440.9700,423.7200,425.8500,83422700
TSLA,2025-09-24,429.8300,444.2100,429.0300,442.7900,93133600
TSLA,2025-09-25,435.2400,435.3500,419.0800,423.3900,96746400
TSLA,2025-09-26,428.3000,440.4700,421.0200,440.4000,101628200
TSLA,2025-09-29,444.3500,450.9800,439.5000,443.2100,79491500
TSLA,2025-09-30,441.5200,445.0000,433.1200,444.7200,74358000
TSLA,2025-10-01,443.8000,462.2900,440.7500,459.4600,98122300
TSLA,2025-10-02,470.5400,470.7500,435.5700,436.0000,137009000
TSLA,2025-10-03,443.2900,446.7700,416.5800,429.8300,133188200
TSLA,2025-10-06,440.7500,453.5500,436.6900,453.2500,85324900
TSLA,2025-10-07,447.8200,452.6800,432.4500,433.0900,102296100
TSLA,2025-10-08,437.5700,441.3300,425.2300,438.6900,71192100
TSLA,2025-10-09,431.8100,436.3500,426.1800,435.5400,69339900
TSLA,2025-10-10,436.5400,443.1300,411.4500,413.4900,112107900
TSLA,2025-10-13,423.5300,436.8900,419.7000,435.9000,79552800
TSLA,2025-10-14,426.7900,434.2000,417.8600,429.2400,72669400
TSLA,2025-10-15,434.9000,440.5100,426.3300,435.1500,71558200
TSLA,2025-10-16,434.7300,439.3500,421.3100,428.7500,77189900
TSLA,2025-10-17,425.5000,441.4600,423.6000,439.3100,89331600
TSLA,2025-10-20,443.8700,449.8000,440.6100,447.4300,63719000
TSLA,2025-10-21,445.7600,449.3000,442.0500,442.6000,54412200
TSLA,2025-10-22,443.4500,445.5400,429.0000,438.9700,84023500
TSLA,2025-10-23,420.0000,449.4000,413.9000,448.9800,126709800
TSLA,2025-10-24,446.8300,451.6800,430.1700,433.7200,94727800
TSLA,2025-10-27,439.9800,460.1600,438.6900,452.4200,105867500
TSLA,2025-10-28,454.7800,467.0000,451.6000,460.5500,80185700
TSLA,2025-10-29,462.5000,465.7000,452.6500,461.5100,67983500
TSLA,2025-10-30,451.0500,455.0600,439.6100,440.1000,72447900
TSLA,2025-10-31,446.7500,458.0000,443.6900,456.5600,83135800
TSLA,2025-11-03,455.9900,474.0700,453.8000,468.3700,84595200
TSLA,2025-11-04,454.4600,460.2200,443.6000,444.2600,87756600
TSLA,2025-11-05,452.0500,466.3300,440.7100,462.0700,85573000
TSLA,2025-11-06,461.9600,467.4500,435.0900,445.9100,109622900
TSLA,2025-11-07,437.9200,439.3600,421.8800,429.5200,103471500
TSLA,2025-11-10,439.6000,449.6700,433.3600,445.2300,76515900
TSLA,2025-11-11,439.4000,442.4900,432.3600,439.6200,60533200
TSLA,2025-11-12,442.1500,442.3300,426.5600,430.6000,58513500
TSLA,2025-11-13,423.1300,424.5000,396.3400,401.9900,118948000
TSLA,2025-11-14,386.3000,412.1900,382.7800,404.3500,105506700
TSLA,2025-11-17,398.7400,423.9600,398.7400,408.9200,102214300
TSLA,2025-11-18,405.3800,408.9000,393.7100,401.2500,80688600
TSLA,2025-11-19,406.1800,411.7800,398.5000,403.9900,72047700
TSLA,2025-11-20,414.6300,428.9400,394.7400,395.2300,113548800
TSLA,2025-11-21,402.3200,402.8000,383.7600,391.0900,100460600
TSLA,2025-11-24,402.1700,421.7200,401.0900,417.7800,96806400
TSLA,2025-11-25,414.4200,420.4800,405.9500,419.4000,71915600
TSLA,2025-11-26,423.9500,426.9400,416.8900,426.5800,63463000
TSLA,2025-11-28,426.5900,432.9300,426.2000,430.1700,36252900
TSLA,2025-12-01,425.3200,433.6600,425.2900,430.1400,57463600
TSLA,2025-12-02,430.8100,436.8000,422.1200,429.2400,69336600
TSLA,2025-12-03,432.1000,447.9200,431.1100,446.7400,87483000
TSLA,2025-12-04,449.9400,454.6300,445.3900,454.5300,71906500
TSLA,2025-12-05,453.0300,458.8700,451.6600,455.0000,56427500
TSLA,2025-12-08,447.4500,449.7500,435.2500,439.5800,69165800
TSLA,2025-12-09,437.5400,452.3900,435.7000,445.1700,62367400
TSLA,2025-12-10,446.0700,456.8800,443.6100,451.4500,63257500
TSLA,2025-12-11,448.9500,449.2700,440.3300,446.8900,55979500
TSLA,2025-12-12,448.0900,463.0100,441.6700,458.9600,95656700
TSLA,2025-12-15,469.4400,481.7700,467.6600,475.3100,114542200
TSLA,2025-12-16,472.2100,491.5000,465.8300,489.8800,107608100
TSLA,2025-12-17,488.2200,495.2800,466.2000,467.2600,106490400
TSLA,2025-12-18,478.1600,490.8600,473.1200,483.3700,95168400
TSLA,2025-12-19,488.1200,490.4900,474.7200,481.2000,103305400
TSLA,2025-12-22,489.8800,498.8300,485.3300,488.7300,86916100
TSLA,2025-12-23,489.4000,491.9700,482.8400,485.5600,58223600
TSLA,2025-12-24,488.4800,490.9000,476.8000,485.4000,41285400
TSLA,2025-12-26,485.2300,489.0900,473.8200,475.1900,58780700
TSLA,2025-12-29,469.0000,469.4000,459.0000,459.6400,66263000
TSLA,2025-12-30,461.0900,463.1200,453.8300,454.4300,59238500
TSLA,2025-12-31,456.1000,456.5500,449.3000,449.7200,49078000
TSLA,2026-01-02,457.8000,458.3400,435.3000,438.0700,85535400
TSLA,2026-01-05,447.9900,457.5500,444.5700,451.6700,67940800
TSLA,2026-01-06,446.3800,448.2500,428.7800,432.9600,89093800
TSLA,2026-01-07,435.9000,438.3700,431.2900,431.4100,59828800
TSLA,2026-01-08,427.8900,436.8900,424.3700,435.8000,57041100
TSLA,2026-01-09,435.9500,449.0500,430.3900,445.0100,67331500
TSLA,2026-01-12,441.2300,454.3000,438.0000,448.9600,61649600
TSLA,2026-01-13,450.2000,451.8100,443.9500,447.2000,53719200
TSLA,2026-01-14,442.8100,443.9100,434.2200,439.2000,57259500
TSLA,2026-01-15,441.1300,445.3600,437.6500,438.5700,49465800
TSLA,2026-01-16,439.5000,447.2500,435.2600,437.5000,60220600
TSLA,2026-01-20,429.3600,430.7300,417.4400,419.2500,63187300
TSLA,2026-01-21,421.6600,438.2000,419.6200,431.4400,68124000
TSLA,2026-01-22,435.1600,449.5000,432.6300,449.3600,71546700
TSLA,2026-01-23,447.4300,452.4300,444.0400,449.0600,56771400
TSLA,2026-01-26,445.0000,445.0400,434.2800,435.2000,49397400
TSLA,2026-01-27,437.4100,437.5200,430.6900,430.9000,37733100
TSLA,2026-01-28,431.9100,438.2600,430.1000,431.4600,54857400
TSLA,2026-01-29,437.8000,440.2300,414.6200,416.5600,81686100
TSLA,2026-01-30,425.3500,439.8800,422.7000,430.4100,82626100
TSLA,2026-02-02,421.2900,427.1500,414.5000,421.8100,58739500
TSLA,2026-02-03,424.2700,428.5600,413.6900,421.9600,56886500
TSLA,2026-02-04,420.4600,423.9000,399.1800,406.0100,74606900
TSLA,2026-02-05,397.0200,402.1000,387.5300,397.2100,72819800
TSLA,2026-02-06,400.8700,414.5500,397.7500,411.1100,62677100
TSLA,2026-02-09,409.9100,421.2500,407.2900,417.3200,54484300
TSLA,2026-02-10,418.0800,427.2500,417.0000,425.2100,64450200
TSLA,2026-02-11,427.9600,436.3500,420.0300,428.2700,57362000
TSLA,2026-02-12,430.3000,436.2300,414.0000,417.0700,61933400
TSLA,2026-02-13,414.3100,424.0600,410.8800,417.4400,51434100
TSLA,2026-02-17,412.3600,413.7200,400.5100,410.6300,59678800
TSLA,2026-02-18,411.1100,416.9000,409.5800,411.3200,45921400
TSLA,2026-02-19,407.2500,415.2500,404.1100,411.7100,51019600
TSLA,2026-02-20,408.3000,414.7000,405.5000,411.8200,57912200
TSLA,2026-02-23,407.2900,407.7000,394.0400,399.8300,69680000
TSLA,2026-02-24,399.5000,410.8200,397.6400,409.3800,58579500
TSLA,2026-02-25,412.1500,420.3400,412.1500,417.4000,54809700
TSLA,2026-02-26,414.4200,416.8100,403.6600,408.5800,53602500
TSLA,2026-02-27,402.9400,407.1200,398.1100,402.5100,56890100
TSLA,2026-03-02,390.6000,404.5400,388.2500,403.3200,55088300
TSLA,2026-03-03,395.0900,396.3400,385.3900,392.4300,62617300
TSLA,2026-03-04,397.8500,408.3300,394.5800,405.9400,68305500
TSLA,2026-03-05,401.5700,408.6200,399.4200,405.5500,51925900
TSLA,2026-03-06,398.0900,402.3500,394.2100,396.7300,64054600
TSLA,2026-03-09,390.0500,401.5900,381.4000,398.6800,67018900
TSLA,2026-03-10,402.2200,406.5900,398.1900,399.2400,59258700
TSLA,2026-03-11,402.2800,416.3800,402.1500,407.8200,62559900
TSLA,2026-03-12,405.1800,406.5000,394.6500,395.0100,60973800
TSLA,2026-03-13,399.1700,400.2000,389.9500,391.2000,58504100
TSLA,2026-03-16,396.2200,403.7300,394.4200,395.5600,58068300
TSLA,2026-03-17,395.6900,400.1200,393.0000,399.2700,46890500
TSLA,2026-03-18,399.0000,403.0700,392.3100,392.7800,50853100
TSLA,2026-03-19,387.2700,387.2700,378.7300,380.3000,67078300
TSLA,2026-03-20,379.8500,379.8900,364.4600,367.9600,78628600
TSLA,2026-03-23,373.0900,385.3300,372.7300,380.8500,74606000
TSLA,2026-03-24,376.5600,387.4800,376.3100,383.0300,60004900
TSLA,2026-03-25,389.9900,396.2300,385.0100,385.9500,55157300
TSLA,2026-03-26,381.6000,384.4400,371.8700,372.1100,55522900
TSLA,2026-03-27,369.6900,369.8600,359.4700,361.8300,62065700
TSLA,2026-03-30,365.8600,367.2900,352.1400,355.2800,67954400
TSLA,2026-03-31,361.5100,373.3300,361.0000,371.7500,75534900
TSLA,2026-04-01,378.6300,383.1400,374.0800,381.2600,58683800
TSLA,2026-04-02,364.2000,370.2800,359.0300,360.5900,83031200
TSLA,2026-04-06,362.5900,367.7200,346.6400,352.8200,77697600
TSLA,2026-04-07,346.4400,348.0200,337.2400,346.6500,74515400
TSLA,2026-04-08,363.7900,364.5000,339.6700,343.2500,78838600
TSLA,2026-04-09,343.1500,348.8800,337.2500,345.6200,62164000
TSLA,2026-04-10,346.2900,350.3600,342.7400,348.9500,51336000
TSLA,2026-04-13,350.0700,356.3500,348.5700,352.4200,53617500
TSLA,2026-04-14,357.6700,367.6300,354.7700,364.2000,59979600
TSLA,2026-04-15,366.8300,394.6500,362.5000,391.9500,113810400
TSLA,2026-04-16,393.8100,394.0600,381.8000,388.9000,63515100
TSLA,2026-04-17,395.9200,409.2800,391.6500,400.6200,90640000
TSLA,2026-04-20,402.5800,406.8000,388.3300,392.5000,64603900
TSLA,2026-04-21,393.0000,393.9500,385.2200,386.4200,50530600
TSLA,2026-04-22,387.5700,393.0100,385.3000,387.5100,62362800
TSLA,2026-04-23,375.2800,386.0000,368.3900,373.7200,93969500
TSLA,2026-04-24,373.5000,382.7600,370.7300,376.3000,62893300
TSLA,2026-04-27,372.0900,380.7800,364.0200,378.6700,66735800
TSLA,2026-04-28,374.6800,382.2900,372.5400,376.0200,50864400
TSLA,2026-04-29,375.4000,376.4000,370.0400,372.8000,45384800
TSLA,2026-04-30,372.7500,384.7500,368.1700,381.6300,51076000
TSLA,2026-05-01,382.4900,397.8200,378.8000,390.8200,65338300
TSLA,2026-05-04,390.2300,394.6400,384.8000,392.5100,48765100
TSLA,2026-05-05,395.1900,402.1200,389.0000,389.3700,47780600
TSLA,2026-05-06,386.2500,401.6800,384.0200,398.7300,53465400
TSLA,2026-05-07,407.4800,415.8300,402.1200,411.7900,64294200
TSLA,2026-05-08,416.4800,431.2000,416.3900,428.3500,65050000
TSLA,2026-05-11,422.1600,449.1600,416.8000,445.0000,78376100
TSLA,2026-05-12,441.4100,447.8000,422.2600,433.4500,60569300
TSLA,2026-05-13,436.6700,453.4000,430.2100,445.2700,68283200
TSLA,2026-05-14,446.4900,451.9800,441.1600,443.3000,46070400
TSLA,2026-05-15,433.9800,434.6600,422.0000,422.2400,52688700
TSLA,2026-05-18,419.2700,421.1300,405.3300,409.9900,52474200
TSLA,2026-05-19,403.1600,405.6300,393.6300,404.1100,46500600
TSLA,2026-05-20,407.6000,417.4600,406.3900,417.2600,45294700
TSLA,2026-05-21,422.1800,426.9500,412.9000,417.8500,42636900
TSLA,2026-05-22,422.6700,431.5100,420.5100,426.0100,46104700
TSLA,2026-05-26,430.2600,435.2000,426.1200,433.5900,45658900
TSLA,2026-05-27,442.8900,445.6000,435.5200,440.3600,44656500
TSLA,2026-05-28,437.6200,443.9600,436.3000,442.1000,32435000
TSLA,2026-05-29,439.8500,441.0700,428.1400,435.7900,45176800
TSLA,2026-06-01,427.4900,429.6000,415.4300,415.8800,44937900
TSLA,2026-06-02,418.2200,424.4200,413.6500,423.7400,37596000
TSLA,2026-06-03,418.7000,433.6000,416.0000,423.7000,44500700
TSLA,2026-06-04,419.8400,426.3500,417.1600,418.4500,35323300
TSLA,2026-06-05,420.5000,424.6800,388.5900,391.0000,63420200
TSLA,2026-06-08,396.3300,412.9400,394.7200,408.9500,50328800
TSLA,2026-06-09,411.0300,418.5000,384.2400,396.6800,59940200
TSLA,2026-06-10,391.5400,397.0900,380.1500,381.5900,49695600
TSLA,2026-06-11,388.2800,399.5400,380.6600,399.1500,45324300
TSLA,2026-06-12,399.4900,406.6800,386.7600,406.4300,63514500
TSLA,2026-06-15,412.3700,416.0000,407.1000,411.1500,45620500
TSLA,2026-06-16,404.1100,412.4200,400.5400,404.6600,40255500
TSLA,2026-06-17,401.5300,405.9400,393.7600,396.3800,43534300
TSLA,2026-06-18,398.1000,402.5200,384.7000,400.4900,58384700
TSLA,2026-06-22,394.8500,414.7500,394.4000,405.0500,47819500
TSLA,2026-06-23,392.6100,392.8700,379.0600,381.6100,50420200
TSLA,2026-06-24,380.0800,384.5800,373.0500,375.5300,37081400
TSLA,2026-06-25,375.2700,379.1200,371.2200,375.1200,30138800
TSLA,2026-06-26,370.1500,387.8000,368.6000,379.7100,53434100
TSLA,2026-06-29,381.7900,413.2700,379.3000,411.8400,57645800
TSLA,2026-06-30,406.0000,424.5400,406.0000,420.6000,43385600
TSLA,2026-07-01,421.4600,432.8600,418.0900,425.3000,40127900
TSLA,2026-07-02,428.0100,432.3500,389.3000,393.4500,73717700
TSLA,2026-07-06,397.5000,420.0000,390.5000,419.7700,54727900
TSLA,2026-07-07,416.9600,419.5600,401.8800,402.9000,38149900
TSLA,2026-07-08,399.3800,399.6300,390.5100,394.0600,33844900
TSLA,2026-07-09,393.9900,407.8600,390.8600,406.5500,37835000
TSLA,2026-07-10,410.4900,413.1600,402.8100,407.7600,33410000
TSLA,2026-07-13,404.6100,405.5700,391.3700,394.7600,32809200
TSLA,2026-07-14,399.0500,402.2200,394.7600,396.1800,23385000
TSLA,2026-07-15,399.4000,406.5900,390.6600,394.4600,31549800
TSLA,2026-07-16,392.3500,395.3100,385.3200,391.0600,29269100
TSLA,2026-07-17,381.7800,385.6900,377.2200,380.8400,31394600
TSLA,2026-07-20,386.0500,386.6100,369.4300,369.5700,33901500
TSLA,2026-07-21,371.1700,384.0700,369.9800,378.9300,32735300
TSLA,2026-07-22,375.5300,380.1700,372.9000,374.0100,30646100
TSLA,2026-07-23,341.0000,342.1100,315.7400,319.6900,115606400
TSLA,2026-07-24,320.7200,322.9600,306.5100,313.0300,62760000
TSLA,2026-07-27,313.2400,317.0000,304.2800,309.2200,44919400
TSLA,2026-07-28,305.9300,311.1600,300.6900,307.4400,39802400
TSLA,2026-07-29,307.1400,309.0600,297.3800,298.3200,39478000
TSLA,2026-07-30,302.7000,310.8700,301.3300,308.8500,38005400
TSLA,2026-07-31,309.6900,315.5000,301.9700,311.2100,36630600
TSLA,2026-08-03,310.9600,324.6500,310.4300,322.0800,38281400
TSLA,2026-08-04,324.0000,329.5700,320.7900,327.3500,33318300
TSLA,2026-08-05,323.4200,327.1400,320.2800,321.5500,27820800
TSLA,2026-08-06,317.0500,323.0000,315.5200,319.5300,26033800
TSLA,2026-08-07,322.3400,333.7300,321.2500,328.5800,39492300
TSLA,2026-08-10,326.6000,332.0500,326.1500,330.8800,25003800
TSLA,2026-08-11,332.8000,336.2000,329.5300,332.8100,23345200
TSLA,2026-08-12,335.0000,335.5000,323.6400,327.5100,28698900
TSLA,2026-08-13,327.2000,341.6400,325.2400,339.9600,34708300
TSLA,2026-08-14,342.3300,351.2600,335.3300,342.2700,45437100
TSLA,2026-08-17,340.6900,345.4500,337.4800,339.3000,26037100
TSLA,2026-08-18,333.2200,340.5300,331.1200,336.8700,27994500
TSLA,2026-08-19,338.8900,351.6200,335.7000,351.1200,36735400
TSLA,2026-08-20,346.2000,347.5000,338.9600,345.1300,30766400
TSLA,2026-08-21,349.8800,366.5000,346.9000,362.8600,59224000
TSLA,2026-08-24,361.4100,363.2400,348.2600,348.9500,39190500
TSLA,2026-08-25,349.5800,357.0000,349.2000,350.2500,29816700
TSLA,2026-08-26,345.2700,351.9300,342.5300,345.8200,28573000
TSLA,2026-08-27,346.1600,355.7400,345.4500,354.8100,30136200
TSLA,2026-08-28,357.1000,358.8000,345.2000,348.7500,32972200
TSLA,2026-08-31,347.2100,368.9200,347.1500,367.9500,61732300
TSLA,2026-09-01,360.9000,362.7000,352.9600,356.0900,36193900
TSLA,2026-09-02,360.4100,360.6200,349.9200,357.0100,33951900
TSLA,2026-09-03,365.8200,384.0400,365.8200,376.3700,63601000
TSLA,2026-09-04,362.0700,364.6900,351.3200,354.0800,65018200
TSLA,2026-09-08,357.1000,370.0000,355.7500,368.1600,51078800
TSLA,2026-09-09,368.2500,375.4400,366.0000,367.8100,32564300
TSLA,2026-09-10,360.6000,369.2100,357.6800,363.5600,29667200
TSLA,2026-09-11,364.2000,368.6600,361.6000,365.4400,30153000
TSLA,2026-09-14,359.7800,367.7300,357.0400,358.9700,32477200
TSLA,2026-09-15,358.7500,362.3900,354.0500,356.5800,30317700
TSLA,2026-09-16,357.9300,365.1000,354.8900,358.0800,32177400
TSLA,2026-09-17,367.4800,374.1200,363.2200,366.2000,38924100
TSLA,2026-09-18,369.0000,370.9000,360.7500,364.2700,51922300
TSLA,2026-09-21,371.6400,378.3600,371.0700,375.3000,36599600
TSLA,2026-09-22,379.0700,380.4200,372.8800,378.9000,28229900
XLE,2024-09-19,44.7000,44.9800,44.2350,44.4800,37806800
XLE,2024-09-20,44.2950,44.4850,43.8900,44.3800,27961600
XLE,2024-09-23,44.1000,44.7800,43.9500,44.5600,26630200
XLE,2024-09-24,45.0700,45.0700,44.3850,44.4500,34627400
XLE,2024-09-25,44.3350,44.4700,43.4900,43.5800,27633600
XLE,2024-09-26,42.7150,43.2900,42.5850,42.7250,46896400
XLE,2024-09-27,42.9550,43.6600,42.9300,43.5950,30489600
XLE,2024-09-30,43.5150,43.9800,43.2650,43.9000,22806600
XLE,2024-10-01,43.5050,45.0800,43.4500,44.9000,66114200
XLE,2024-10-02,45.5300,45.6450,44.8550,45.3600,41925200
XLE,2024-10-03,45.5200,46.2200,45.1750,46.1600,44726000
XLE,2024-10-04,46.5500,46.7350,46.1250,46.5900,35945600
XLE,2024-10-07,46.7550,47.1050,46.6000,46.7550,32519400
XLE,2024-10-08,46.1500,46.2000,45.3150,45.5350,39759800
XLE,2024-10-09,45.1950,45.9300,45.1050,45.8100,31519600
XLE,2024-10-10,46.0650,46.3750,45.7300,46.1200,26047400
XLE,2024-10-11,46.1050,46.5700,46.0150,46.4050,26414600
XLE,2024-10-14,46.0800,46.4600,46.0100,46.3850,22198600
XLE,2024-10-15,45.1500,45.4500,44.8650,44.8900,37839200
XLE,2024-10-16,45.1450,45.2550,44.9850,45.1050,19877000
XLE,2024-10-17,45.1000,45.4700,45.0500,45.3200,21433400
XLE,2024-10-18,45.2350,45.3650,44.8500,45.1700,24015200
XLE,2024-10-21,45.4700,45.6150,44.9550,45.0350,21162000
XLE,2024-10-22,45.2000,45.3500,44.9750,45.1400,17956400
XLE,2024-10-23,45.0150,45.1900,44.6450,44.9050,19813200
XLE,2024-10-24,45.0000,45.1350,44.6000,44.9000,17046600
XLE,2024-10-25,45.1400,45.2600,44.7550,44.8850,19104600
XLE,2024-10-28,43.9300,44.6300,43.8900,44.6000,24228000
XLE,2024-10-29,44.5000,44.5350,43.8250,43.9200,23791600
XLE,2024-10-30,44.0750,44.3650,43.9050,44.0200,19364200
XLE,2024-10-31,44.3000,44.6300,44.1800,44.2950,31623200
XLE,2024-11-01,44.8950,45.0550,43.9250,44.0150,26304600
XLE,2024-11-04,44.3150,44.8550,44.2550,44.7850,25811800
XLE,2024-11-05,45.0050,45.2000,44.8050,45.0850,20876600
XLE,2024-11-06,46.3250,47.1350,46.0250,46.7800,50053200
XLE,2024-11-07,46.7500,46.7500,46.2100,46.5650,26138000
XLE,2024-11-08,46.5700,46.9450,46.3850,46.8750,22336800
XLE,2024-11-11,46.8850,47.3000,46.6650,47.1400,20909400
XLE,2024-11-12,47.2750,47.4250,46.8400,46.8900,18500400
XLE,2024-11-13,47.0300,47.4500,46.4650,47.2550,23676200
XLE,2024-11-14,47.5700,47.5900,47.1350,47.4350,18011000
XLE,2024-11-15,47.3900,47.8450,47.1950,47.3650,28080400
XLE,2024-11-18,47.7400,48.0900,47.5300,47.9950,23892600
XLE,2024-11-19,47.6100,47.9750,47.4650,47.6900,23796400
XLE,2024-11-20,47.8650,48.2050,47.7150,48.1700,17917600
XLE,2024-11-21,48.3900,48.9250,48.2700,48.5600,33541000
XLE,2024-11-22,48.4950,48.9600,48.4500,48.6350,21555600
XLE,2024-11-25,48.6250,48.8700,47.5600,47.6750,32950600
XLE,2024-11-26,47.7400,47.8400,47.3900,47.6100,24932800
XLE,2024-11-27,47.5650,47.9650,47.5000,47.5600,15595600
XLE,2024-11-29,47.6650,47.8450,47.5800,47.7650,13636400
XLE,2024-12-02,47.7500,47.8300,46.8350,47.2600,22190000
XLE,2024-12-03,47.5650,47.6500,47.0500,47.2550,17886600
XLE,2024-12-04,47.2350,47.2350,45.8400,46.1150,32518000
XLE,2024-12-05,46.2850,46.6000,46.1000,46.2950,22662400
XLE,2024-12-06,46.2000,46.2050,45.4250,45.5100,26206600
XLE,2024-12-09,45.8900,46.1350,45.3950,45.4350,23627800
XLE,2024-12-10,45.6950,45.7600,45.0600,45.1250,23299800
XLE,2024-12-11,45.2200,45.3700,44.9800,45.2000,23147600
XLE,2024-12-12,45.1200,45.2000,44.7900,44.8350,21746200
XLE,2024-12-13,44.9450,44.9600,44.4850,44.6100,22346000
XLE,2024-12-16,44.4850,44.4850,43.5950,43.6300,25036200
XLE,2024-12-17,43.3000,43.3850,42.9000,43.3050,32011600
XLE,2024-12-18,43.1850,43.3900,42.0250,42.0250,39241200
XLE,2024-12-19,42.4700,42.6050,41.6300,41.6600,49981400
XLE,2024-12-20,41.6550,42.2150,41.5450,42.0700,35704800
XLE,2024-12-23,41.6550,42.1050,41.3750,41.9650,34445400
XLE,2024-12-24,42.0850,42.4000,41.8100,42.3200,15024200
XLE,2024-12-26,42.3350,42.3600,42.0250,42.2850,15386400
XLE,2024-12-27,42.2500,42.7400,42.0700,42.2800,20369800
XLE,2024-12-30,42.2850,42.5150,41.9250,42.2750,23545400
XLE,2024-12-31,42.3750,42.9500,42.2900,42.8300,21165000
XLE,2025-01-02,43.1800,43.6500,43.0400,43.3300,34887000
XLE,2025-01-03,43.5850,43.8800,43.4100,43.7350,22120800
XLE,2025-01-06,43.9350,44.2850,43.4250,43.5350,22835200
XLE,2025-01-07,43.8550,44.3050,43.5900,43.9700,25035800
XLE,2025-01-08,43.7000,44.0350,43.5450,44.0150,28483800
XLE,2025-01-10,44.5850,45.1000,43.9600,44.1950,34075800
XLE,2025-01-13,44.3950,45.3900,44.3950,45.1250,48896200
XLE,2025-01-14,45.0450,45.6500,44.9800,45.6100,31173000
XLE,2025-01-15,45.8900,46.4050,45.7000,46.2850,34657800
XLE,2025-01-16,46.1300,46.6650,46.0750,46.6200,25230600
XLE,2025-01-17,46.6200,47.1450,46.4550,46.9800,23899600
XLE,2025-01-21,46.8600,47.0000,46.4950,46.7400,49302000
XLE,2025-01-22,46.5950,46.6500,45.8600,45.8900,35880200
XLE,2025-01-23,46.2400,46.4100,45.7750,46.1000,29359200
XLE,2025-01-24,46.1650,46.3550,45.6000,45.6550,29156800
XLE,2025-01-27,45.5000,45.5800,44.8650,45.1800,31993400
XLE,2025-01-28,45.3150,45.4750,44.5250,44.7500,37401800
XLE,2025-01-29,44.6400,45.0800,44.5750,44.8500,20681800
XLE,2025-01-30,45.1250,45.3150,44.8000,45.0800,39092600
XLE,2025-01-31,44.9550,45.0550,43.7150,43.8200,44537400
XLE,2025-02-03,43.8150,44.2750,43.4150,44.0950,39816400
XLE,2025-02-04,43.8900,45.1150,43.8150,45.0200,40279800
XLE,2025-02-05,45.0050,45.1800,44.7550,45.1150,21772000
XLE,2025-02-06,45.3200,45.4300,44.0450,44.2850,41309600
XLE,2025-02-07,44.4500,44.6850,44.2200,44.2800,22568400
XLE,2025-02-10,44.6750,45.3300,44.6750,45.2550,25871400
XLE,2025-02-11,45.4700,45.9250,45.1800,45.6200,26226800
XLE,2025-02-12,45.2450,45.5550,44.4400,44.5200,38798800
XLE,2025-02-13,44.4500,44.9550,44.1600,44.8550,31550400
XLE,2025-02-14,45.0250,45.6650,45.0250,45.0350,25885800
XLE,2025-02-18,45.2500,45.9500,44.9900,45.6500,29574800
XLE,2025-02-19,45.8400,46.4400,45.8150,46.0100,24531200
XLE,2025-02-20,45.9150,46.5100,45.7200,46.4300,28332200
XLE,2025-02-21,46.1500,46.2750,45.4400,45.4650,31276600
XLE,2025-02-24,45.5450,45.7200,45.2350,45.4750,26295200
XLE,2025-02-25,45.4650,45.6750,44.4550,44.8200,26608600
XLE,2025-02-26,44.8750,44.9950,44.3600,44.5650,24305600
XLE,2025-02-27,44.8750,45.3550,44.4900,44.8050,30048000
XLE,2025-02-28,44.6600,45.5350,44.3800,45.5000,26627200
XLE,2025-03-03,45.6750,45.9350,43.5050,43.9100,49501800
XLE,2025-03-04,43.2650,44.1900,42.7150,43.4850,50677000
XLE,2025-03-05,42.8550,43.0750,42.0150,42.8500,56510800
XLE,2025-03-06,42.6450,43.2450,42.3100,42.9800,47104200
XLE,2025-03-07,43.1750,44.0300,43.1750,43.7150,44849200
XLE,2025-03-10,43.9550,44.6450,43.6300,44.0400,40045400
XLE,2025-03-11,44.2200,44.4100,43.4550,43.6900,30230200
XLE,2025-03-12,43.7200,44.2950,43.5550,43.8900,32240400
XLE,2025-03-13,43.7350,44.3650,43.3250,43.5900,30742000
XLE,2025-03-14,43.8300,44.9400,43.6300,44.8800,32023200
XLE,2025-03-17,44.8450,45.8050,44.8450,45.5950,29761600
XLE,2025-03-18,45.8500,45.9550,45.3100,45.6700,30806600
XLE,2025-03-19,45.7300,46.6200,45.7200,46.4150,31742600
XLE,2025-03-20,46.1600,46.7400,45.9650,46.5850,33163600
XLE,2025-03-21,46.4300,46.5400,45.9700,46.2600,36975600
XLE,2025-03-24,46.1100,46.7000,46.0350,46.4250,23824600
XLE,2025-03-25,46.6300,47.0200,46.4750,46.6150,22292000
XLE,2025-03-26,47.0500,47.4100,46.7750,46.8900,25564600
XLE,2025-03-27,46.7500,46.9250,46.2500,46.4350,19147800
XLE,2025-03-28,46.4100,46.5850,45.9850,46.2150,22248800
XLE,2025-03-31,46.1150,47.0000,46.0500,46.7250,28813800
XLE,2025-04-01,46.7500,47.0450,46.2450,47.0000,27121200
XLE,2025-04-02,46.6000,47.1050,46.4900,47.0650,33960600
XLE,2025-04-03,44.8250,45.1700,43.3550,43.3700,75657800
XLE,2025-04-04,41.8250,42.2950,39.3800,39.3800,100752000
XLE,2025-04-07,38.1050,40.7900,37.4900,39.1250,113906800
XLE,2025-04-08,40.3300,40.5400,37.6100,38.2200,90538400
XLE,2025-04-09,37.4750,41.6050,37.2450,41.1800,118962400
XLE,2025-04-10,40.1100,40.1100,37.7400,38.4900,79046600
XLE,2025-04-11,38.6700,39.7400,37.9100,39.4450,41916800
XLE,2025-04-14,40.3800,40.3800,39.1900,39.5850,32748200
XLE,2025-04-15,39.5500,40.2600,39.5050,39.5250,22167000
XLE,2025-04-16,39.7700,40.5250,39.6700,39.8500,27331400
XLE,2025-04-17,40.1750,41.3800,40.1550,40.7500,47908800
XLE,2025-04-21,40.1050,40.2050,39.2450,39.6850,31012000
XLE,2025-04-22,40.2000,40.9950,40.0250,40.6950,22097400
XLE,2025-04-23,41.0500,41.4900,40.3700,40.6200,43216200
XLE,2025-04-24,41.0000,41.3900,40.6450,41.2700,21219000
XLE,2025-04-25,40.9000,41.2300,40.7400,41.1950,17664800
XLE,2025-04-28,41.1500,41.6000,41.0950,41.4850,16436800
XLE,2025-04-29,41.0200,41.5150,40.9400,41.3650,19843400
XLE,2025-04-30,40.7000,40.7600,39.7550,40.2500,37814200
XLE,2025-05-01,39.9200,40.9300,39.9200,40.4000,36314400
XLE,2025-05-02,40.8900,41.1950,40.1600,40.9900,32038800
XLE,2025-05-05,40.4750,40.5300,40.0250,40.2500,29530200
XLE,2025-05-06,40.4300,40.6100,40.0350,40.2600,22995400
XLE,2025-05-07,40.3500,40.4800,39.9700,40.2750,22446200
XLE,2025-05-08,40.6450,41.3600,40.5800,40.8050,30565800
XLE,2025-05-09,41.3000,41.4200,40.8800,41.2150,19993200
XLE,2025-05-12,42.7400,42.9350,41.9800,42.2900,32610000
XLE,2025-05-13,42.5000,43.2250,42.3300,42.8850,29031600
XLE,2025-05-14,42.6000,42.7900,42.4600,42.6250,21332600
XLE,2025-05-15,42.0850,42.8300,41.9800,42.8050,29721600
XLE,2025-05-16,42.9000,42.9250,42.3050,42.7400,21725800
XLE,2025-05-19,42.3850,42.4300,41.8750,42.1850,24787000
XLE,2025-05-20,42.1550,42.2500,41.7550,41.7950,22782200
XLE,2025-05-21,41.5450,41.6250,41.0200,41.0250,25698400
XLE,2025-05-22,40.8100,41.1000,40.3600,40.8650,23732200
XLE,2025-05-23,40.5050,41.1000,40.4900,40.9950,23511000
XLE,2025-05-27,41.2800,41.4150,40.9750,41.3500,19028000
XLE,2025-05-28,41.5500,41.6750,40.7200,40.8250,29552600
XLE,2025-05-29,40.8900,41.1300,40.6300,41.1300,23792800
XLE,2025-05-30,40.8150,40.9800,40.4400,40.7650,31038600
XLE,2025-06-02,41.5300,41.5850,40.8250,41.3000,32031000
XLE,2025-06-03,41.3300,42.0500,40.9400,41.7900,30352600
XLE,2025-06-04,41.7700,42.0950,40.9250,40.9750,44939200
XLE,2025-06-05,41.2800,41.3000,40.8300,40.9350,27655000
XLE,2025-06-06,41.3050,41.8300,41.3050,41.7050,28556800
XLE,2025-06-09,41.8700,42.2200,41.5400,41.7850,28680400
XLE,2025-06-10,42.2300,42.8050,42.2100,42.5300,46092200
XLE,2025-06-11,42.8200,43.2150,42.4000,43.1450,48996600
XLE,2025-06-12,42.9450,43.3100,42.6300,43.2950,34028200
XLE,2025-06-13,44.1050,44.2850,43.4750,44.0500,84194800
XLE,2025-06-16,43.9300,44.3750,43.5900,43.9200,69406600
XLE,2025-06-17,44.2850,44.6600,44.0100,44.3300,67884200
XLE,2025-06-18,44.4900,44.7150,43.9400,44.0400,70473000
XLE,2025-06-20,44.2150,44.6150,44.0850,44.4900,56744800
XLE,2025-06-23,44.6850,44.7150,42.8300,43.0150,105688200
XLE,2025-06-24,42.3900,42.9000,42.2950,42.4550,65358800
XLE,2025-06-25,42.4050,42.5600,42.1300,42.2700,43723000
XLE,2025-06-26,42.3650,42.9600,42.2600,42.8750,33565600
XLE,2025-06-27,42.8500,42.8500,42.3950,42.6500,35411800
XLE,2025-06-30,42.4850,42.6700,42.2800,42.4050,26247600
XLE,2025-07-01,42.4700,42.9300,42.0800,42.7300,40772800
XLE,2025-07-02,43.0900,43.5350,42.6150,43.4650,42468800
XLE,2025-07-03,43.4050,43.6550,43.3050,43.5150,22266200
XLE,2025-07-07,43.2500,43.4800,42.6500,43.0950,35673000
XLE,2025-07-08,43.0450,44.4150,43.0350,44.2550,47472400
XLE,2025-07-09,44.1450,44.3200,43.9000,44.0300,28672400
XLE,2025-07-10,43.9300,44.3900,43.6150,44.3650,28823800
XLE,2025-07-11,44.2900,44.7200,44.1550,44.5650,30171600
XLE,2025-07-14,44.4800,44.4800,43.8400,44.0750,33441600
XLE,2025-07-15,43.9900,44.1800,43.3850,43.4400,33859000
XLE,2025-07-16,43.3800,43.6300,42.9100,43.0650,35501600
XLE,2025-07-17,42.8450,43.3950,42.7400,43.3300,36085600
XLE,2025-07-18,43.6750,43.8750,42.8100,42.9800,60975600
XLE,2025-07-21,43.0100,43.0850,42.4500,42.5350,30434400
XLE,2025-07-22,42.4850,42.9700,42.4450,42.7350,32444000
XLE,2025-07-23,42.9100,43.4300,42.8000,43.4050,28046000
XLE,2025-07-24,43.2900,43.7700,43.0950,43.7150,24022200
XLE,2025-07-25,43.7600,43.8350,43.3250,43.5500,20143200
XLE,2025-07-28,43.8400,44.1200,43.7750,44.0450,23705200
XLE,2025-07-29,44.1150,44.4900,43.9700,44.4750,24552000
XLE,2025-07-30,44.2000,44.2250,43.5650,43.8400,26552400
XLE,2025-07-31,43.3800,44.1100,43.3800,43.6050,24960800
XLE,2025-08-01,43.4400,43.5950,42.5600,42.7950,42329400
XLE,2025-08-04,42.7200,43.0400,42.4800,42.7000,26509600
XLE,2025-08-05,42.6900,42.8150,42.1750,42.7550,31413600
XLE,2025-08-06,43.0250,43.2750,42.2350,42.3600,38249400
XLE,2025-08-07,42.6100,43.0850,42.1400,42.1950,35042000
XLE,2025-08-08,42.3950,42.8550,42.1800,42.4650,40736200
XLE,2025-08-11,42.5500,42.7350,42.0500,42.1250,28828800
XLE,2025-08-12,42.2100,42.7000,42.0850,42.3300,34522600
XLE,2025-08-13,42.3600,42.8250,42.2100,42.8200,25601200
XLE,2025-08-14,42.7900,42.8450,42.3250,42.7800,24944600
XLE,2025-08-15,42.8000,43.2650,42.6450,42.7800,27297800
XLE,2025-08-18,42.5550,42.7250,42.2800,42.5250,26428400
XLE,2025-08-19,42.4050,42.7900,42.2950,42.5400,25693800
XLE,2025-08-20,42.6100,43.0700,42.5700,42.8950,27967200
XLE,2025-08-21,42.8200,43.2850,42.7050,43.1900,22088000
XLE,2025-08-22,43.3350,44.1750,43.2650,44.0700,30936400
XLE,2025-08-25,43.9600,44.2400,43.8150,44.1850,23412800
XLE,2025-08-26,44.0100,44.1550,43.7050,44.1150,22855600
XLE,2025-08-27,44.0500,44.7700,44.0000,44.6100,26877400
XLE,2025-08-28,44.6250,45.0150,44.3300,44.9500,24086200
XLE,2025-08-29,44.9700,45.3100,44.9100,45.1950,23745000
XLE,2025-09-02,45.0750,45.3400,44.7350,45.2600,25964400
XLE,2025-09-03,44.9000,45.2750,44.0950,44.2450,36018200
XLE,2025-09-04,44.2500,44.7250,44.0600,44.5400,25895400
XLE,2025-09-05,44.1750,44.3200,43.4600,43.6800,48182200
XLE,2025-09-08,43.8250,44.0150,43.1950,43.5800,34931800
XLE,2025-09-09,43.8150,44.4100,43.7650,43.7900,41193400
XLE,2025-09-10,43.8900,44.5800,43.7900,44.5550,29932800
XLE,2025-09-11,44.2000,44.6600,44.0650,44.5650,25176800
XLE,2025-09-12,44.7500,44.9500,44.2900,44.3000,22297800
XLE,2025-09-15,44.3850,44.5000,44.0750,44.1500,23287800
XLE,2025-09-16,44.3450,45.0300,44.3350,44.8900,41593000
XLE,2025-09-17,44.8300,45.3100,44.6350,44.9950,26044800
XLE,2025-09-18,45.0350,45.1250,44.5150,44.8550,28713000
XLE,2025-09-19,44.8150,44.8500,44.1050,44.2600,29979200
XLE,2025-09-22,43.7300,44.0500,43.5550,43.8350,22502400
XLE,2025-09-23,44.0100,45.0700,44.0100,44.5900,44214800
XLE,2025-09-24,44.9050,45.5900,44.8550,45.1700,35406200
XLE,2025-09-25,45.1650,45.6200,45.0400,45.5750,31887200
XLE,2025-09-26,45.6500,46.4550,45.6400,45.9950,40161600
XLE,2025-09-29,45.6750,45.7400,44.9150,45.1500,37674400
XLE,2025-09-30,44.7550,44.8500,44.3200,44.6700,47544800
XLE,2025-10-01,44.4500,44.8200,44.4000,44.6700,27661200
XLE,2025-10-02,44.5700,44.9650,44.1750,44.2200,31793600
XLE,2025-10-03,44.4450,44.7150,44.3900,44.4550,24048000
XLE,2025-10-06,44.7350,44.9300,44.4950,44.6750,21488400
XLE,2025-10-07,44.6350,44.7800,43.9550,44.7450,25324000
XLE,2025-10-08,44.7450,44.7450,44.1500,44.4850,20024200
XLE,2025-10-09,44.5800,44.9600,43.8350,43.8800,23397800
XLE,2025-10-10,43.5550,43.7750,42.5950,42.6100,44892200
XLE,2025-10-13,42.9350,43.2450,42.7950,43.1900,22889600
XLE,2025-10-14,42.5750,43.4300,42.5200,43.1850,25084600
XLE,2025-10-15,43.4600,43.7050,42.8400,43.1600,24267000
XLE,2025-10-16,43.2350,43.3650,42.3500,42.6400,29193800
XLE,2025-10-17,42.8200,43.0800,42.6450,42.9900,24071800
XLE,2025-10-20,43.0650,43.5450,43.0650,43.4450,25352400
XLE,2025-10-21,43.5650,43.6650,43.1250,43.3450,25885200
XLE,2025-10-22,43.6350,44.0900,43.2700,43.9000,32814000
XLE,2025-10-23,44.6850,44.7800,44.2150,44.4850,47308800
XLE,2025-10-24,44.6850,44.7000,44.0050,44.0350,21191000
XLE,2025-10-27,44.1750,44.3200,43.9450,44.1400,19597200
XLE,2025-10-28,43.9750,44.1150,43.6550,43.6800,22474600
XLE,2025-10-29,43.7300,44.2300,43.6400,44.0050,26807800
XLE,2025-10-30,43.9900,44.3100,43.6850,43.7450,20663400
XLE,2025-10-31,43.8500,44.3150,43.6600,44.0650,26985400
XLE,2025-11-03,44.0750,44.1900,43.5650,44.0700,22232000
XLE,2025-11-04,43.5300,43.7150,43.1850,43.5950,29477600
XLE,2025-11-05,43.6000,44.1950,43.5450,43.7100,23857200
XLE,2025-11-06,43.7750,44.5500,43.7750,44.1350,32154800
XLE,2025-11-07,44.2900,44.8750,44.1700,44.7700,35458400
XLE,2025-11-10,44.8850,45.2800,44.3050,45.1750,31264600
XLE,2025-11-11,45.4450,46.0850,45.4100,45.7650,38752800
XLE,2025-11-12,45.4550,45.6650,45.0600,45.1250,29863200
XLE,2025-11-13,45.2700,45.6500,45.0400,45.2400,32243800
XLE,2025-11-14,45.4800,46.1100,44.9100,46.0100,34179400
XLE,2025-11-17,45.9550,45.9700,44.9900,45.1700,37447400
XLE,2025-11-18,44.9750,45.6500,44.8500,45.5300,34839400
XLE,2025-11-19,44.7250,45.0850,44.4100,44.9400,41062800
XLE,2025-11-20,45.1700,45.7850,44.3950,44.4300,41630000
XLE,2025-11-21,44.5050,44.9050,44.0350,44.7100,39317200
XLE,2025-11-24,44.6600,44.7250,43.8950,44.5850,33681800
XLE,2025-11-25,44.2350,44.4800,43.9400,44.3050,29299000
XLE,2025-11-26,44.2950,44.9600,44.2550,44.6400,26611000
XLE,2025-11-28,44.6650,45.4200,44.6000,45.2250,16666600
XLE,2025-12-01,45.2900,45.9100,45.2550,45.6600,31150000
XLE,2025-12-02,45.5900,45.5900,44.8450,45.0700,33305000
XLE,2025-12-03,45.3750,45.9950,45.3100,45.9150,30174000
XLE,2025-12-04,45.8900,46.1850,45.7550,46.1100,23799600
XLE,2025-12-05,46.0300,46.6600,45.9100,45.9200,22164400
XLE,2025-12-08,45.6600,45.9200,45.2700,45.4200,27891900
XLE,2025-12-09,45.5000,46.0800,45.4600,45.7000,20917400
XLE,2025-12-10,45.8400,46.2700,45.6300,46.1800,26255100
XLE,2025-12-11,45.9000,46.2500,45.8400,45.9600,25827200
XLE,2025-12-12,46.0500,46.2400,45.3900,45.5100,33161200
XLE,2025-12-15,45.6100,45.6100,44.8200,45.1900,27521600
XLE,2025-12-16,44.8300,44.8500,43.7700,43.8100,49312400
XLE,2025-12-17,44.1300,44.8800,44.0600,44.7800,43375300
XLE,2025-12-18,44.6500,44.7100,43.9800,44.1300,29920200
XLE,2025-12-19,44.2500,44.5300,44.0300,44.1300,31959600
XLE,2025-12-22,44.1400,44.4900,44.0900,44.2100,23707400
XLE,2025-12-23,44.3700,44.5500,44.2200,44.5000,19137500
XLE,2025-12-24,44.4200,44.5600,44.3100,44.3700,11293900
XLE,2025-12-26,44.3200,44.4400,43.9900,44.2000,17884500
XLE,2025-12-29,44.5100,44.7400,44.2900,44.6200,31352100
XLE,2025-12-30,44.8000,45.0900,44.8000,44.9600,18654700
XLE,2025-12-31,44.9300,45.0200,44.5700,44.7100,16965900
XLE,2026-01-02,44.7200,45.7800,44.4900,45.6500,31935500
XLE,2026-01-05,47.1600,47.3200,45.7500,46.8900,94961000
XLE,2026-01-06,47.0000,47.0600,45.5300,45.6400,69568200
XLE,2026-01-07,45.8200,45.8200,45.0800,45.1300,42739200
XLE,2026-01-08,45.3200,46.8500,45.2200,46.5500,51451000
XLE,2026-01-09,46.7500,46.8800,46.5100,46.6700,38839900
XLE,2026-01-12,46.7500,46.8100,46.1000,46.3400,28264400
XLE,2026-01-13,46.7300,47.3900,46.6800,47.0000,50469200
XLE,2026-01-14,47.2500,48.6500,47.1800,48.0600,80750200
XLE,2026-01-15,47.6300,48.0700,47.2700,47.6100,49328800
XLE,2026-01-16,47.5600,47.8100,47.4900,47.6900,30796300
XLE,2026-01-20,48.0900,48.3100,47.5000,47.6000,50178700
XLE,2026-01-21,48.2900,49.0500,48.2900,48.7500,58996000
XLE,2026-01-22,48.6200,49.0000,48.4200,48.9100,50869500
XLE,2026-01-23,49.5200,49.8900,49.0900,49.1900,51431200
XLE,2026-01-26,49.8700,49.8900,48.9500,49.2200,40122600
XLE,2026-01-27,49.3900,49.8200,49.1600,49.6700,39840300
XLE,2026-01-28,49.9700,50.1400,49.5600,50.0500,41890400
XLE,2026-01-29,51.1500,51.7300,50.4800,50.5100,77520700
XLE,2026-01-30,50.3600,51.0900,49.8800,51.0500,74039400
XLE,2026-02-02,50.1000,50.5100,49.7700,50.0500,61479900
XLE,2026-02-03,50.2400,51.7800,50.0200,51.6700,83754100
XLE,2026-02-04,51.8200,52.9600,51.8200,52.8300,78149900
XLE,2026-02-05,52.2600,52.4900,51.4400,52.2100,54235600
XLE,2026-02-06,52.5000,53.4200,52.3600,53.2500,41669600
XLE,2026-02-09,53.2100,53.7200,52.9800,53.6400,38798500
XLE,2026-02-10,53.7700,53.7900,53.2400,53.5800,32146000
XLE,2026-02-11,54.2800,55.1100,54.2500,54.9800,57349700
XLE,2026-02-12,54.9400,55.2400,53.7600,53.9800,67427800
XLE,2026-02-13,53.9400,54.5800,53.8100,54.3500,48392100
XLE,2026-02-17,54.5600,54.9100,53.1800,53.7500,50499600
XLE,2026-02-18,54.5300,54.8600,54.2200,54.7800,59196100
XLE,2026-02-19,55.4600,55.8800,54.9300,55.1800,62513500
XLE,2026-02-20,55.0000,55.2900,54.5100,54.8800,50833500
XLE,2026-02-23,55.0400,55.9300,54.8700,55.1500,44013500
XLE,2026-02-24,55.1100,55.2200,54.4000,55.1000,42921700
XLE,2026-02-25,55.3000,55.3700,54.1900,54.8700,36207500
XLE,2026-02-26,54.3700,55.6700,54.1200,55.0500,47033500
XLE,2026-02-27,55.6400,56.1500,54.9300,55.9200,59071500
XLE,2026-03-02,57.7700,57.8800,56.2700,57.0400,135633300
XLE,2026-03-03,57.3900,57.7200,56.0500,56.5200,154770800
XLE,2026-03-04,56.0600,56.4300,55.3300,56.1900,70732700
XLE,2026-03-05,56.5300,57.0600,56.0800,56.4800,85177800
XLE,2026-03-06,57.1500,57.3400,56.1700,56.5700,68219000
XLE,2026-03-09,56.8400,57.1500,55.9400,56.3200,88747400
XLE,2026-03-10,56.0600,56.4600,55.3700,55.6000,88817900
XLE,2026-03-11,55.6300,57.0400,55.5400,56.9800,48743700
XLE,2026-03-12,57.1300,58.2200,57.0600,57.5100,69358700
XLE,2026-03-13,57.5000,57.9300,57.1000,57.7000,43374600
XLE,2026-03-16,57.7600,58.1000,57.2700,57.9000,39474300
XLE,2026-03-17,58.2300,59.0500,57.9800,58.5100,40137700
XLE,2026-03-18,58.7400,58.9700,58.4300,58.4300,42908000
XLE,2026-03-19,58.8700,59.7200,58.5200,59.3600,69231400
XLE,2026-03-20,59.5600,60.3200,59.2800,59.3100,73003400
XLE,2026-03-23,57.8900,59.8400,57.6600,59.6300,71027200
XLE,2026-03-24,59.8000,61.4700,59.7700,60.8400,51207500
XLE,2026-03-25,60.3200,61.0000,60.2600,60.5700,42680700
XLE,2026-03-26,60.6700,61.8600,60.5900,61.5200,54967600
XLE,2026-03-27,61.5300,62.7900,61.2600,62.5600,59553200
XLE,2026-03-30,63.1300,63.4600,61.7800,61.9600,49750100
XLE,2026-03-31,62.0400,62.8300,60.0400,61.2600,94766900
XLE,2026-04-01,59.7200,60.6200,58.3600,58.9700,96652900
XLE,2026-04-02,60.5300,61.0100,58.9800,59.2500,60400500
XLE,2026-04-06,59.1100,59.6900,58.8900,59.6800,25474200
XLE,2026-04-07,59.8100,60.7700,59.7900,60.1600,38811700
XLE,2026-04-08,56.6800,58.1900,56.1800,58.0500,88023600
XLE,2026-04-09,58.2000,59.0200,57.1100,57.3300,55088500
XLE,2026-04-10,57.1700,57.4800,56.4000,56.9400,42561700
XLE,2026-04-13,57.6200,57.7200,56.6500,57.1100,43100900
XLE,2026-04-14,56.5000,56.5000,55.4100,55.9500,58830100
XLE,2026-04-15,55.6000,56.2100,55.2700,55.7600,39551500
XLE,2026-04-16,55.8400,56.8800,55.7700,56.5800,31282600
XLE,2026-04-17,54.4100,55.1600,53.4100,55.0200,90913300
XLE,2026-04-20,55.1000,55.7200,54.8000,55.0700,35150000
XLE,2026-04-21,55.3200,55.9600,54.9200,55.8700,41299800
XLE,2026-04-22,56.3600,56.7800,56.1300,56.5400,40565500
XLE,2026-04-23,56.8900,57.1900,56.4700,56.9800,34707200
XLE,2026-04-24,56.7700,56.9200,56.1700,56.8700,36426700
XLE,2026-04-27,57.1000,57.6800,56.6300,56.7700,33070600
XLE,2026-04-28,57.7200,58.0500,57.3800,57.7100,39151300
XLE,2026-04-29,58.2800,59.1100,58.0600,59.0300,40616700
XLE,2026-04-30,58.2000,59.8400,57.9400,59.6500,35896800
XLE,2026-05-01,59.0600,59.6000,58.2600,58.8500,35828400
XLE,2026-05-04,58.7300,59.6300,58.2200,59.3900,36883000
XLE,2026-05-05,59.2300,59.7600,58.8900,59.4500,27041400
XLE,2026-05-06,57.2900,57.8900,56.6600,57.0000,57907500
XLE,2026-05-07,55.8700,56.1500,55.1300,55.9500,52909900
XLE,2026-05-08,55.8500,56.2300,55.4600,55.7000,30573500
XLE,2026-05-11,56.2600,57.2200,56.2400,57.1700,31943300
XLE,2026-05-12,57.7300,57.8400,57.1400,57.5700,36814500
XLE,2026-05-13,57.4700,57.7100,56.9600,57.6300,22707200
XLE,2026-05-14,57.6500,58.1800,57.5100,58.0700,23487000
XLE,2026-05-15,58.7000,59.4700,58.4800,59.4400,33565500
XLE,2026-05-18,59.1300,60.7000,58.7200,60.5800,41516600
XLE,2026-05-19,60.8100,61.4900,60.3000,61.2900,31111000
XLE,2026-05-20,60.8100,61.7000,59.6800,59.8000,61776800
XLE,2026-05-21,60.4800,60.5900,58.7200,59.1300,45851100
XLE,2026-05-22,58.9900,59.6100,58.8300,59.4900,42428900
XLE,2026-05-26,58.8700,59.5700,57.8400,57.8500,38819900
XLE,2026-05-27,57.0100,57.5000,56.4800,56.9900,48329800
XLE,2026-05-28,57.5500,57.6800,56.6800,56.9500,46554100
XLE,2026-05-29,56.6800,56.7900,55.9900,56.2900,32389600
XLE,2026-06-01,57.0300,57.8100,56.8500,57.3000,55879400
XLE,2026-06-02,57.1900,58.1700,57.0800,57.9600,23842600
XLE,2026-06-03,58.2400,59.3800,58.0100,58.7100,46312800
XLE,2026-06-04,58.5000,59.0300,58.1700,58.7500,23916300
XLE,2026-06-05,58.6700,58.7800,57.6300,57.6700,28213000
XLE,2026-06-08,58.0800,58.9600,57.9700,58.3300,25717800
XLE,2026-06-09,58.0800,58.2100,56.8100,57.3900,46026300
XLE,2026-06-10,57.9400,59.0400,57.7800,58.2500,36515300
XLE,2026-06-11,58.7800,58.9900,57.0600,57.1200,40863500
XLE,2026-06-12,56.7900,58.1500,56.6300,57.5500,31964700
XLE,2026-06-15,55.2000,56.0500,55.0200,55.5500,44319100
XLE,2026-06-16,55.0000,55.4800,54.9500,55.3600,42008400
XLE,2026-06-17,55.2600,55.3600,54.5400,54.6700,38553000
XLE,2026-06-18,54.1400,54.2500,53.2500,53.7700,39645700
XLE,2026-06-22,53.5300,54.1300,53.1700,54.0600,30765600
XLE,2026-06-23,54.1400,54.5600,53.8700,54.4600,38690400
XLE,2026-06-24,53.5000,53.7700,52.9400,53.5700,43034600
XLE,2026-06-25,53.2000,54.3200,53.0000,54.0900,28221700
XLE,2026-06-26,54.0000,54.1500,53.6800,53.8400,19025200
XLE,2026-06-29,53.9800,54.2800,53.4700,53.5800,25142300
XLE,2026-06-30,53.6200,54.1200,53.0800,53.1100,28284000
XLE,2026-07-01,53.0500,53.4400,52.6200,52.8100,33662700
XLE,2026-07-02,53.2400,53.6500,52.9100,53.2200,28525600
XLE,2026-07-06,53.0600,53.5500,53.0000,53.1300,24735300
XLE,2026-07-07,53.6100,54.8200,53.6000,54.6400,41833600
XLE,2026-07-08,55.4600,56.0400,54.8700,55.6000,39741400
XLE,2026-07-09,55.2800,55.4800,54.7300,54.8200,21770700
XLE,2026-07-10,55.0800,55.2400,54.3600,55.0800,22974700
XLE,2026-07-13,55.8600,56.9700,55.8600,56.7400,41200900
XLE,2026-07-14,57.0000,57.2200,56.2900,56.9500,32579000
XLE,2026-07-15,56.9400,57.0400,55.7600,56.5000,33184200
XLE,2026-07-16,56.6600,57.3000,56.6000,57.0200,27477000
XLE,2026-07-17,57.9500,58.1200,57.2800,57.6800,31397800
XLE,2026-07-20,57.5600,58.3900,57.4100,57.9400,27329300
XLE,2026-07-21,58.1600,58.5300,57.8300,58.5000,20315700
XLE,2026-07-22,59.2700,59.5200,58.9000,59.2000,29548600
XLE,2026-07-23,60.2400,60.3800,59.2700,59.3800,35838600
XLE,2026-07-24,59.4000,60.4500,59.4000,59.6200,34181900
XLE,2026-07-27,58.4100,59.2800,58.2300,58.3600,33819500
XLE,2026-07-28,58.4100,58.7900,57.2500,57.5700,27800800
XLE,2026-07-29,59.0800,59.3000,58.4200,58.6500,34166800
XLE,2026-07-30,58.0800,59.1100,58.0200,58.9600,23045700
XLE,2026-07-31,58.9300,59.6900,58.3200,59.5500,23556500
XLE,2026-08-03,58.6900,59.3300,58.1600,58.7900,26038400
XLE,2026-08-04,57.7000,58.7200,57.1300,58.5200,37661500
XLE,2026-08-05,58.7700,58.9800,57.2100,57.3100,33213500
XLE,2026-08-06,58.3900,58.5600,57.5800,58.1600,25084300
XLE,2026-08-07,57.5300,58.0500,57.1100,57.5000,21092700
XLE,2026-08-10,58.1900,60.2100,58.1000,60.1800,33677800
XLE,2026-08-11,59.9900,61.0800,59.9900,60.9300,22400800
XLE,2026-08-12,60.4700,61.1700,60.3400,61.0300,22584200
XLE,2026-08-13,60.5200,61.1300,60.2300,61.0600,20703600
XLE,2026-08-14,61.3700,62.1100,61.2500,61.9100,22777700
XLE,2026-08-17,62.2200,62.6900,61.7900,62.5800,23550300
XLE,2026-08-18,63.4100,63.7100,63.1200,63.6800,27280500
XLE,2026-08-19,63.8500,64.2500,63.4000,63.5800,25537800
XLE,2026-08-20,64.2500,64.7000,63.6900,63.7500,24304100
XLE,2026-08-21,63.9100,64.3000,63.3500,63.6400,27791900
XLE,2026-08-24,63.2400,63.7200,62.5600,63.1100,23007900
XLE,2026-08-25,62.2000,62.7900,62.0400,62.0600,27426400
XLE,2026-08-26,61.4300,63.0200,61.3100,62.4300,24394100
XLE,2026-08-27,62.2300,62.7200,61.5500,62.2900,29599300
XLE,2026-08-28,62.3500,62.7400,62.1200,62.6800,20624500
XLE,2026-08-31,63.8000,64.4400,63.1400,63.9600,27148800
XLE,2026-09-01,64.8700,64.9500,64.0500,64.7700,33275900
XLE,2026-09-02,64.2700,65.3500,64.2500,65.1000,27393300
XLE,2026-09-03,65.1200,65.5200,64.5800,64.6200,24070700
XLE,2026-09-04,64.0400,64.3300,63.3800,64.0600,26281800
XLE,2026-09-08,64.8300,65.2400,64.3100,64.7700,28088200
XLE,2026-09-09,65.5600,65.9200,65.0100,65.3100,25392400
XLE,2026-09-10,66.1400,66.1700,64.3400,64.9300,37212600
XLE,2026-09-11,64.8900,65.7300,64.7100,65.1400,30546300
XLE,2026-09-14,65.9600,66.0500,64.1800,64.5300,47236500
XLE,2026-09-15,64.8800,66.1200,64.8100,65.9300,34571900
XLE,2026-09-16,65.2200,65.2200,63.6800,64.0300,48608400
XLE,2026-09-17,63.5000,64.5200,63.4600,64.4800,35534300
XLE,2026-09-18,64.2000,64.7500,64.1000,64.3100,29418800
XLE,2026-09-21,63.1700,63.7000,62.3700,62.4600,36482200
XLE,2026-09-22,61.6300,62.6700,61.4200,61.7800,39289100
XLF,2024-09-19,45.6500,45.8100,45.3400,45.6900,46457700
XLF,2024-09-20,45.5900,45.6600,45.3400,45.6600,48699200
XLF,2024-09-23,45.4900,45.6700,45.3600,45.4400,31615300
XLF,2024-09-24,45.3000,45.3000,44.9000,45.0600,40341400
XLF,2024-09-25,45.0800,45.1400,44.6500,44.7900,32546900
XLF,2024-09-26,44.9200,45.1100,44.7700,45.0200,31445200
XLF,2024-09-27,45.1200,45.4400,45.0500,45.1500,23226100
XLF,2024-09-30,45.0400,45.3400,44.8400,45.3200,23593400
XLF,2024-10-01,45.2000,45.3100,44.7800,45.0800,32703000
XLF,2024-10-02,45.0600,45.2300,44.8300,45.1300,37709400
XLF,2024-10-03,44.9600,45.0500,44.6700,44.8900,23545700
XLF,2024-10-04,45.3300,45.6900,45.1500,45.6500,40432000
XLF,2024-10-07,45.6500,45.6700,44.9000,45.0900,26599300
XLF,2024-10-08,45.2600,45.4600,45.1800,45.3500,28763000
XLF,2024-10-09,45.3500,45.8600,45.2600,45.7700,28334300
XLF,2024-10-10,45.8200,45.8600,45.4400,45.6300,34127400
XLF,2024-10-11,45.9200,46.6000,45.8900,46.5100,52850300
XLF,2024-10-14,46.5900,46.8500,46.4600,46.8000,35850800
XLF,2024-10-15,47.1200,47.3900,46.8400,46.9000,42356800
XLF,2024-10-16,47.0800,47.5000,46.9900,47.4800,44973700
XLF,2024-10-17,47.6800,47.8100,47.5800,47.6100,45823400
XLF,2024-10-18,47.6100,47.7200,47.3500,47.6200,34279600
XLF,2024-10-21,47.5400,47.6500,47.1500,47.2400,26207400
XLF,2024-10-22,47.0000,47.2300,46.7800,47.1500,30018700
XLF,2024-10-23,47.1000,47.2200,46.8800,47.1100,20697200
XLF,2024-10-24,47.1200,47.2100,46.8600,47.1500,19617500
XLF,2024-10-25,47.3400,47.4200,46.5200,46.6300,25526500
XLF,2024-10-28,46.8700,47.2500,46.8600,47.2100,31415900
XLF,2024-10-29,47.0900,47.2200,46.8800,46.9200,27930900
XLF,2024-10-30,46.9800,47.4300,46.9400,47.1300,28704300
XLF,2024-10-31,47.0700,47.2100,46.4800,46.4800,53417100
XLF,2024-11-01,46.6300,47.0000,46.5200,46.6400,40139900
XLF,2024-11-04,46.6100,46.6500,46.0300,46.2800,41705600
XLF,2024-11-05,46.3200,46.7300,46.2300,46.7100,35221800
XLF,2024-11-06,49.0400,49.6800,48.7000,49.5500,153473400
XLF,2024-11-07,49.4400,49.4400,48.6600,48.7500,70611400
XLF,2024-11-08,49.1000,49.4700,48.8500,49.1900,60376500
XLF,2024-11-11,49.6800,50.1400,49.6700,49.8900,63654700
XLF,2024-11-12,49.8700,49.9400,49.5900,49.7400,58512400
XLF,2024-11-13,49.8400,50.1300,49.6900,49.7700,31880700
XLF,2024-11-14,49.8800,49.9900,49.5500,49.6400,38252800
XLF,2024-11-15,49.6400,50.0100,49.6100,49.8700,40741500
XLF,2024-11-18,49.9100,50.1100,49.7000,50.0200,27141600
XLF,2024-11-19,49.6200,49.8800,49.4200,49.6900,27014700
XLF,2024-11-20,49.8900,49.9200,49.3000,49.5400,33932500
XLF,2024-11-21,49.7900,50.4000,49.6600,50.1700,50881800
XLF,2024-11-22,50.1400,50.7800,50.1300,50.7300,42050800
XLF,2024-11-25,51.0100,51.2500,50.8600,51.0600,47492500
XLF,2024-11-26,51.0800,51.2600,50.7600,51.1600,28418400
XLF,2024-11-27,51.2300,51.6200,51.2100,51.2600,31803700
XLF,2024-11-29,51.4400,51.5700,51.2500,51.3400,15178400
XLF,2024-12-02,51.4200,51.4900,50.7000,50.8300,55483600
XLF,2024-12-03,51.1300,51.1300,50.4500,50.4500,46924300
XLF,2024-12-04,50.4000,50.4400,50.0900,50.2600,41017400
XLF,2024-12-05,50.3400,50.6700,50.3000,50.4100,33599300
XLF,2024-12-06,50.4000,50.5700,50.2600,50.4000,23439400
XLF,2024-12-09,50.4400,50.4900,49.6900,49.7100,41998300
XLF,2024-12-10,49.7500,49.9800,49.3900,49.7000,38861800
XLF,2024-12-11,49.9000,49.9200,49.5800,49.8000,35035900
XLF,2024-12-12,49.9300,49.9700,49.5800,49.5800,23107300
XLF,2024-12-13,49.7800,49.8000,49.4300,49.5400,39160400
XLF,2024-12-16,49.5700,49.6300,49.3600,49.4500,35242800
XLF,2024-12-17,49.2600,49.2700,48.9300,49.1000,46103300
XLF,2024-12-18,49.1900,49.3000,47.5900,47.6300,72399500
XLF,2024-12-19,48.1700,48.5300,47.7900,47.8000,63641000
XLF,2024-12-20,47.7000,48.8900,47.6000,48.5100,56066100
XLF,2024-12-23,48.0600,48.4600,47.8700,48.4200,43033300
XLF,2024-12-24,48.5200,49.0100,48.4300,48.9900,18350500
XLF,2024-12-26,48.7700,49.1300,48.7400,49.1100,20805600
XLF,2024-12-27,48.8500,49.1700,48.4900,48.7500,33852400
XLF,2024-12-30,48.2500,48.5000,47.8600,48.2800,34819800
XLF,2024-12-31,48.4000,48.5700,48.1600,48.3300,25170500
XLF,2025-01-02,48.5800,48.7700,47.9400,48.2100,35879100
XLF,2025-01-03,48.4900,48.6200,48.0800,48.5900,25198100
XLF,2025-01-06,48.8000,49.0200,48.3500,48.4400,54289900
XLF,2025-01-07,48.6500,48.7600,48.1200,48.3300,57682700
XLF,2025-01-08,48.3400,48.5000,48.0200,48.4900,36422000
XLF,2025-01-10,48.1000,48.1400,47.1500,47.3200,53128700
XLF,2025-01-13,47.0800,47.6800,47.0400,47.6600,36002800
XLF,2025-01-14,47.8500,48.2900,47.7400,48.2500,39353300
XLF,2025-01-15,49.2800,49.6100,49.0100,49.4800,61176900
XLF,2025-01-16,49.4600,49.8500,49.4600,49.8100,33830400
XLF,2025-01-17,49.9100,50.3200,49.7300,50.2300,43693100
XLF,2025-01-21,50.4000,50.7100,50.3900,50.6500,33267500
XLF,2025-01-22,50.6500,50.6600,50.2100,50.4100,37226400
XLF,2025-01-23,50.4900,50.7900,50.4800,50.7000,32048800
XLF,2025-01-24,50.5300,50.9000,50.4800,50.8500,39088700
XLF,2025-01-27,50.7600,51.4400,50.6200,51.4100,61707400
XLF,2025-01-28,51.3500,51.5500,51.1100,51.3200,39885300
XLF,2025-01-29,51.1800,51.7400,51.1700,51.2800,43612200
XLF,2025-01-30,51.7500,52.0400,51.4300,51.7700,64250500
XLF,2025-01-31,51.8300,51.9700,51.4400,51.4700,40424200
XLF,2025-02-03,50.7500,51.4000,50.4100,51.2600,77416200
XLF,2025-02-04,51.3200,51.3900,51.0000,51.1400,41742700
XLF,2025-02-05,51.3600,51.6900,51.1400,51.6800,34758600
XLF,2025-02-06,51.9800,52.1300,51.7600,52.1100,34355900
XLF,2025-02-07,52.1700,52.2600,51.7800,51.8200,40601400
XLF,2025-02-10,51.9100,51.9800,51.1900,51.4100,37921500
XLF,2025-02-11,51.3300,51.6400,51.0200,51.5400,45162900
XLF,2025-02-12,51.2800,51.3800,50.9200,51.3600,45473100
XLF,2025-02-13,51.5000,51.7700,51.2800,51.7000,36372200
XLF,2025-02-14,51.7700,52.0200,51.7500,51.8000,29574300
XLF,2025-02-18,51.8800,52.2000,51.7500,52.1700,33496800
XLF,2025-02-19,52.0400,52.2500,51.9000,52.1900,31748500
XLF,2025-02-20,52.1100,52.1500,51.0400,51.3900,47078900
XLF,2025-02-21,51.4100,51.5000,50.6500,50.7500,51789900
XLF,2025-02-24,50.9900,51.4100,50.6800,50.9700,56673900
XLF,2025-02-25,51.2700,51.4100,50.3100,50.9600,50132800
XLF,2025-02-26,50.9700,51.3200,50.7500,50.8500,31250500
XLF,2025-02-27,51.0300,51.8000,50.9900,51.1300,44378600
XLF,2025-02-28,51.3900,52.2600,51.1700,52.1800,63537100
XLF,2025-03-03,52.3200,52.6400,51.3700,51.7400,76100100
XLF,2025-03-04,51.2200,51.2800,49.6400,49.9200,99342400
XLF,2025-03-05,49.9400,50.4500,49.5600,50.2100,75561700
XLF,2025-03-06,49.6200,49.9600,49.0600,49.3800,55477700
XLF,2025-03-07,49.2000,49.3300,48.2500,49.1200,87351400
XLF,2025-03-10,48.2900,48.6100,47.4600,48.0200,78221400
XLF,2025-03-11,47.9500,48.0800,47.2800,47.6100,72972200
XLF,2025-03-12,48.1200,48.1900,47.2200,47.6800,60700100
XLF,2025-03-13,47.8000,48.0800,47.2800,47.4200,49986300
XLF,2025-03-14,47.8700,48.6000,47.6200,48.5200,49535700
XLF,2025-03-17,48.3300,49.3300,48.3200,49.0900,43570500
XLF,2025-03-18,49.1300,49.2900,48.8500,49.0300,32714200
XLF,2025-03-19,49.0600,49.8300,48.8600,49.5700,44290700
XLF,2025-03-20,49.2900,49.9800,49.2000,49.6400,46326000
XLF,2025-03-21,49.3900,49.6400,49.0300,49.4600,53382800
XLF,2025-03-24,49.7900,50.2700,49.6600,50.1500,43158200
XLF,2025-03-25,50.3300,50.5100,50.0800,50.4300,24873700
XLF,2025-03-26,50.5800,50.9100,50.0900,50.2800,39729200
XLF,2025-03-27,50.1900,50.4500,49.7900,50.1800,32299800
XLF,2025-03-28,50.0300,50.3000,49.0200,49.2100,45365400
XLF,2025-03-31,48.7200,50.0600,48.5800,49.8100,38042300
XLF,2025-04-01,49.6200,49.9700,49.2000,49.7500,37959100
XLF,2025-04-02,49.3500,50.3300,49.2700,50.1600,41792100
XLF,2025-04-03,48.2000,48.6500,47.6000,47.6900,101160600
XLF,2025-04-04,46.0700,46.4100,44.0900,44.2000,128135300
XLF,2025-04-07,42.8400,45.6500,42.2100,44.0900,179993200
XLF,2025-04-08,45.8000,46.2200,43.2400,43.9200,98804200
XLF,2025-04-09,43.2400,47.6100,43.0700,47.2300,177242900
XLF,2025-04-10,46.5300,46.6000,44.5400,45.9100,93318200
XLF,2025-04-11,45.6000,46.9700,45.3700,46.6700,63647400
XLF,2025-04-14,47.3500,47.6200,46.8700,47.1500,52008900
XLF,2025-04-15,47.4200,47.9000,47.2300,47.2700,41840100
XLF,2025-04-16,47.1700,47.3400,46.1800,46.5300,47934300
XLF,2025-04-17,46.5000,47.2100,46.4300,46.6500,61866600
XLF,2025-04-21,46.4100,46.5500,45.1400,45.6500,43082300
XLF,2025-04-22,46.3400,47.2800,46.2000,47.1600,38154800
XLF,2025-04-23,48.0400,48.7300,47.5600,47.7200,50290900
XLF,2025-04-24,47.5500,48.3400,47.3600,48.2500,26817900
XLF,2025-04-25,48.0100,48.2300,47.7000,48.0200,28113000
XLF,2025-04-28,48.2200,48.5700,47.8300,48.1700,33922800
XLF,2025-04-29,48.1800,48.7600,47.9600,48.6700,42475300
XLF,2025-04-30,48.1500,48.9300,47.5000,48.7600,33759900
XLF,2025-05-01,48.5800,49.0700,48.4400,48.7500,34420200
XLF,2025-05-02,49.4900,49.9400,49.3300,49.7600,35032100
XLF,2025-05-05,49.3400,49.8300,49.1000,49.4400,24139900
XLF,2025-05-06,49.0000,49.5600,48.9700,49.1600,28949100
XLF,2025-05-07,49.3200,49.7200,49.2600,49.4500,30070100
XLF,2025-05-08,49.8400,50.3700,49.7300,49.8600,31294200
XLF,2025-05-09,49.9600,50.0400,49.7200,49.8600,22075000
XLF,2025-05-12,51.1100,51.2000,50.5500,50.8700,44274100
XLF,2025-05-13,51.0000,51.3200,50.9100,51.0800,33986100
XLF,2025-05-14,51.1100,51.1700,50.7900,50.9400,38764200
XLF,2025-05-15,50.8700,51.3600,50.8300,51.2800,34742500
XLF,2025-05-16,51.2700,51.6700,51.1600,51.5900,53401000
XLF,2025-05-19,51.3200,51.7700,51.2400,51.6200,26348400
XLF,2025-05-20,51.3800,51.5200,51.1100,51.3400,26903000
XLF,2025-05-21,51.0200,51.1700,50.2500,50.2900,40022000
XLF,2025-05-22,50.1800,50.5200,49.9700,50.2300,33662800
XLF,2025-05-23,49.5900,50.2900,49.5700,50.0500,33645600
XLF,2025-05-27,50.4400,50.9600,50.2600,50.9300,38636400
XLF,2025-05-28,50.8900,51.0200,50.5100,50.5900,31730200
XLF,2025-05-29,50.7600,50.8600,50.3600,50.8500,34098400
XLF,2025-05-30,50.6800,51.0500,50.4600,50.9600,37953200
XLF,2025-06-02,50.6100,51.0000,50.2900,50.9800,30142300
XLF,2025-06-03,50.8200,51.1300,50.4100,51.0800,33705400
XLF,2025-06-04,51.1500,51.2100,50.7800,50.7900,24600500
XLF,2025-06-05,50.8000,50.8800,50.4500,50.6500,42014400
XLF,2025-06-06,51.1700,51.4400,51.0500,51.2800,34982800
XLF,2025-06-09,51.3400,51.3600,50.6900,51.0000,28322100
XLF,2025-06-10,50.9900,51.0800,50.8800,51.0600,27728600
XLF,2025-06-11,51.1100,51.3400,50.8100,51.0000,39368400
XLF,2025-06-12,50.7000,51.0100,50.5000,51.0000,25500900
XLF,2025-06-13,50.3500,50.4600,49.8100,49.9600,54921900
XLF,2025-06-16,50.3200,50.8800,50.3100,50.5300,35632400
XLF,2025-06-17,50.2700,50.4800,50.0900,50.2400,31130700
XLF,2025-06-18,50.2200,50.7700,50.1500,50.2200,45728200
XLF,2025-06-20,50.3700,50.5800,50.2200,50.3600,44456100
XLF,2025-06-23,50.2000,50.8400,49.8400,50.8200,43022700
XLF,2025-06-24,51.3200,51.7700,51.2800,51.5800,41225000
XLF,2025-06-25,51.5900,51.6000,51.3000,51.4100,33123900
XLF,2025-06-26,51.4400,51.8300,51.4100,51.7900,37866000
XLF,2025-06-27,51.7500,52.2300,51.7000,51.9400,38954100
XLF,2025-06-30,52.1800,52.4400,52.1400,52.3700,42472900
XLF,2025-07-01,52.2400,52.7700,52.2100,52.6600,33844800
XLF,2025-07-02,52.7500,52.7600,52.3400,52.6200,40791100
XLF,2025-07-03,52.7500,53.2700,52.7000,53.1900,25904800
XLF,2025-07-07,53.1300,53.2500,52.4200,52.6800,34049000
XLF,2025-07-08,52.5600,52.6000,52.1800,52.2100,53715000
XLF,2025-07-09,52.4800,52.5000,52.1400,52.4000,36634900
XLF,2025-07-10,52.2800,52.7600,52.2800,52.7100,27992600
XLF,2025-07-11,52.3600,52.4100,52.0800,52.1600,30289900
XLF,2025-07-14,52.1500,52.5800,52.0200,52.5500,27636500
XLF,2025-07-15,52.3400,52.4500,51.6500,51.6500,47704600
XLF,2025-07-16,51.9300,52.0600,51.3300,52.0100,46726500
XLF,2025-07-17,51.8700,52.6000,51.8100,52.5100,48213900
XLF,2025-07-18,52.5800,52.6500,52.4300,52.5400,29791300
XLF,2025-07-21,52.5700,52.9400,52.3700,52.3900,36871400
XLF,2025-07-22,52.5000,52.7500,52.4700,52.6800,32289100
XLF,2025-07-23,52.8000,53.1000,52.5600,53.1000,32111300
XLF,2025-07-24,53.1200,53.4400,53.0100,53.0700,32371900
XLF,2025-07-25,53.1000,53.4900,52.9900,53.4400,28964700
XLF,2025-07-28,53.3800,53.4400,52.9600,53.0700,29119300
XLF,2025-07-29,53.2500,53.3000,52.6800,52.8000,37883200
XLF,2025-07-30,52.7800,53.0300,52.4400,52.7000,37260100
XLF,2025-07-31,52.4800,52.9900,52.2700,52.3700,46179400
XLF,2025-08-01,51.7200,51.7600,51.0500,51.4000,63060800
XLF,2025-08-04,51.6000,51.9100,51.4900,51.9100,40053100
XLF,2025-08-05,52.0500,52.0900,51.3600,51.7000,33551000
XLF,2025-08-06,51.8100,52.0300,51.6600,51.9500,34198700
XLF,2025-08-07,52.1800,52.2500,51.2200,51.3700,43119400
XLF,2025-08-08,51.6700,51.9700,51.5000,51.8500,39484400
XLF,2025-08-11,51.9600,52.0300,51.7200,51.8300,29351200
XLF,2025-08-12,52.0500,52.5500,52.0400,52.4600,37510000
XLF,2025-08-13,52.6600,52.9100,52.4900,52.7600,41154900
XLF,2025-08-14,52.7100,53.0500,52.5300,53.0100,35841500
XLF,2025-08-15,53.1300,53.1600,52.4200,52.4600,46108500
XLF,2025-08-18,52.3900,52.5600,52.2900,52.5000,25405100
XLF,2025-08-19,52.4500,52.8700,52.4500,52.6000,24870800
XLF,2025-08-20,52.6400,53.0100,52.5100,52.8700,39138800
XLF,2025-08-21,52.7200,52.8000,52.3500,52.7000,29037000
XLF,2025-08-22,52.9700,53.6800,52.9500,53.5700,47249800
XLF,2025-08-25,53.4700,53.5800,53.2400,53.2600,24756500
XLF,2025-08-26,53.1000,53.6900,53.1000,53.6700,27907000
XLF,2025-08-27,53.5400,53.9400,53.5100,53.7800,39530100
XLF,2025-08-28,53.8900,53.9100,53.7000,53.8500,28837300
XLF,2025-08-29,53.9000,54.1400,53.8000,53.9900,36062400
XLF,2025-09-02,53.7000,53.7000,53.1200,53.5900,38733100
XLF,2025-09-03,53.5000,53.6000,53.1300,53.5000,36420100
XLF,2025-09-04,53.6900,54.0800,53.5700,54.0600,32730000
XLF,2025-09-05,54.1100,54.2500,52.8700,53.0700,58377100
XLF,2025-09-08,53.0900,53.1700,52.8400,53.1100,49490900
XLF,2025-09-09,52.9800,53.5900,52.9600,53.3400,38884500
XLF,2025-09-10,53.1700,53.4000,52.9300,53.1600,32915900
XLF,2025-09-11,53.1900,54.0700,53.1800,54.0300,36635400
XLF,2025-09-12,53.9600,54.0700,53.7100,53.8000,25705900
XLF,2025-09-15,53.8900,54.0900,53.6200,53.6800,31922000
XLF,2025-09-16,53.6100,53.6700,53.2700,53.5600,28482500
XLF,2025-09-17,53.6700,54.3300,53.6500,54.0800,47976100
XLF,2025-09-18,54.1100,54.5000,53.9900,54.1300,36609100
XLF,2025-09-19,54.2600,54.4100,53.9200,54.2500,46731400
XLF,2025-09-22,53.7000,54.0600,53.6400,54.0000,32393000
XLF,2025-09-23,53.9500,54.4900,53.6300,53.7600,28698900
XLF,2025-09-24,53.8300,53.9600,53.5000,53.6100,23893400
XLF,2025-09-25,53.4700,53.7100,53.2400,53.4700,24757500
XLF,2025-09-26,53.7100,54.1000,53.6400,53.8600,30686100
XLF,2025-09-29,54.0400,54.1500,53.7400,54.1300,20713800
XLF,2025-09-30,54.0600,54.2400,53.4200,53.8700,32442200
XLF,2025-10-01,53.6100,53.7600,53.3700,53.3900,33210100
XLF,2025-10-02,53.3100,53.4800,53.0600,53.3500,32443400
XLF,2025-10-03,53.4200,53.9700,53.3800,53.7200,32111600
XLF,2025-10-06,53.9300,54.0700,53.3000,53.7000,32001300
XLF,2025-10-07,53.8800,54.0500,53.5200,53.7700,31250500
XLF,2025-10-08,53.9300,53.9500,53.3400,53.5100,26848700
XLF,2025-10-09,53.6300,53.8100,53.1900,53.3200,33922400
XLF,2025-10-10,53.4600,53.6800,52.1600,52.1600,73596200
XLF,2025-10-13,52.5500,52.8200,52.3400,52.6600,39651900
XLF,2025-10-14,52.4500,53.6500,52.2500,53.2400,62588700
XLF,2025-10-15,53.4300,53.7600,52.8600,53.2400,39526600
XLF,2025-10-16,53.0900,53.1200,51.5400,51.7600,85420100
XLF,2025-10-17,51.9000,52.3600,51.7300,52.1800,52288900
XLF,2025-10-20,52.3600,52.9000,52.2900,52.7900,39479600
XLF,2025-10-21,52.6600,53.1300,52.6600,52.7300,31213600
XLF,2025-10-22,52.7800,52.8200,52.1200,52.4300,53727500
XLF,2025-10-23,52.5900,52.6800,52.2900,52.5400,29483700
XLF,2025-10-24,52.8500,53.2800,52.8100,53.1100,31947800
XLF,2025-10-27,53.3700,53.4300,53.2000,53.3300,27154100
XLF,2025-10-28,53.3300,53.4000,52.9400,52.9900,33648000
XLF,2025-10-29,52.4500,52.5800,51.8700,52.0900,61846300
XLF,2025-10-30,52.0200,52.8200,52.0200,52.2300,48568700
XLF,2025-10-31,52.0100,52.5000,51.9400,52.3700,40425800
XLF,2025-11-03,52.3300,52.3400,51.6500,52.1500,38693200
XLF,2025-11-04,51.9500,52.5400,51.8400,52.4200,44675200
XLF,2025-11-05,52.4900,52.8200,52.1800,52.6000,38036300
XLF,2025-11-06,52.5100,52.7000,52.1700,52.4100,42625700
XLF,2025-11-07,52.2800,52.8000,52.0900,52.7800,46218700
XLF,2025-11-10,52.9300,53.1500,52.6500,52.9700,42010600
XLF,2025-11-11,53.0700,53.3400,52.8800,53.2100,29995800
XLF,2025-11-12,53.2200,53.8900,53.2200,53.6700,46052700
XLF,2025-11-13,53.5700,53.7600,52.8800,52.9800,50455300
XLF,2025-11-14,52.8100,52.8100,52.2700,52.4500,46154600
XLF,2025-11-17,52.4700,52.4900,51.2500,51.4500,70048500
XLF,2025-11-18,51.2800,51.7500,51.1500,51.3700,66043600
XLF,2025-11-19,51.3800,51.6500,51.1900,51.5600,46003900
XLF,2025-11-20,52.0300,52.3900,51.0800,51.1100,70096400
XLF,2025-11-21,51.4600,51.9700,51.1400,51.6700,68942900
XLF,2025-11-24,51.7400,51.9700,51.3300,51.8900,43789100
XLF,2025-11-25,52.1100,52.6600,51.9100,52.5400,50989800
XLF,2025-11-26,52.6700,53.1500,52.6000,52.9500,35268500
XLF,2025-11-28,53.1000,53.5500,53.0300,53.3300,16136100
XLF,2025-12-01,53.0700,53.4000,52.8400,52.8900,29296300
XLF,2025-12-02,52.9900,53.1400,52.6400,52.8400,29771500
XLF,2025-12-03,52.9400,53.6000,52.8800,53.5500,32018000
XLF,2025-12-04,53.5900,53.9100,53.4700,53.6600,33678700
XLF,2025-12-05,53.5400,53.9300,53.4500,53.6800,28532300
XLF,2025-12-08,53.7000,53.7100,53.2800,53.4800,31164200
XLF,2025-12-09,53.5000,53.9500,53.2500,53.2800,46335400
XLF,2025-12-10,53.2800,54.0800,53.2100,53.8900,45437500
XLF,2025-12-11,53.9600,54.9800,53.9300,54.8700,51786500
XLF,2025-12-12,55.1600,55.2100,54.7100,54.9500,64428900
XLF,2025-12-15,55.1800,55.3100,54.8200,54.9900,35356800
XLF,2025-12-16,55.0400,55.1600,54.4800,54.6400,37342300
XLF,2025-12-17,54.8000,55.0700,54.5800,54.6300,41112400
XLF,2025-12-18,54.7700,55.0200,54.3600,54.5400,35021600
XLF,2025-12-19,54.5600,55.0200,54.5600,54.8400,46595300
XLF,2025-12-22,54.7500,55.4400,54.7400,55.3200,37987800
XLF,2025-12-23,55.3100,55.5600,55.3100,55.4300,24732900
XLF,2025-12-24,55.5100,55.8900,55.4100,55.7300,15685800
XLF,2025-12-26,55.7100,55.8000,55.4400,55.6200,20410100
XLF,2025-12-29,55.5900,55.6800,55.2600,55.3200,34223800
XLF,2025-12-30,55.4000,55.4000,55.1400,55.1800,16160900
XLF,2025-12-31,55.2200,55.2600,54.7500,54.7700,22996200
XLF,2026-01-02,54.8300,55.0000,54.3400,54.9300,36087100
XLF,2026-01-05,54.8200,56.5100,54.8200,56.1300,58044100
XLF,2026-01-06,56.0400,56.5200,55.9900,56.4000,38950800
XLF,2026-01-07,56.2300,56.3400,55.5400,55.6100,44720900
XLF,2026-01-08,55.4500,56.2500,55.4100,55.9000,35358300
XLF,2026-01-09,55.9800,56.1600,55.7200,55.7300,29544900
XLF,2026-01-12,55.0300,55.3600,54.8400,55.2900,42021600
XLF,2026-01-13,55.1500,55.2300,54.1500,54.2300,77045100
XLF,2026-01-14,54.0500,54.1800,53.6900,54.1500,59754600
XLF,2026-01-15,54.2200,54.7000,54.2100,54.3700,48490800
XLF,2026-01-16,54.3700,54.7600,54.2900,54.4400,44363200
XLF,2026-01-20,53.6100,54.1100,53.1000,53.2000,57030800
XLF,2026-01-21,53.3700,53.8300,53.2400,53.4600,49360300
XLF,2026-01-22,53.6500,54.0500,53.6400,53.8100,46919300
XLF,2026-01-23,53.4900,53.5100,52.8800,53.0700,47057500
XLF,2026-01-26,53.1000,53.5500,53.0900,53.4100,31072700
XLF,2026-01-27,53.3200,53.4300,52.8400,53.0000,38633700
XLF,2026-01-28,52.9300,53.2100,52.7600,52.9900,45450800
XLF,2026-01-29,53.3200,53.6300,52.9900,53.5500,51975400
XLF,2026-01-30,53.3800,53.6600,53.0200,53.4400,42767000
XLF,2026-02-02,53.4500,54.0900,53.2000,54.0300,48031500
XLF,2026-02-03,53.7200,54.1700,53.1600,53.5300,66887100
XLF,2026-02-04,53.5100,54.1800,53.4000,53.9600,59506400
XLF,2026-02-05,53.9400,54.0600,53.1800,53.2900,64475000
XLF,2026-02-06,53.8300,54.3500,53.8300,54.2600,53073800
XLF,2026-02-09,54.0800,54.3900,53.9000,53.9400,31699900
XLF,2026-02-10,53.7000,54.2600,53.1200,53.5500,57920800
XLF,2026-02-11,53.6700,53.9300,52.6900,52.7400,60339900
XLF,2026-02-12,52.9000,53.1100,51.4300,51.6900,94645100
XLF,2026-02-13,51.5500,51.9300,51.2500,51.6500,56449300
XLF,2026-02-17,51.8200,52.4100,51.8200,52.2000,54064700
XLF,2026-02-18,52.3500,52.7800,52.2800,52.5900,45224000
XLF,2026-02-19,52.1400,52.3800,51.7400,52.1500,47344400
XLF,2026-02-20,52.0400,52.5000,51.7200,52.4900,52934100
XLF,2026-02-23,52.1900,52.4700,50.6400,50.7300,94600400
XLF,2026-02-24,50.4500,51.1800,50.2400,50.9800,64114100
XLF,2026-02-25,51.2400,51.8900,51.1700,51.8700,47652800
XLF,2026-02-26,52.0700,52.6600,51.9800,52.5000,60884300
XLF,2026-02-27,51.8800,52.0600,51.0100,51.4300,81998700
XLF,2026-03-02,50.6100,51.6300,50.4600,51.3000,70107200
XLF,2026-03-03,50.2900,51.5500,50.0800,51.2100,94738700
XLF,2026-03-04,51.3300,51.6500,51.0800,51.5000,51472400
XLF,2026-03-05,51.2400,51.8200,50.9100,51.2300,58430700
XLF,2026-03-06,50.4400,50.6200,49.7500,50.5700,75632700
XLF,2026-03-09,49.9200,50.5200,49.1800,50.3300,78178700
XLF,2026-03-10,50.3300,50.6900,49.7500,50.0600,70834200
XLF,2026-03-11,49.9800,50.1200,49.2200,49.6400,56301200
XLF,2026-03-12,48.9800,49.2200,48.7900,48.8300,67871700
XLF,2026-03-13,49.1100,49.4600,48.8500,48.8900,47595200
XLF,2026-03-16,49.2500,49.7500,49.1100,49.3000,45720100
XLF,2026-03-17,49.7000,50.1900,49.5100,49.5600,46974000
XLF,2026-03-18,49.3700,49.7100,48.9200,48.9700,49239100
XLF,2026-03-19,48.7700,49.1800,48.5200,48.9900,58374000
XLF,2026-03-20,48.9600,49.3400,48.7900,49.0800,82914000
XLF,2026-03-23,49.7000,49.8600,49.2200,49.2700,81044800
XLF,2026-03-24,48.8000,49.5900,48.7800,49.2800,43296400
XLF,2026-03-25,49.5900,49.9500,48.9900,49.3400,40438800
XLF,2026-03-26,49.1100,49.4900,48.8800,49.0500,45035700
XLF,2026-03-27,48.7900,48.8400,47.6700,47.8100,64823900
XLF,2026-03-30,48.2300,48.7200,48.0900,48.3600,58128900
XLF,2026-03-31,48.9200,49.4600,48.5100,49.3700,85361900
XLF,2026-04-01,49.8000,49.8500,49.1400,49.4400,61558300
XLF,2026-04-02,48.8300,49.8100,48.6000,49.5300,39519800
XLF,2026-04-06,49.5100,50.0100,49.4500,49.8800,27345800
XLF,2026-04-07,49.6200,50.0200,49.5000,49.8800,31750000
XLF,2026-04-08,51.1900,51.4800,50.9600,51.2000,48175400
XLF,2026-04-09,50.9400,51.5400,50.8000,51.3300,30330500
XLF,2026-04-10,51.2300,51.2900,50.6400,50.7700,35427500
XLF,2026-04-13,50.5000,51.6700,50.4200,51.6600,33635900
XLF,2026-04-14,51.5100,51.9100,51.4400,51.7800,36498400
XLF,2026-04-15,52.0700,52.3300,51.8200,52.1700,33804700
XLF,2026-04-16,52.0900,52.4100,51.9200,52.0300,25432000
XLF,2026-04-17,52.3700,52.9800,52.3000,52.4300,45183400
XLF,2026-04-20,52.3400,52.7600,52.2600,52.6300,26160600
XLF,2026-04-21,52.7100,53.1900,52.2000,52.3000,34150100
XLF,2026-04-22,52.4800,52.6500,52.0700,52.2100,31838400
XLF,2026-04-23,52.0800,52.1700,51.3000,51.8000,44647900
XLF,2026-04-24,51.5800,51.6700,51.3200,51.4200,27225300
XLF,2026-04-27,51.3100,51.9000,51.2700,51.8100,25764300
XLF,2026-04-28,52.2000,52.4000,51.8000,51.8500,24337500
XLF,2026-04-29,52.1300,52.3000,51.7000,51.9200,22153100
XLF,2026-04-30,51.5100,52.2500,51.2000,52.1300,31406400
XLF,2026-05-01,52.4000,52.6100,51.9200,51.9200,39618200
XLF,2026-05-04,51.7800,52.1900,51.4900,51.5800,44456300
XLF,2026-05-05,51.5700,51.7700,51.3800,51.5900,27419600
XLF,2026-05-06,51.9200,52.2400,51.7800,51.8400,39084600
XLF,2026-05-07,51.7800,52.0800,51.4200,51.5500,36983100
XLF,2026-05-08,51.6800,51.7400,51.1400,51.2400,29627700
XLF,2026-05-11,51.2600,51.4600,50.9600,51.1800,30759200
XLF,2026-05-12,51.1800,51.7000,50.8100,51.5800,44193700
XLF,2026-05-13,51.1400,51.3300,50.9600,50.9900,33440200
XLF,2026-05-14,51.2700,51.4900,51.1000,51.2900,37059700
XLF,2026-05-15,51.3200,51.5000,51.0400,51.1000,29789800
XLF,2026-05-18,51.0100,51.8000,50.9700,51.7400,32974600
XLF,2026-05-19,51.6300,51.7900,51.0500,51.1000,35956300
XLF,2026-05-20,51.2300,51.7100,50.7800,51.6600,42148400
XLF,2026-05-21,51.4600,51.8300,51.2100,51.7300,33344200
XLF,2026-05-22,51.9000,52.1700,51.8400,51.9400,23308000
XLF,2026-05-26,52.0000,52.2300,51.7200,51.8500,24530200
XLF,2026-05-27,51.7400,51.9900,51.3000,51.4200,45239100
XLF,2026-05-28,51.1900,51.5000,51.0200,51.2700,40564600
XLF,2026-05-29,51.2800,51.7900,51.1700,51.5800,34240300
XLF,2026-06-01,51.2300,51.6000,51.1900,51.4300,34507600
XLF,2026-06-02,51.2300,51.6600,50.9800,51.4600,30988800
XLF,2026-06-03,51.1400,51.1600,50.5200,50.8700,44906700
XLF,2026-06-04,51.5400,52.3000,51.4800,52.1900,57368100
XLF,2026-06-05,52.3800,52.4800,52.0600,52.3000,42101700
XLF,2026-06-08,52.2400,52.4700,51.9600,51.9700,39102700
XLF,2026-06-09,52.1800,52.7000,52.0400,52.4600,41695100
XLF,2026-06-10,52.5000,52.8100,52.2100,52.2300,31128400
XLF,2026-06-11,52.3500,52.7700,52.0400,52.6200,41295600
XLF,2026-06-12,52.9600,53.5500,52.8100,53.3400,51023300
XLF,2026-06-15,53.7600,53.9700,53.4800,53.5600,37492400
XLF,2026-06-16,54.0100,54.4300,53.8500,54.3500,37478300
XLF,2026-06-17,54.2900,54.8900,53.9000,54.0500,49571900
XLF,2026-06-18,54.5500,54.6100,53.4600,53.5700,37816800
XLF,2026-06-22,53.6200,54.0200,53.5700,53.7000,27962800
XLF,2026-06-23,53.6300,54.0300,53.4900,53.8800,33375300
XLF,2026-06-24,53.8600,54.1000,53.5400,53.7200,30809600
XLF,2026-06-25,53.9200,54.6800,53.4000,53.4500,31634800
XLF,2026-06-26,53.5600,53.9400,53.2000,53.5700,26643000
XLF,2026-06-29,53.7000,54.0300,53.6800,53.7200,31628000
XLF,2026-06-30,53.6600,53.8500,53.4000,53.6100,27725300
XLF,2026-07-01,53.8300,55.0800,53.7500,54.7800,47809800
XLF,2026-07-02,55.2800,55.6400,55.0100,55.6200,46246100
XLF,2026-07-06,55.8500,56.1600,55.5800,56.1400,32043700
XLF,2026-07-07,56.3100,56.5900,56.0100,56.0500,27116500
XLF,2026-07-08,55.7900,55.8000,54.9500,54.9700,41648100
XLF,2026-07-09,55.0700,55.6900,54.9700,55.5400,26542000
XLF,2026-07-10,55.9900,56.0300,55.3600,55.7100,24046300
XLF,2026-07-13,55.9800,56.1600,55.6100,56.0700,33391000
XLF,2026-07-14,55.6000,56.8000,55.5900,56.1800,43208800
XLF,2026-07-15,56.3000,56.8200,56.1800,56.5600,49425400
XLF,2026-07-16,56.7600,56.8400,56.3900,56.7500,27591200
XLF,2026-07-17,56.4300,56.9400,56.1200,56.2600,42881800
XLF,2026-07-20,56.3000,56.3800,55.8900,56.0400,38162600
XLF,2026-07-21,55.9900,56.3400,55.7200,56.1100,26399000
XLF,2026-07-22,56.1400,56.2800,55.9100,56.0500,25430900
XLF,2026-07-23,55.6800,55.8600,55.4500,55.8300,24311000
XLF,2026-07-24,55.8300,56.3800,55.6900,56.3100,32212900
XLF,2026-07-27,56.7600,57.1300,56.5900,56.8800,29805900
XLF,2026-07-28,57.1300,57.6000,56.9500,57.6000,34204400
XLF,2026-07-29,57.2900,57.4700,56.5900,56.6800,49038800
XLF,2026-07-30,56.8200,57.0500,56.1800,57.0000,33184200
XLF,2026-07-31,56.8100,57.1200,56.6900,56.9400,32543500
XLF,2026-08-03,57.2900,57.5500,57.0000,57.3800,31019400
XLF,2026-08-04,57.2200,58.0200,57.1900,57.8800,31466100
XLF,2026-08-05,58.1800,58.4100,57.8000,58.0000,34275600
XLF,2026-08-06,58.3800,58.3800,57.5900,57.8100,27704200
XLF,2026-08-07,57.6100,57.7900,57.3400,57.6000,20816700
XLF,2026-08-10,57.5400,58.0200,57.4600,57.8100,26070800
XLF,2026-08-11,57.7800,58.1000,57.7200,57.8000,19797000
XLF,2026-08-12,57.8300,58.0000,57.6800,57.9200,18531700
XLF,2026-08-13,58.1900,58.3100,57.7500,58.2600,23193500
XLF,2026-08-14,58.2200,58.2900,58.0600,58.1600,28130100
XLF,2026-08-17,57.9600,58.2700,57.5500,57.5800,45636700
XLF,2026-08-18,57.7300,57.9800,57.5700,57.8400,25389400
XLF,2026-08-19,57.8800,58.2000,57.4200,57.4800,35648300
XLF,2026-08-20,57.4700,57.6600,56.9100,56.9500,30704200
XLF,2026-08-21,57.3200,57.7000,57.2500,57.4800,27273100
XLF,2026-08-24,57.7000,58.3800,57.6400,58.2200,31462900
XLF,2026-08-25,58.1900,58.3600,57.8700,58.3100,23685100
XLF,2026-08-26,58.2500,58.3800,58.0200,58.2600,20054000
XLF,2026-08-27,57.9100,58.2300,57.7300,57.8800,26082100
XLF,2026-08-28,57.9800,58.4100,57.9200,58.1000,25142600
XLF,2026-08-31,57.8600,57.9300,57.6900,57.7100,25215700
XLF,2026-09-01,57.6100,57.9800,57.1300,57.2000,32396200
XLF,2026-09-02,57.3800,58.2300,57.3200,57.6600,31321800
XLF,2026-09-03,58.0000,58.6000,57.9900,58.5600,32670500
XLF,2026-09-04,58.0400,58.3800,57.9200,58.1000,26361500
XLF,2026-09-08,57.7100,57.8200,57.2600,57.3000,38239200
XLF,2026-09-09,57.1300,57.3300,56.7300,57.0600,27523000
XLF,2026-09-10,56.9100,57.1100,56.6900,56.8700,25355100
XLF,2026-09-11,57.4400,57.6200,56.9600,57.2500,34701500
XLF,2026-09-14,57.3400,57.5700,56.7600,57.0300,38162400
XLF,2026-09-15,56.9700,56.9900,56.4600,56.8500,30161600
XLF,2026-09-16,56.8200,56.8500,55.4400,55.9300,53072800
XLF,2026-09-17,56.2700,56.4000,55.5600,55.8800,29191300
XLF,2026-09-18,55.6600,55.9800,55.4600,55.8600,36017900
XLF,2026-09-21,56.0500,56.2100,55.7200,55.9000,30640800
XLF,2026-09-22,56.0000,56.0500,54.5500,54.8000,69837400
XLI,2024-09-19,134.0100,134.3700,132.9700,134.1200,8957800
XLI,2024-09-20,133.0800,133.4600,132.4400,133.1800,10907500
XLI,2024-09-23,133.2600,133.8500,132.7600,133.6400,8284000
XLI,2024-09-24,134.0100,134.6400,133.7000,134.6000,7507900
XLI,2024-09-25,135.0100,135.1500,133.8700,133.9700,4422400
XLI,2024-09-26,135.0600,135.4700,134.4700,134.6400,6620700
XLI,2024-09-27,135.0500,135.7000,134.6200,134.8300,5859200
XLI,2024-09-30,134.8300,135.5700,134.0400,135.4400,5321200
XLI,2024-10-01,135.3700,136.1600,134.2900,135.5100,9398600
XLI,2024-10-02,135.2600,135.7800,134.6900,135.2600,5189700
XLI,2024-10-03,134.8700,135.2600,134.0700,134.5700,6361400
XLI,2024-10-04,135.6300,135.9200,134.2700,135.5100,5797100
XLI,2024-10-07,134.8400,135.7400,134.5100,135.1800,5737800
XLI,2024-10-08,135.7000,135.9000,134.9600,135.4800,4980600
XLI,2024-10-09,135.4900,136.7800,135.3000,136.6900,5064800
XLI,2024-10-10,136.1500,136.3700,135.5300,135.9900,5495600
XLI,2024-10-11,136.4900,138.4700,136.4900,138.4200,8764800
XLI,2024-10-14,138.3900,139.3200,137.8500,139.2500,6817400
XLI,2024-10-15,139.4000,139.7700,138.0600,138.1800,7808900
XLI,2024-10-16,138.4000,139.5500,138.3400,139.2500,8207800
XLI,2024-10-17,139.2700,139.4700,138.6000,138.8500,5065100
XLI,2024-10-18,139.2100,139.3300,138.4300,139.2700,4782100
XLI,2024-10-21,139.2500,139.4500,138.2200,138.7800,5216700
XLI,2024-10-22,138.1700,138.2800,136.3900,137.1000,8579700
XLI,2024-10-23,136.9600,137.5400,136.0000,136.7000,8480700
XLI,2024-10-24,136.4900,136.4900,135.3700,135.7600,6720400
XLI,2024-10-25,136.3800,136.7500,135.1200,135.4000,6399300
XLI,2024-10-28,136.0800,136.4000,135.7600,135.8000,7132200
XLI,2024-10-29,135.3900,136.1500,134.5900,135.6200,11192300
XLI,2024-10-30,135.0200,136.1200,134.7900,135.3900,10469000
XLI,2024-10-31,134.3200,134.6700,133.4100,133.8300,16640000
XLI,2024-11-01,134.5100,135.2400,133.9800,134.0100,7482300
XLI,2024-11-04,134.1500,134.8800,133.4900,133.8600,6744400
XLI,2024-11-05,134.3300,136.1300,133.9900,136.1000,7469400
XLI,2024-11-06,140.6700,141.6800,139.1700,141.4300,17738800
XLI,2024-11-07,141.8300,141.8900,140.3900,140.5800,10062400
XLI,2024-11-08,140.9900,142.5300,140.7200,142.0900,8270000
XLI,2024-11-11,142.8900,143.7200,142.8600,143.1900,8237000
XLI,2024-11-12,143.5300,143.6700,141.3800,141.9600,7161100
XLI,2024-11-13,142.1100,143.0600,142.0700,142.2600,6033400
XLI,2024-11-14,142.1200,142.3100,139.7100,139.8600,9977100
XLI,2024-11-15,139.3700,140.2100,138.7500,139.1100,6628500
XLI,2024-11-18,139.0900,139.4900,138.5800,138.9200,6414200
XLI,2024-11-19,138.0600,139.1600,137.8200,138.8000,5554700
XLI,2024-11-20,139.1300,139.2800,137.9300,138.9500,6527600
XLI,2024-11-21,139.6200,141.1800,139.0800,140.6900,9677300
XLI,2024-11-22,141.0600,142.6900,140.9300,142.6500,7924300
XLI,2024-11-25,143.3800,143.9300,142.9200,143.5400,7411700
XLI,2024-11-26,143.3700,143.9700,142.8300,143.7100,6524900
XLI,2024-11-27,144.1500,144.5100,143.1400,143.1800,5561100
XLI,2024-11-29,143.4000,144.2600,143.4000,143.9900,3091500
XLI,2024-12-02,143.9000,144.1100,142.7400,142.9300,6217500
XLI,2024-12-03,142.9800,143.2200,141.5600,142.0300,4528000
XLI,2024-12-04,142.0500,142.6600,141.6600,142.6500,5727700
XLI,2024-12-05,142.6500,142.7700,140.8900,140.9200,5233900
XLI,2024-12-06,141.3400,141.6600,140.3300,140.5600,5432800
XLI,2024-12-09,140.5900,140.7500,139.2600,139.3400,7434200
XLI,2024-12-10,139.1700,139.5200,138.1900,139.0000,7382800
XLI,2024-12-11,139.7200,139.9300,138.6200,138.6800,6168900
XLI,2024-12-12,138.7500,138.9500,137.7200,137.7900,7081600
XLI,2024-12-13,137.9500,138.1000,137.2900,137.4300,6709900
XLI,2024-12-16,137.5800,138.0600,137.1100,137.5500,6573400
XLI,2024-12-17,136.9600,137.2700,135.9700,136.2900,6861700
XLI,2024-12-18,136.4800,136.7900,132.3500,132.4400,13428100
XLI,2024-12-19,133.0800,134.0500,132.2200,132.2700,12507400
XLI,2024-12-20,132.1400,134.8100,131.8100,133.8200,11849600
XLI,2024-12-23,132.9900,133.3200,132.0100,133.1200,8022300
XLI,2024-12-24,132.9800,134.2200,132.7300,134.1600,2972900
XLI,2024-12-26,133.8500,134.5900,133.5100,134.2600,4749500
XLI,2024-12-27,133.4900,134.2600,132.4900,133.2600,6060000
XLI,2024-12-30,131.8100,132.5400,130.6400,131.9200,8725500
XLI,2024-12-31,132.3300,132.5300,131.3600,131.7600,6009800
XLI,2025-01-02,132.7300,132.9500,130.7100,131.3000,7227600
XLI,2025-01-03,131.7600,133.0000,131.3300,132.7200,7676100
XLI,2025-01-06,133.4000,133.8200,132.1900,132.4300,6899500
XLI,2025-01-07,132.7300,133.1600,131.8500,132.3000,6841200
XLI,2025-01-08,132.0500,132.9500,131.2500,132.8200,8277600
XLI,2025-01-10,132.1300,132.2500,131.0500,131.3300,9997300
XLI,2025-01-13,130.5900,132.9500,130.4500,132.8700,8365400
XLI,2025-01-14,133.8100,134.6400,133.2100,134.4400,6746700
XLI,2025-01-15,136.4300,136.6400,135.0400,135.2900,9184200
XLI,2025-01-16,135.6600,137.1300,135.5100,136.9300,6556500
XLI,2025-01-17,137.8100,138.2600,137.2100,137.7500,6869200
XLI,2025-01-21,138.9600,140.5800,138.9600,140.5800,12177700
XLI,2025-01-22,141.0200,141.1700,140.1900,140.2500,7206000
XLI,2025-01-23,141.1400,141.9000,140.5600,141.6700,7353400
XLI,2025-01-24,141.6000,141.6500,140.7900,141.0700,6457700
XLI,2025-01-27,138.9300,139.5100,138.5000,139.1800,10909300
XLI,2025-01-28,139.5100,139.6300,137.8500,138.2600,8900000
XLI,2025-01-29,138.3500,139.2300,137.7100,137.7900,9100900
XLI,2025-01-30,137.5900,139.5900,137.5900,139.3300,8169600
XLI,2025-01-31,139.2900,139.7400,138.1900,138.3500,10144700
XLI,2025-02-03,135.9300,137.9700,135.3300,136.9800,13906700
XLI,2025-02-04,137.1100,137.7500,136.7200,137.0200,7577200
XLI,2025-02-05,137.5000,137.7400,136.1600,137.1200,8179200
XLI,2025-02-06,137.3900,137.8800,136.7900,137.7400,7368300
XLI,2025-02-07,138.3700,138.5400,137.0500,137.3300,10408900
XLI,2025-02-10,138.2200,138.6100,137.6300,138.5600,5446400
XLI,2025-02-11,138.1000,138.6800,137.7000,138.6100,5787700
XLI,2025-02-12,136.6300,138.2400,136.4100,137.7500,7694300
XLI,2025-02-13,137.7400,138.2500,137.3100,137.8900,8539100
XLI,2025-02-14,138.0800,138.2500,137.3900,137.5500,5800000
XLI,2025-02-18,138.0200,138.8900,137.8800,138.6300,7226600
XLI,2025-02-19,138.2900,139.0800,138.0700,138.7700,9454100
XLI,2025-02-20,138.6100,138.6300,136.8700,137.8600,9306700
XLI,2025-02-21,138.0000,138.0000,134.3100,134.8400,14561200
XLI,2025-02-24,135.3600,135.6000,134.0500,134.2300,10876100
XLI,2025-02-25,134.2400,135.4000,133.4900,134.9200,9898500
XLI,2025-02-26,135.6100,136.3600,134.8200,135.0000,8330400
XLI,2025-02-27,135.3100,136.4300,134.3500,134.5300,9624600
XLI,2025-02-28,134.9000,136.4600,134.2400,136.3300,9888000
XLI,2025-03-03,137.1200,137.6400,133.6700,134.3900,12683000
XLI,2025-03-04,132.9100,134.0000,130.7900,131.7700,15191300
XLI,2025-03-05,132.2400,134.4000,132.1000,133.8500,12117600
XLI,2025-03-06,132.4700,133.6000,131.7400,132.7000,12029100
XLI,2025-03-07,131.9500,134.6000,131.5300,134.2500,17504500
XLI,2025-03-10,132.5400,134.0800,131.1000,132.1500,15123900
XLI,2025-03-11,131.8500,132.0200,129.4200,130.1200,13176800
XLI,2025-03-12,131.3100,131.4900,128.9900,130.1100,12728100
XLI,2025-03-13,129.8000,130.4000,128.2600,128.7800,10596900
XLI,2025-03-14,130.0100,131.3800,129.4700,131.1300,8920000
XLI,2025-03-17,130.9400,133.5500,130.8000,132.9400,6918300
XLI,2025-03-18,132.3800,132.5800,131.1300,131.8800,8051800
XLI,2025-03-19,132.3100,134.3900,132.1500,133.6300,8274900
XLI,2025-03-20,132.5700,133.9400,132.3200,132.9600,8078300
XLI,2025-03-21,131.8100,132.4100,130.9800,132.2500,10036500
XLI,2025-03-24,133.4300,134.5200,133.1000,134.2900,8446800
XLI,2025-03-25,134.5600,134.9400,133.8400,134.4900,5337100
XLI,2025-03-26,134.7000,135.3800,133.2000,133.6000,6899300
XLI,2025-03-27,133.5600,134.0100,132.2700,132.8900,8414000
XLI,2025-03-28,132.4500,132.8000,130.0800,130.1500,10196800
XLI,2025-03-31,129.1400,131.8500,128.4200,131.0700,9650200
XLI,2025-04-01,130.7700,132.0900,129.6500,131.8100,8722200
XLI,2025-04-02,130.3100,133.5100,130.2600,133.0500,6398000
XLI,2025-04-03,128.5900,129.7100,125.7600,125.8500,15962200
XLI,2025-04-04,122.2500,122.6800,117.7900,117.9400,28516400
XLI,2025-04-07,114.6500,121.8000,112.7500,117.3900,42518300
XLI,2025-04-08,121.0400,121.6700,114.6400,116.4200,21272000
XLI,2025-04-09,115.2300,127.5500,115.2300,126.7600,36610700
XLI,2025-04-10,124.4600,124.9800,119.9100,123.4900,26234000
XLI,2025-04-11,123.2100,126.3200,121.9900,125.6700,13750300
XLI,2025-04-14,127.1900,127.8200,125.9200,126.9800,8060500
XLI,2025-04-15,126.7700,127.8100,126.1600,126.3500,6230200
XLI,2025-04-16,125.7400,126.4300,123.6400,124.6200,8043500
XLI,2025-04-17,124.7100,126.4900,124.6700,125.3000,7850400
XLI,2025-04-21,124.0900,124.3500,121.1400,122.4900,9083500
XLI,2025-04-22,123.4900,125.1800,123.1200,124.6300,7493200
XLI,2025-04-23,128.0300,129.1300,125.8200,126.1900,9718300
XLI,2025-04-24,126.1400,129.2600,125.7600,129.0200,7145400
XLI,2025-04-25,128.7100,129.5000,128.1000,129.0100,5826900
XLI,2025-04-28,129.2300,130.3000,128.2200,129.4400,6202200
XLI,2025-04-29,129.0500,130.5400,128.9400,130.2800,5040600
XLI,2025-04-30,129.4100,131.5900,127.8500,131.2200,7532300
XLI,2025-05-01,131.7800,133.1600,131.2500,132.2100,9338700
XLI,2025-05-02,133.8900,135.1100,133.7000,134.5800,7227600
XLI,2025-05-05,133.7600,135.4500,133.6700,134.6500,4523400
XLI,2025-05-06,133.2400,134.2300,132.9600,133.4700,5404100
XLI,2025-05-07,133.8700,134.7400,133.4200,134.1500,5304600
XLI,2025-05-08,135.1900,137.3500,134.9400,136.0000,7914800
XLI,2025-05-09,136.2700,136.5600,135.2000,136.1100,4541200
XLI,2025-05-12,140.3100,140.3500,138.9800,140.3000,8321800
XLI,2025-05-13,140.7500,142.1800,140.5900,141.2800,9795200
XLI,2025-05-14,141.1900,141.4200,140.2000,140.6000,6517700
XLI,2025-05-15,141.0000,142.3800,140.8000,142.1600,5761900
XLI,2025-05-16,142.3800,143.7800,141.9100,143.7800,5384200
XLI,2025-05-19,142.3900,144.3900,142.3900,144.2700,5459200
XLI,2025-05-20,143.6900,144.4600,143.1900,143.7500,6825700
XLI,2025-05-21,142.9800,143.3900,141.1100,141.3200,9600200
XLI,2025-05-22,141.0600,142.1600,140.5300,141.2900,8993200
XLI,2025-05-23,139.6900,141.3400,139.6300,140.8300,8233100
XLI,2025-05-27,142.4900,143.4300,141.7000,143.3100,11862100
XLI,2025-05-28,143.5300,143.7900,142.4000,142.6000,9058300
XLI,2025-05-29,143.1900,143.2900,141.7200,142.7300,12106600
XLI,2025-05-30,142.5900,143.3200,141.5600,142.8200,14254700
XLI,2025-06-02,142.6300,142.7000,140.8400,142.6400,12641300
XLI,2025-06-03,142.6100,143.8300,142.5500,143.7400,10896800
XLI,2025-06-04,144.0900,144.5700,143.8100,143.8200,7975800
XLI,2025-06-05,144.2700,144.3500,143.1700,143.7200,13814300
XLI,2025-06-06,145.0000,145.5600,144.4700,144.9300,11289200
XLI,2025-06-09,145.3100,145.5200,144.5100,144.8000,9162800
XLI,2025-06-10,145.0800,145.0800,143.4100,144.1700,15625600
XLI,2025-06-11,144.3000,144.6900,142.8400,144.2400,15837000
XLI,2025-06-12,143.1200,143.9800,142.9600,143.8600,13097400
XLI,2025-06-13,142.8400,143.9200,142.2200,142.6500,14060500
XLI,2025-06-16,143.5000,144.5300,143.3300,143.6300,13711000
XLI,2025-06-17,143.1000,143.5800,142.3500,142.5500,12654200
XLI,2025-06-18,142.6900,143.6600,142.1200,142.2100,14008800
XLI,2025-06-20,143.0800,143.4200,141.8900,142.3700,13985200
XLI,2025-06-23,142.2000,143.9400,141.2800,143.8600,15902400
XLI,2025-06-24,144.6300,145.3000,143.8200,145.0600,11518200
XLI,2025-06-25,145.1600,145.2400,143.4600,143.7800,9751600
XLI,2025-06-26,144.4100,145.5100,144.1000,145.3400,9728300
XLI,2025-06-27,145.7600,147.4300,145.4300,146.7900,13380900
XLI,2025-06-30,147.0600,147.7300,146.5800,147.5200,10914600
XLI,2025-07-01,147.1600,148.3600,146.9100,148.0100,13189100
XLI,2025-07-02,147.7900,148.1600,147.3000,148.1600,11061700
XLI,2025-07-03,148.6700,149.5400,148.5500,149.4200,4864900
XLI,2025-07-07,149.4000,149.8200,147.8700,148.9000,10687700
XLI,2025-07-08,148.9100,149.3100,148.1400,148.8600,10845500
XLI,2025-07-09,149.8700,150.0400,148.9000,149.9000,10173600
XLI,2025-07-10,150.0700,151.2600,150.0100,150.7400,12385600
XLI,2025-07-11,149.9900,150.6100,149.6200,150.2000,7065200
XLI,2025-07-14,150.1900,151.1400,149.9000,151.0100,9069900
XLI,2025-07-15,151.4800,151.4800,149.8600,149.8800,10278700
XLI,2025-07-16,150.3000,150.5200,148.3900,150.4100,9998300
XLI,2025-07-17,150.9800,151.9800,150.8100,151.8000,13374200
XLI,2025-07-18,152.2700,152.4800,150.7900,151.4600,10201800
XLI,2025-07-21,151.9300,152.0400,150.6000,150.6600,10089300
XLI,2025-07-22,150.1300,151.3200,149.7100,151.0200,15053900
XLI,2025-07-23,152.2800,153.8100,152.0400,153.7300,14747300
XLI,2025-07-24,153.5700,154.5900,153.0500,153.4700,11695600
XLI,2025-07-25,153.9400,155.0600,153.3600,154.9900,9376600
XLI,2025-07-28,155.0700,155.1500,154.0700,154.5100,9214700
XLI,2025-07-29,154.5500,154.6000,152.2400,152.7500,13546500
XLI,2025-07-30,152.5400,152.8400,151.2900,152.0000,13795300
XLI,2025-07-31,151.5100,153.0700,151.5100,152.0100,16520400
XLI,2025-08-01,149.9500,150.3500,148.1300,149.7400,19191700
XLI,2025-08-04,150.2600,151.2600,150.1200,151.1200,11355600
XLI,2025-08-05,150.8900,151.6000,149.7800,150.8100,12724800
XLI,2025-08-06,150.9500,151.2500,149.8100,150.9300,10736700
XLI,2025-08-07,151.7800,151.8400,149.7900,150.7100,11095100
XLI,2025-08-08,151.1500,151.7900,150.4400,150.8300,9124700
XLI,2025-08-11,150.8500,150.9400,149.9800,150.3400,9643500
XLI,2025-08-12,150.9700,151.9600,150.6800,151.9000,9518300
XLI,2025-08-13,152.3300,152.5700,150.7400,152.4800,12786800
XLI,2025-08-14,151.4500,151.9000,150.8500,151.1300,9516400
XLI,2025-08-15,150.9800,151.2600,150.3300,150.4400,8796000
XLI,2025-08-18,150.4500,151.1900,150.3000,151.0300,7342100
XLI,2025-08-19,151.2000,152.3000,150.7500,151.3600,9035200
XLI,2025-08-20,151.2000,151.5700,150.2700,151.2200,9549500
XLI,2025-08-21,151.0000,151.3900,150.4200,150.6800,7679600
XLI,2025-08-22,151.5000,154.2000,151.4500,153.1400,9298800
XLI,2025-08-25,152.8800,153.3900,151.5900,151.6100,6869000
XLI,2025-08-26,151.6700,153.3200,151.6100,153.1700,6927500
XLI,2025-08-27,153.1000,153.4000,152.8500,153.1500,5876400
XLI,2025-08-28,153.6500,153.7500,152.8400,153.4200,7166700
XLI,2025-08-29,153.1900,153.3100,151.4100,152.0100,8806100
XLI,2025-09-02,150.4200,150.7200,149.6100,150.5600,9798600
XLI,2025-09-03,150.5200,150.6200,149.1000,149.8000,12036200
XLI,2025-09-04,150.0800,151.5200,149.6800,151.4900,10148800
XLI,2025-09-05,151.7500,152.0800,149.4000,150.9300,16781000
XLI,2025-09-08,151.1300,151.5400,150.1100,151.2700,11647200
XLI,2025-09-09,151.0000,151.0100,149.3200,150.2500,12179400
XLI,2025-09-10,150.5000,151.8400,150.4700,151.3600,16515000
XLI,2025-09-11,151.4400,153.2700,151.2200,152.8000,17820600
XLI,2025-09-12,152.4800,152.8400,151.4900,151.5800,8907500
XLI,2025-09-15,151.9300,152.6800,151.7000,152.2800,9412900
XLI,2025-09-16,152.5100,152.6800,151.3400,151.8300,10336100
XLI,2025-09-17,151.8900,152.7000,150.1500,151.1400,12549500
XLI,2025-09-18,151.5100,153.1000,151.1900,152.7500,13071800
XLI,2025-09-19,153.2500,153.4600,151.9100,153.1200,8778300
XLI,2025-09-22,152.0000,153.2400,151.6900,153.0000,5688500
XLI,2025-09-23,153.3500,154.2600,152.4300,153.0400,8589300
XLI,2025-09-24,153.3700,153.7000,152.2200,152.2500,5938400
XLI,2025-09-25,151.7400,151.7700,150.6200,151.2200,7145800
XLI,2025-09-26,152.0600,153.2100,152.0200,152.5800,6958900
XLI,2025-09-29,153.7700,153.9200,152.5300,153.0500,7177600
XLI,2025-09-30,152.8700,154.3800,152.8400,154.2300,8211200
XLI,2025-10-01,153.4800,154.1100,153.1100,153.8000,8753400
XLI,2025-10-02,153.9600,154.8000,153.2800,154.2000,8495400
XLI,2025-10-03,154.4100,155.4100,153.9400,154.4100,7430000
XLI,2025-10-06,154.9100,155.4400,154.1700,155.1300,6861000
XLI,2025-10-07,155.3600,155.7700,153.9000,154.2500,11204100
XLI,2025-10-08,154.6400,155.8200,153.9600,155.5900,9686000
XLI,2025-10-09,155.7500,155.9400,153.0700,153.2900,9751200
XLI,2025-10-10,153.7000,154.2000,149.8900,149.9000,24285300
XLI,2025-10-13,151.0000,152.0400,150.6900,151.4600,11014200
XLI,2025-10-14,150.0800,153.9300,149.9800,153.2400,11015600
XLI,2025-10-15,153.7900,154.6500,151.2600,152.6000,10338300
XLI,2025-10-16,153.0500,153.3100,150.8400,151.6000,13796400
XLI,2025-10-17,151.4400,152.3500,150.9900,151.7300,10806300
XLI,2025-10-20,152.5400,153.8500,152.4800,153.5200,8192600
XLI,2025-10-21,153.8200,155.6500,153.7200,154.8800,11589400
XLI,2025-10-22,155.2200,155.4600,152.4100,152.8700,13612300
XLI,2025-10-23,153.2000,155.0100,153.2000,154.7800,8035200
XLI,2025-10-24,156.0000,156.0400,154.8400,154.9100,7502400
XLI,2025-10-27,155.9700,156.0500,155.0900,155.7900,5828900
XLI,2025-10-28,155.9000,156.2900,154.6600,154.6800,9022200
XLI,2025-10-29,154.8000,156.2700,154.3500,155.0800,16439600
XLI,2025-10-30,154.4900,156.9900,154.3100,154.6900,11840000
XLI,2025-10-31,154.5000,155.6300,154.2900,155.0600,10414800
XLI,2025-11-03,155.0500,155.0500,153.2500,154.4000,9797400
XLI,2025-11-04,152.7600,153.0000,151.8100,152.6100,13391600
XLI,2025-11-05,152.2100,154.0400,152.0300,153.2000,11121900
XLI,2025-11-06,153.2500,153.7700,152.2100,152.5900,11735400
XLI,2025-11-07,152.0300,153.5500,151.1400,153.3300,13518600
XLI,2025-11-10,154.0000,154.6300,152.5300,154.2000,10900400
XLI,2025-11-11,154.2100,154.6900,153.3500,154.2400,8652400
XLI,2025-11-12,154.5200,155.5400,154.2900,154.3900,9583300
XLI,2025-11-13,154.3200,154.8300,151.6800,152.0000,15475400
XLI,2025-11-14,151.1500,152.8800,150.7900,152.0100,13433100
XLI,2025-11-17,152.0100,152.2900,149.8800,150.5200,15294100
XLI,2025-11-18,149.8600,150.7600,149.1000,149.8500,19820200
XLI,2025-11-19,150.0000,150.8600,149.6000,150.3500,12575500
XLI,2025-11-20,152.3500,152.7200,147.7200,147.8300,27790800
XLI,2025-11-21,148.4800,150.2900,147.1400,149.6300,20982900
XLI,2025-11-24,149.8200,150.6100,148.9300,150.0000,12658900
XLI,2025-11-25,150.3600,152.1800,149.3100,151.9200,13636100
XLI,2025-11-26,152.0300,153.5700,151.9000,152.8000,10206200
XLI,2025-11-28,153.0600,153.8600,152.7700,153.6900,3507600
XLI,2025-12-01,152.5400,153.0100,151.3700,151.4400,10704600
XLI,2025-12-02,152.2400,153.2100,151.6900,152.7600,9712300
XLI,2025-12-03,152.9400,154.2500,152.5500,154.2100,9128800
XLI,2025-12-04,154.2900,155.4700,154.1100,155.0100,9249400
XLI,2025-12-05,155.0300,155.3300,154.1100,154.5800,8228800
XLI,2025-12-08,154.7700,155.0100,154.0200,154.3900,6721600
XLI,2025-12-09,154.0000,155.0200,153.1900,153.2600,7375100
XLI,2025-12-10,154.0800,156.7200,153.8400,156.0600,13463300
XLI,2025-12-11,155.9000,157.8800,155.7600,157.7300,9999300
XLI,2025-12-12,158.2200,158.4600,156.2600,156.7400,12062900
XLI,2025-12-15,157.5800,157.7400,156.6100,156.9900,10889500
XLI,2025-12-16,156.8500,157.2900,155.4100,156.0600,10277500
XLI,2025-12-17,155.7700,156.4500,153.3700,153.5300,11612500
XLI,2025-12-18,154.8900,155.7800,154.0600,154.5300,10021200
XLI,2025-12-19,154.6900,156.1200,154.5900,155.8600,6957800
XLI,2025-12-22,156.0700,157.1800,155.7100,157.0500,5369000
XLI,2025-12-23,157.0200,157.3700,156.6800,156.9900,5044600
XLI,2025-12-24,156.9900,157.6900,156.8000,157.5000,2238500
XLI,2025-12-26,157.3600,157.4200,156.7900,157.2100,4155300
XLI,2025-12-29,156.9100,157.5700,156.5300,156.8700,4455400
XLI,2025-12-30,156.8900,157.0700,156.3900,156.4200,3810500
XLI,2025-12-31,156.4900,156.5600,155.0600,155.1200,3691800
XLI,2026-01-02,155.6200,158.0100,154.9800,157.9800,10122900
XLI,2026-01-05,158.3000,160.5700,158.3000,159.8500,16194200
XLI,2026-01-06,159.4400,162.1600,159.1800,162.0200,12757200
XLI,2026-01-07,162.4900,162.6000,158.8700,158.9700,12333000
XLI,2026-01-08,160.0200,161.3600,159.7600,160.1700,11555400
XLI,2026-01-09,160.6300,162.2200,160.6300,161.9300,9439600
XLI,2026-01-12,161.6300,163.2500,161.3700,163.1700,7420500
XLI,2026-01-13,163.8800,164.5400,163.4200,164.0100,9580400
XLI,2026-01-14,163.7800,164.3000,162.8100,164.2700,10727100
XLI,2026-01-15,165.0700,166.0500,164.9900,165.7800,9197400
XLI,2026-01-16,166.4000,167.2000,166.1200,166.9000,13483100
XLI,2026-01-20,164.7600,165.7100,163.1800,163.5300,14435200
XLI,2026-01-21,164.3800,167.0100,164.1700,166.3600,14068600
XLI,2026-01-22,166.5600,167.0100,165.1900,165.5000,9937200
XLI,2026-01-23,165.5000,165.8200,163.7100,164.2200,11673600
XLI,2026-01-26,164.2200,164.6700,163.8500,164.3800,8231500
XLI,2026-01-27,164.6600,165.3800,163.7100,165.0600,9439300
XLI,2026-01-28,164.4200,165.2800,163.5200,164.1400,10144900
XLI,2026-01-29,165.2500,166.9100,164.0500,165.8600,16332500
XLI,2026-01-30,164.6600,166.3100,163.7300,165.4400,11612500
XLI,2026-02-02,165.2200,167.6200,165.0600,167.5300,11466600
XLI,2026-02-03,167.5300,169.8000,166.9200,168.9400,16444000
XLI,2026-02-04,169.9800,170.7700,167.8500,169.3900,21338400
XLI,2026-02-05,168.2500,169.3200,167.4500,168.3700,18699300
XLI,2026-02-06,169.8900,173.3900,169.8100,173.1800,11992100
XLI,2026-02-09,172.8100,174.1300,172.6400,173.7000,9472200
XLI,2026-02-10,173.7100,174.8500,173.4300,173.9100,8820200
XLI,2026-02-11,175.4200,176.7500,174.0800,174.8400,12551900
XLI,2026-02-12,175.7800,177.7600,172.4500,172.7500,18157000
XLI,2026-02-13,173.1000,175.3100,172.6400,174.1700,13617900
XLI,2026-02-17,173.9200,175.9700,173.4000,175.0800,13810800
XLI,2026-02-18,175.3800,176.0000,174.3800,175.0400,10623800
XLI,2026-02-19,175.0600,176.9400,174.7500,176.3400,13431100
XLI,2026-02-20,176.1300,178.2200,175.6100,177.2300,13104100
XLI,2026-02-23,176.4100,176.9200,174.3500,174.8300,10566600
XLI,2026-02-24,174.5800,177.2200,174.3700,176.9800,9756500
XLI,2026-02-25,177.5600,177.7600,174.4400,175.6000,11757700
XLI,2026-02-26,176.1400,176.9700,173.9100,176.7000,13764500
XLI,2026-02-27,175.3700,177.2300,175.0300,177.1400,9692600
XLI,2026-03-02,176.5000,179.3100,175.6600,178.9000,21918000
XLI,2026-03-03,176.0200,176.1900,172.6700,175.4400,20481300
XLI,2026-03-04,176.3300,176.9300,174.6900,175.9700,13604000
XLI,2026-03-05,174.8100,175.2400,170.2100,172.0600,21308200
XLI,2026-03-06,169.7600,170.6600,168.2600,169.9400,22680300
XLI,2026-03-09,168.1400,171.4000,166.1700,170.9400,19492500
XLI,2026-03-10,170.6700,172.3800,169.8200,170.0200,16791100
XLI,2026-03-11,169.7300,170.3200,168.3700,169.4900,14287600
XLI,2026-03-12,167.9800,168.1200,165.1600,165.2400,15925600
XLI,2026-03-13,166.2900,166.8200,163.7300,164.6500,15836200
XLI,2026-03-16,166.1700,167.1400,165.3400,166.0600,11091300
XLI,2026-03-17,167.2200,167.5600,165.0500,166.5000,12772600
XLI,2026-03-18,166.1700,167.1700,165.0600,165.1800,11872400
XLI,2026-03-19,163.4600,164.9900,162.2500,164.0600,17989900
XLI,2026-03-20,164.0200,164.6500,160.3100,161.6700,19199200
XLI,2026-03-23,164.1000,166.1800,163.0200,163.0500,18508400
XLI,2026-03-24,161.3700,164.5600,161.1400,164.0000,14110200
XLI,2026-03-25,165.8600,166.3200,164.3200,165.1000,12205600
XLI,2026-03-26,163.7300,164.6100,161.0900,161.2700,15416400
XLI,2026-03-27,160.5900,161.2900,158.8500,159.2000,13923700
XLI,2026-03-30,160.5500,160.7400,156.0800,156.6100,17459600
XLI,2026-03-31,158.7000,162.2400,158.0500,161.7300,15855900
XLI,2026-04-01,163.4900,165.7700,163.2700,164.4300,17035300
XLI,2026-04-02,161.7200,165.7400,161.1400,163.7700,11097200
XLI,2026-04-06,163.5400,164.6400,162.7700,164.6100,7105500
XLI,2026-04-07,163.6500,164.6800,162.8000,164.2800,10068200
XLI,2026-04-08,169.6000,171.0600,169.1100,170.4400,12808600
XLI,2026-04-09,169.8800,173.1600,169.8000,172.1900,8180000
XLI,2026-04-10,172.4900,172.7000,171.2100,171.5200,5169700
XLI,2026-04-13,170.9900,172.7800,170.6100,172.7300,6814100
XLI,2026-04-14,173.1300,174.0400,172.0300,173.3500,5490700
XLI,2026-04-15,173.1100,173.1500,170.0800,171.1800,13548300
XLI,2026-04-16,171.2500,172.0600,169.5200,170.3300,8629200
XLI,2026-04-17,172.2400,175.1300,172.1400,173.5100,9529000
XLI,2026-04-20,173.1300,173.9800,172.5600,173.9000,5734900
XLI,2026-04-21,173.5300,174.6900,170.9300,171.4400,8752700
XLI,2026-04-22,173.3100,173.9200,170.3300,171.0400,10595400
XLI,2026-04-23,171.8300,174.7900,171.6000,174.0700,14418800
XLI,2026-04-24,173.9700,174.1800,171.9600,172.4700,7665200
XLI,2026-04-27,172.5100,173.5100,171.5200,172.5100,6689500
XLI,2026-04-28,171.6800,171.8600,169.5400,170.9800,9000000
XLI,2026-04-29,171.2500,171.7100,169.2300,169.9300,9059900
XLI,2026-04-30,171.4900,174.8200,171.1400,174.5800,12012100
XLI,2026-05-01,175.2300,175.4300,172.9400,172.9600,6800700
XLI,2026-05-04,172.5000,173.2100,170.6600,170.9800,7618500
XLI,2026-05-05,172.1500,173.0600,171.2000,172.4100,6189400
XLI,2026-05-06,175.2800,177.3400,174.2500,176.8700,10461300
XLI,2026-05-07,177.4400,177.7200,173.4300,174.0000,10627700
XLI,2026-05-08,175.1500,175.3200,173.0900,173.2000,5883800
XLI,2026-05-11,173.2400,175.5500,172.8800,175.0400,6277200
XLI,2026-05-12,174.4300,174.7900,172.1400,174.3500,7468700
XLI,2026-05-13,174.2400,174.6100,172.5200,173.6200,6070600
XLI,2026-05-14,174.1700,174.7300,172.8400,174.5100,7364000
XLI,2026-05-15,172.8000,172.8000,170.9300,171.4000,7826300
XLI,2026-05-18,171.5600,171.5700,169.5000,170.7500,8696000
XLI,2026-05-19,169.6300,170.1800,168.1100,168.7400,7503400
XLI,2026-05-20,169.2300,171.4800,168.3700,170.7300,10524700
XLI,2026-05-21,169.8100,171.3000,168.9100,170.5300,8535000
XLI,2026-05-22,171.7500,172.8800,170.4200,171.7700,6910500
XLI,2026-05-26,173.1900,174.7800,172.8700,174.3000,6797700
XLI,2026-05-27,174.5400,174.8600,173.4700,174.3000,7413200
XLI,2026-05-28,173.4900,174.7100,172.0600,173.8000,8669000
XLI,2026-05-29,173.5700,173.8800,172.3700,173.1300,7054700
XLI,2026-06-01,171.5900,172.8600,170.3900,172.4000,8235000
XLI,2026-06-02,172.9400,174.5000,172.3700,174.1900,8663800
XLI,2026-06-03,173.7300,176.1000,173.5500,174.0500,6900600
XLI,2026-06-04,174.9300,176.4800,174.2800,176.1600,6670100
XLI,2026-06-05,175.6100,176.3700,173.4800,174.1800,8893400
XLI,2026-06-08,174.9200,175.3300,173.2700,173.6300,5372100
XLI,2026-06-09,174.3700,176.5900,171.7300,175.6000,9457400
XLI,2026-06-10,174.5700,174.5800,169.4500,169.6600,13851900
XLI,2026-06-11,171.2800,175.6800,170.9900,175.1500,11046100
XLI,2026-06-12,176.0200,176.6100,174.6300,176.1800,6961600
XLI,2026-06-15,178.8000,179.9800,178.5100,178.6800,7522100
XLI,2026-06-16,179.5800,181.1000,179.3100,179.8500,8978400
XLI,2026-06-17,179.9700,182.3300,179.1300,179.6000,11053200
XLI,2026-06-18,182.5000,182.9200,180.4500,180.9100,8059200
XLI,2026-06-22,180.7800,182.2800,180.6900,181.8000,6669200
XLI,2026-06-23,179.1600,180.0100,177.2300,178.1500,8927400
XLI,2026-06-24,179.0700,181.8900,178.3400,180.2100,7088600
XLI,2026-06-25,182.2400,186.0900,182.0600,184.1200,7867600
XLI,2026-06-26,182.6400,183.0700,180.9100,181.2000,8856200
XLI,2026-06-29,181.5100,183.5800,181.3500,182.7600,7860500
XLI,2026-06-30,183.3200,185.4500,182.7000,185.2300,6530900
XLI,2026-07-01,184.3700,185.6500,182.7200,183.3600,8112800
XLI,2026-07-02,184.7100,185.4800,181.9100,183.9100,6530800
XLI,2026-07-06,184.7000,186.4500,184.7000,185.5600,6701800
XLI,2026-07-07,184.5400,184.9200,180.6600,182.3800,7721500
XLI,2026-07-08,180.7600,181.8900,179.0800,180.4200,7333300
XLI,2026-07-09,182.4300,182.7500,180.7300,181.1100,5381900
XLI,2026-07-10,181.1500,182.5800,180.1600,181.9200,5315600
XLI,2026-07-13,181.5200,182.1800,179.8000,180.3700,5384700
XLI,2026-07-14,181.6700,182.5100,179.8600,180.4500,6672800
XLI,2026-07-15,180.7800,181.0200,177.7800,180.0600,7491300
XLI,2026-07-16,178.7900,180.5600,178.5500,180.1500,6093200
XLI,2026-07-17,178.2600,181.4600,177.6000,179.4100,8061700
XLI,2026-07-20,180.6100,181.2700,177.5900,178.1200,6044600
XLI,2026-07-21,179.5100,179.9400,177.7600,178.6600,4836000
XLI,2026-07-22,178.2000,179.8400,178.1400,178.8500,4350100
XLI,2026-07-23,179.0900,182.9800,179.0900,181.9400,8556000
XLI,2026-07-24,181.9200,183.9000,181.7400,182.6600,5507700
XLI,2026-07-27,183.6200,184.4200,180.8400,183.2000,6193700
XLI,2026-07-28,182.6300,182.9500,181.4400,182.4900,5707200
XLI,2026-07-29,181.0000,181.4400,176.3500,176.6600,9505200
XLI,2026-07-30,178.9300,179.1000,175.9600,178.3900,7367000
XLI,2026-07-31,180.5000,180.9200,177.8900,179.8400,7206200
XLI,2026-08-03,180.4600,183.3500,180.1000,183.1600,8814000
XLI,2026-08-04,185.6400,186.8700,183.2800,186.4000,10498000
XLI,2026-08-05,186.5800,188.1900,185.9900,186.3500,5641100
XLI,2026-08-06,186.7000,187.4600,184.5000,184.7600,5520400
XLI,2026-08-07,185.4500,185.8700,183.9900,185.1800,6170200
XLI,2026-08-10,185.9300,185.9300,184.3700,184.6000,3438400
XLI,2026-08-11,185.0800,187.2600,185.0300,185.7000,4893700
XLI,2026-08-12,187.1700,187.4100,185.1500,185.8800,4052000
XLI,2026-08-13,186.4800,186.6700,184.7400,185.7900,4942500
XLI,2026-08-14,186.1800,186.8800,185.6000,186.5100,3590300
XLI,2026-08-17,186.3900,187.3900,186.1800,186.3200,5363000
XLI,2026-08-18,185.2100,185.5800,183.5100,183.5700,4646800
XLI,2026-08-19,184.2400,184.6200,181.7200,181.9500,8312100
XLI,2026-08-20,181.0100,182.0300,179.5500,179.7700,6497700
XLI,2026-08-21,180.9500,181.2400,179.7900,180.2500,5470900
XLI,2026-08-24,180.0900,180.3000,178.3600,179.0000,5242400
XLI,2026-08-25,180.7600,180.9600,178.1600,178.4000,6564300
XLI,2026-08-26,178.9000,180.9000,178.9000,180.3400,8142000
XLI,2026-08-27,180.4700,180.4900,178.1800,178.8000,5464700
XLI,2026-08-28,179.4400,179.5200,176.6500,177.1400,8234400
XLI,2026-08-31,176.0900,176.2600,174.7300,175.1300,7362100
XLI,2026-09-01,174.3400,175.4400,172.1500,172.7300,9138900
XLI,2026-09-02,173.3400,173.3400,171.6200,172.7800,10830300
XLI,2026-09-03,173.7600,174.5600,172.0200,174.5600,8340600
XLI,2026-09-04,174.3400,175.7800,174.1000,175.2700,5841600
XLI,2026-09-08,175.1400,175.7100,174.2700,174.4200,6225400
XLI,2026-09-09,173.5300,174.1600,171.7100,171.7900,6411800
XLI,2026-09-10,170.8300,171.6800,170.0000,170.5500,7830400
XLI,2026-09-11,172.4500,172.9200,171.8700,172.3700,5577100
XLI,2026-09-14,168.6700,170.1400,168.3400,169.9300,7359400
XLI,2026-09-15,170.4700,171.0300,168.4200,168.8500,8890100
XLI,2026-09-16,169.6100,170.6800,167.4900,168.7100,8909600
XLI,2026-09-17,171.5100,171.5100,168.6600,169.0100,5851100
XLI,2026-09-18,169.0000,169.9200,168.4800,169.7500,8562500
XLI,2026-09-21,170.3600,170.6900,168.5600,169.9800,8548900
XLK,2024-09-19,111.6350,112.5050,111.0250,111.8100,13934000
XLK,2024-09-20,111.3700,111.7650,110.2700,111.2650,14492800
XLK,2024-09-23,111.1650,111.3100,110.7050,111.0450,7490600
XLK,2024-09-24,111.5100,112.0300,110.3100,111.8050,7025800
XLK,2024-09-25,111.5850,112.6150,111.5350,112.1250,6111600
XLK,2024-09-26,114.3150,114.4400,112.4150,113.6100,9244800
XLK,2024-09-27,113.7700,113.8050,112.1300,112.5500,6093800
XLK,2024-09-30,112.0600,112.9500,111.5000,112.8800,5500400
XLK,2024-10-01,112.5450,112.6100,109.4750,110.1300,11295400
XLK,2024-10-02,110.1550,111.4500,109.5300,110.9450,4532400
XLK,2024-10-03,110.6200,112.2200,110.6050,111.4050,5784800
XLK,2024-10-04,112.8450,112.9250,111.4600,112.6450,5009200
XLK,2024-10-07,112.1400,112.8850,111.5900,111.8700,4430400
XLK,2024-10-08,112.6750,114.1500,112.4200,113.9600,7864800
XLK,2024-10-09,114.0500,115.3950,113.6950,115.2350,7579800
XLK,2024-10-10,114.4650,115.5050,114.1450,115.2050,5692200
XLK,2024-10-11,114.9300,115.6650,114.7600,115.4050,8849000
XLK,2024-10-14,116.1400,117.1500,116.0850,116.9100,9810200
XLK,2024-10-15,117.0000,117.2850,113.9150,114.3400,14179400
XLK,2024-10-16,114.7000,114.8700,113.4600,114.6950,5758800
XLK,2024-10-17,116.2950,116.3600,115.0450,115.0450,6051200
XLK,2024-10-18,115.6450,115.8800,115.2100,115.4550,4537000
XLK,2024-10-21,115.0950,116.0100,114.8850,115.9950,6322400
XLK,2024-10-22,115.3800,116.2700,115.0500,115.8750,6169200
XLK,2024-10-23,115.4450,115.6200,113.2400,114.2150,6083600
XLK,2024-10-24,114.6800,114.8350,113.8700,114.5500,4832800
XLK,2024-10-25,115.2000,116.4400,114.9800,115.1450,8314800
XLK,2024-10-28,115.9700,115.9700,115.0850,115.1100,5899200
XLK,2024-10-29,115.3300,116.9950,114.9000,116.6600,7451600
XLK,2024-10-30,115.5950,115.9050,114.7300,114.8050,8341200
XLK,2024-10-31,113.5450,113.5450,111.0800,111.1200,12110200
XLK,2024-11-01,111.2400,112.7900,111.0900,111.9550,11565800
XLK,2024-11-04,112.0600,112.6750,111.3950,111.8700,6311800
XLK,2024-11-05,112.2150,113.5350,112.2150,113.4450,7273000
XLK,2024-11-06,115.6350,116.8900,115.2900,116.6750,10967800
XLK,2024-11-07,117.4850,118.8450,117.4300,118.7100,10463000
XLK,2024-11-08,118.5600,118.9700,118.1500,118.5800,7236400
XLK,2024-11-11,118.5650,118.6400,117.2200,117.9250,7267200
XLK,2024-11-12,117.8450,118.2250,117.1450,118.0750,7530800
XLK,2024-11-13,117.8250,118.5350,117.3000,117.6650,6329600
XLK,2024-11-14,117.8550,118.0600,117.0750,117.2650,6602000
XLK,2024-11-15,115.8150,115.9650,113.9750,114.3550,11229800
XLK,2024-11-18,114.3550,115.2100,113.8600,114.7250,6166800
XLK,2024-11-19,114.0050,115.7600,114.0050,115.6650,6906800
XLK,2024-11-20,115.7650,115.8050,114.0250,115.5650,8874400
XLK,2024-11-21,116.6850,117.2850,114.9000,116.7400,10591800
XLK,2024-11-22,116.5300,117.0700,116.1100,116.8000,7090800
XLK,2024-11-25,117.6800,117.8850,116.2650,116.7950,11137200
XLK,2024-11-26,117.3250,117.7450,116.8800,117.3800,6229400
XLK,2024-11-27,116.5850,116.6550,114.7650,115.7900,6369400
XLK,2024-11-29,116.0600,117.1100,115.9450,116.8650,4168400
XLK,2024-12-02,116.9500,118.4150,116.9200,117.9750,9398200
XLK,2024-12-03,117.4750,118.4300,117.2450,118.4000,5576000
XLK,2024-12-04,119.8800,120.6250,119.5300,120.5650,10840000
XLK,2024-12-05,120.3750,120.5150,119.7900,119.9550,5638000
XLK,2024-12-06,120.1650,120.9400,120.0350,120.4200,6654200
XLK,2024-12-09,119.9700,120.4000,119.3300,119.6350,8032400
XLK,2024-12-10,119.2300,119.5550,117.6000,117.9750,11234400
XLK,2024-12-11,118.9100,120.0650,118.5000,119.6850,8689600
XLK,2024-12-12,118.9200,119.4550,118.6300,119.0150,7218200
XLK,2024-12-13,120.0900,120.5600,118.5750,119.5250,8677000
XLK,2024-12-16,119.6800,120.8250,119.4250,120.7200,9442600
XLK,2024-12-17,119.8650,120.4600,119.4050,119.9900,8145000
XLK,2024-12-18,120.3950,120.7250,115.8500,116.1200,16927200
XLK,2024-12-19,117.3000,117.6800,116.0950,116.2450,13383400
XLK,2024-12-20,115.4550,118.9300,115.0950,117.9800,14924800
XLK,2024-12-23,118.1250,119.0850,117.4950,119.0350,7973400
XLK,2024-12-24,119.4600,120.2700,119.2800,120.2650,4653400
XLK,2024-12-26,119.8800,120.7850,119.4950,120.3450,7150800
XLK,2024-12-27,119.5350,119.6900,117.5750,118.7450,8726400
XLK,2024-12-30,117.0150,118.1700,116.2900,117.2350,7950400
XLK,2024-12-31,117.5550,117.6350,115.8800,116.2600,9381200
XLK,2025-01-02,117.1800,117.5100,114.8900,115.9850,12766600
XLK,2025-01-03,116.6950,118.0000,116.4650,117.8750,9117600
XLK,2025-01-06,119.2200,120.5300,118.9050,119.3750,8975400
XLK,2025-01-07,120.0000,120.0000,116.5700,116.9800,10006800
XLK,2025-01-08,117.2500,117.2700,115.8150,116.9400,10023800
XLK,2025-01-10,115.7100,115.7300,113.7150,114.3900,11665800
XLK,2025-01-13,112.5500,113.6600,112.2250,113.5800,10656000
XLK,2025-01-14,114.4600,114.7750,112.9750,113.8800,7220200
XLK,2025-01-15,115.4350,116.4850,115.0550,116.1450,10465400
XLK,2025-01-16,117.0900,117.1650,115.2250,115.2500,5368400
XLK,2025-01-17,117.3300,117.4700,116.5400,117.0550,6742600
XLK,2025-01-21,117.4450,118.3200,116.6300,118.0300,6744200
XLK,2025-01-22,119.6250,120.9750,119.4550,120.6950,10243800
XLK,2025-01-23,119.7650,120.9350,119.6500,120.9100,7604400
XLK,2025-01-24,121.2900,121.2900,119.2650,119.6500,6607600
XLK,2025-01-27,114.2900,115.4900,112.7350,113.7850,20705600
XLK,2025-01-28,114.5550,117.0800,113.3450,116.8200,11260600
XLK,2025-01-29,116.5900,116.6450,114.7450,115.8700,9050000
XLK,2025-01-30,115.6650,116.4850,114.8700,116.0850,8840200
XLK,2025-01-31,117.1650,117.8650,115.0950,115.4050,10741800
XLK,2025-02-03,112.8500,114.5450,112.2500,113.8500,13752800
XLK,2025-02-04,114.2400,115.6700,114.2000,115.4900,8371200
XLK,2025-02-05,115.5950,117.1200,115.2300,117.0950,5398000
XLK,2025-02-06,117.0950,117.6550,116.5750,117.4150,6808000
XLK,2025-02-07,117.8900,118.4550,116.0200,116.4100,8552800
XLK,2025-02-10,117.3300,118.4050,117.2950,118.1100,6054200
XLK,2025-02-11,117.4550,118.6400,117.3750,118.1650,6456200
XLK,2025-02-12,116.5000,118.0500,116.3700,117.9100,8555600
XLK,2025-02-13,118.1200,119.6550,117.9550,119.5800,7829600
XLK,2025-02-14,119.4800,120.0850,119.2600,119.9850,4557000
XLK,2025-02-18,120.6050,121.0950,120.0450,121.0800,6024000
XLK,2025-02-19,120.9450,121.5700,120.1000,121.0900,5604200
XLK,2025-02-20,120.9750,121.1350,119.4300,120.7050,5987400
XLK,2025-02-21,120.7400,120.7900,117.3750,117.4350,9057600
XLK,2025-02-24,117.8900,118.2200,115.6100,115.7550,7447600
XLK,2025-02-25,115.5100,115.6150,113.4750,114.2550,10433600
XLK,2025-02-26,115.3750,116.5900,114.6150,115.5000,7630600
XLK,2025-02-27,116.1300,116.2500,111.2450,111.2950,10100000
XLK,2025-02-28,110.7950,112.8800,109.8500,112.7650,14172200
XLK,2025-03-03,113.3450,113.5750,108.5250,109.3350,12516200
XLK,2025-03-04,108.5250,111.1800,107.1300,109.2500,17721000
XLK,2025-03-05,109.5900,111.1450,108.1200,110.7850,11931000
XLK,2025-03-06,108.5100,110.2250,107.1900,107.7100,16432000
XLK,2025-03-07,107.5850,109.5450,106.3150,109.2700,11263400
XLK,2025-03-10,107.1100,107.3100,103.5400,104.6250,21561800
XLK,2025-03-11,104.3050,105.9550,103.1450,104.2000,14832800
XLK,2025-03-12,106.0600,106.7600,104.5750,105.8400,10981600
XLK,2025-03-13,105.5350,105.7700,103.4250,103.8300,12383000
XLK,2025-03-14,105.1900,107.0800,105.1550,106.9700,10040800
XLK,2025-03-17,106.8850,108.4800,106.5750,107.7150,10148800
XLK,2025-03-18,106.9500,107.0600,105.6850,106.0750,11486600
XLK,2025-03-19,106.6200,108.7150,106.1750,107.4550,8838600
XLK,2025-03-20,106.2350,107.8650,106.0750,106.6900,7145200
XLK,2025-03-21,105.3600,107.1250,104.9700,106.9800,10425400
XLK,2025-03-24,108.5700,109.0750,108.2850,108.8150,8200200
XLK,2025-03-25,108.7450,109.3200,108.6900,109.1750,7481800
XLK,2025-03-26,108.8400,109.1000,106.3200,106.7400,7873000
XLK,2025-03-27,106.0100,106.6100,105.1950,105.7550,6577800
XLK,2025-03-28,105.2050,105.6300,102.8400,103.1900,10667600
XLK,2025-03-31,101.3900,103.4750,100.3650,103.2400,14219000
XLK,2025-04-01,102.8300,104.0850,101.9900,103.9950,9480200
XLK,2025-04-02,102.5100,105.6300,102.4300,104.7650,9292000
XLK,2025-04-03,99.7450,100.3500,97.5350,97.6150,19451400
XLK,2025-04-04,94.5700,95.3200,91.1500,91.1850,33804600
XLK,2025-04-07,87.4650,95.9050,86.2250,91.7300,44557800
XLK,2025-04-08,95.1450,96.4200,88.2200,89.8650,25811400
XLK,2025-04-09,90.0500,102.4900,89.9350,101.9300,36988800
XLK,2025-04-10,98.4250,99.1000,93.8650,97.1850,19747600
XLK,2025-04-11,96.7000,99.6000,95.9750,99.1750,14423200
XLK,2025-04-14,102.2500,102.3150,99.0000,100.0800,11904400
XLK,2025-04-15,100.2350,101.2050,99.9750,100.4450,7200000
XLK,2025-04-16,97.7500,98.7900,95.2700,96.9550,13222400
XLK,2025-04-17,97.6500,97.6500,96.0200,96.4300,7480800
XLK,2025-04-21,94.9050,95.1450,92.5950,93.9400,8973400
XLK,2025-04-22,95.1900,96.7850,94.6350,96.2300,9312800
XLK,2025-04-23,99.9200,100.9750,98.6150,99.0200,13413800
XLK,2025-04-24,99.9950,102.8550,99.8350,102.7150,9317000
XLK,2025-04-25,102.4050,104.4300,102.3050,104.2350,6518400
XLK,2025-04-28,104.1000,104.6150,102.5100,104.0650,5574400
XLK,2025-04-29,103.5650,104.9850,103.5650,104.5500,9144400
XLK,2025-04-30,102.4950,105.3750,101.9000,104.9850,10203800
XLK,2025-05-01,107.2800,108.2750,106.4300,106.5250,11532800
XLK,2025-05-02,107.7450,108.8100,107.4550,108.3050,8125400
XLK,2025-05-05,107.3750,108.5000,107.3200,107.7300,6757000
XLK,2025-05-06,106.1300,107.6200,105.8050,106.8350,7958200
XLK,2025-05-07,106.8350,108.3750,106.1000,107.9050,8169400
XLK,2025-05-08,108.9750,109.9700,108.0050,108.9350,8704400
XLK,2025-05-09,109.4200,109.6200,108.2400,108.8000,7330000
XLK,2025-05-12,113.4150,113.8900,112.2700,113.8500,13478200
XLK,2025-05-13,114.2600,116.6900,114.1300,116.3100,12757200
XLK,2025-05-14,116.8550,117.5250,116.3800,117.0650,10248000
XLK,2025-05-15,116.4300,117.8850,116.2900,117.2250,9536400
XLK,2025-05-16,117.6050,117.6050,116.4300,117.4450,8111600
XLK,2025-05-19,115.7100,117.5400,115.6700,117.2750,11863000
XLK,2025-05-20,116.5450,116.8550,115.9500,116.8350,10273200
XLK,2025-05-21,115.7400,117.3550,114.1750,114.6400,18643600
XLK,2025-05-22,114.6950,115.7000,114.4150,114.6700,11372000
XLK,2025-05-23,112.6750,114.1450,112.5500,113.4050,12004000
XLK,2025-05-27,115.1700,116.2600,114.7850,116.1000,14208400
XLK,2025-05-28,116.2400,116.7050,115.4500,115.6200,10789200
XLK,2025-05-29,117.3700,117.4900,115.2200,115.8150,14011800
XLK,2025-05-30,115.7600,115.8150,113.7100,115.4550,13494000
XLK,2025-06-02,115.1500,116.5450,115.0100,116.4750,12878800
XLK,2025-06-03,116.6300,118.3150,116.5450,118.2250,14312400
XLK,2025-06-04,118.3750,118.7700,117.8150,118.4000,10899200
XLK,2025-06-05,118.7500,119.7850,117.5550,118.0650,15885200
XLK,2025-06-06,119.2050,119.7300,118.8400,119.1800,9026000
XLK,2025-06-09,119.6450,120.5050,119.5550,119.7650,11100600
XLK,2025-06-10,119.7450,120.6150,119.2950,120.4350,9831600
XLK,2025-06-11,120.7250,121.2150,119.5500,120.1700,9599600
XLK,2025-06-12,120.1450,121.5650,120.1250,121.2850,11210400
XLK,2025-06-13,119.8800,120.7950,119.1450,119.5850,13193800
XLK,2025-06-16,120.3050,121.8800,120.3050,121.5200,13866200
XLK,2025-06-17,121.0100,121.8650,120.3750,120.6600,10525400
XLK,2025-06-18,120.9550,121.5650,120.1900,120.8050,11066000
XLK,2025-06-20,121.2350,121.6450,119.7050,120.2700,11490600
XLK,2025-06-23,120.1900,121.5450,119.3750,121.4400,12277000
XLK,2025-06-24,122.6750,123.7700,122.5300,123.6200,11329400
XLK,2025-06-25,124.2600,124.8600,124.1500,124.6750,9228600
XLK,2025-06-26,125.2350,125.7350,124.7400,125.5350,11288400
XLK,2025-06-27,125.8750,126.3550,124.8150,125.3850,12196600
XLK,2025-06-30,126.4850,126.9600,125.8750,126.6150,13365200
XLK,2025-07-01,126.2100,126.4750,124.6250,125.4850,15144800
XLK,2025-07-02,125.1700,126.8950,125.0800,126.8100,11950200
XLK,2025-07-03,127.5000,128.8650,127.4500,128.4800,7112800
XLK,2025-07-07,127.9850,128.3200,126.8900,127.4600,11560800
XLK,2025-07-08,128.1300,128.3900,127.6150,128.1450,15715200
XLK,2025-07-09,128.6000,129.4000,127.9600,128.9150,12933600
XLK,2025-07-10,129.2350,129.3500,127.8150,128.4900,9988600
XLK,2025-07-11,127.8800,128.6750,127.7200,127.9250,9239000
XLK,2025-07-14,127.6100,128.1350,126.6000,127.8200,8125200
XLK,2025-07-15,129.3100,129.6150,128.9100,128.9550,15657000
XLK,2025-07-16,129.0000,129.4300,127.4050,129.3550,17782600
XLK,2025-07-17,129.5100,130.7350,129.2550,130.5300,11955000
XLK,2025-07-18,131.0300,131.0750,130.0950,130.4450,10281000
XLK,2025-07-21,130.5900,131.5050,130.4400,130.6150,9246600
XLK,2025-07-22,130.5150,130.6050,128.4750,129.4050,13448800
XLK,2025-07-23,129.7400,130.3150,128.9700,130.1450,10091800
XLK,2025-07-24,130.4650,130.9500,129.9600,130.6950,12159600
XLK,2025-07-25,130.6550,131.3250,130.3850,130.9950,8002000
XLK,2025-07-28,131.4950,132.0750,131.2250,132.0400,11517600
XLK,2025-07-29,132.9000,133.6350,131.8200,132.0450,13739000
XLK,2025-07-30,132.1850,132.7900,131.3000,132.3400,13934600
XLK,2025-07-31,134.0050,134.0050,130.7300,131.3700,16414400
XLK,2025-08-01,129.9400,129.9850,127.8900,128.5350,19438000
XLK,2025-08-04,129.7450,131.1700,129.7450,131.1450,12377000
XLK,2025-08-05,131.6300,131.7450,129.7600,130.0600,11176000
XLK,2025-08-06,130.1850,131.6950,130.1000,131.5250,10167000
XLK,2025-08-07,132.9900,133.2050,130.5500,131.6450,10318000
XLK,2025-08-08,132.1400,133.1100,131.7950,132.9600,11015800
XLK,2025-08-11,132.8750,133.4750,131.7550,132.0600,9425400
XLK,2025-08-12,132.7200,134.1400,131.9850,134.1050,11153800
XLK,2025-08-13,134.8800,135.0250,133.6650,134.1550,13990200
XLK,2025-08-14,133.4750,134.3250,133.1650,133.8650,15484400
XLK,2025-08-15,133.6850,133.6850,132.3200,132.8500,13373200
XLK,2025-08-18,132.6850,133.2550,132.5550,133.1350,12233800
XLK,2025-08-19,133.0850,133.1150,130.5650,130.8100,17367000
XLK,2025-08-20,130.4800,130.4800,127.9200,129.9250,23064200
XLK,2025-08-21,129.6100,130.1300,128.8950,129.4550,15148600
XLK,2025-08-22,129.3150,132.0650,128.9550,131.2100,13756000
XLK,2025-08-25,131.2050,131.7350,130.5550,130.9150,10691800
XLK,2025-08-26,131.0250,131.6900,130.8350,131.5150,11081000
XLK,2025-08-27,131.6450,132.3750,131.0400,132.2250,11538600
XLK,2025-08-28,132.3850,133.5550,131.7250,133.2700,12380600
XLK,2025-08-29,132.6850,132.7100,130.7450,131.2250,17481200
XLK,2025-09-02,128.9050,130.0200,128.1400,129.9000,18226000
XLK,2025-09-03,130.5650,130.9350,129.7000,130.6750,15636600
XLK,2025-09-04,130.1400,131.3750,129.6100,131.3200,24397400
XLK,2025-09-05,132.5650,132.6150,130.0950,131.4300,38561800
XLK,2025-09-08,132.1200,132.8950,132.0900,132.4150,20556000
XLK,2025-09-09,132.7100,132.8100,131.7300,132.6700,19355000
XLK,2025-09-10,135.3550,135.9850,134.4300,135.0750,25957200
XLK,2025-09-11,135.9250,136.1150,135.3100,135.5300,23429200
XLK,2025-09-12,135.8000,135.9300,135.1500,135.4400,15612200
XLK,2025-09-15,135.6550,136.6900,135.4900,136.6600,16268000
XLK,2025-09-16,136.9750,137.0700,136.0200,136.1850,16081400
XLK,2025-09-17,136.0950,136.2600,134.3100,135.7150,18948600
XLK,2025-09-18,137.4750,138.4650,136.8100,138.0600,20882600
XLK,2025-09-19,138.6150,139.5900,138.1650,139.4600,15670800
XLK,2025-09-22,139.0750,141.4450,139.0200,141.3300,15771200
XLK,2025-09-23,141.1350,141.3650,139.4900,140.1100,16456400
XLK,2025-09-24,140.4850,140.4850,138.3150,139.2450,13471000
XLK,2025-09-25,137.9800,139.3450,137.1250,139.0000,21349600
XLK,2025-09-26,139.1500,139.5450,138.1900,139.4200,16534000
XLK,2025-09-29,140.2200,140.9600,139.8400,140.1650,16107400
XLK,2025-09-30,140.1650,141.0700,139.8700,140.9300,18215200
XLK,2025-10-01,140.2100,142.4100,140.1700,142.3100,17411200
XLK,2025-10-02,143.6350,143.6650,142.4350,143.0800,17607800
XLK,2025-10-03,143.2100,143.9400,141.8700,142.3600,17458000
XLK,2025-10-06,144.2800,144.7200,143.7250,143.8000,17945600
XLK,2025-10-07,144.5400,144.7500,142.0850,142.8400,15588400
XLK,2025-10-08,143.1700,145.3500,143.0950,145.3450,14037800
XLK,2025-10-09,145.2800,145.4100,144.3450,145.1000,11989400
XLK,2025-10-10,145.4050,145.6700,139.1400,139.1950,44574600
XLK,2025-10-13,142.3650,143.0600,141.5550,142.5850,22030400
XLK,2025-10-14,140.7150,142.1900,139.1200,140.7550,26956800
XLK,2025-10-15,142.7300,143.2900,140.4000,142.1500,20937600
XLK,2025-10-16,143.1750,143.8100,141.2850,142.2550,23166200
XLK,2025-10-17,141.4100,142.9300,140.5100,142.5050,25511600
XLK,2025-10-20,143.3200,144.7100,143.2350,144.0950,13805200
XLK,2025-10-21,144.0050,144.6850,143.4750,144.1700,12503800
XLK,2025-10-22,144.1050,144.4200,140.9500,142.7450,20723200
XLK,2025-10-23,142.1850,144.7750,142.1850,144.5450,11923400
XLK,2025-10-24,146.2500,147.2850,146.0350,146.7900,14359600
XLK,2025-10-27,148.8500,149.6300,148.6100,149.5000,15167000
XLK,2025-10-28,150.2250,151.5700,149.7100,150.9800,15055200
XLK,2025-10-29,152.3500,152.9950,150.9350,152.0650,21506200
XLK,2025-10-30,151.2000,151.9800,150.1450,150.1950,19218600
XLK,2025-10-31,151.7100,151.8200,149.4700,150.3400,16303800
XLK,2025-11-03,151.7800,152.1100,150.1300,150.9550,13983600
XLK,2025-11-04,148.2250,149.2000,146.7250,146.9700,16722600
XLK,2025-11-05,146.7100,148.7400,146.4850,147.5450,14447000
XLK,2025-11-06,147.3100,147.4700,143.8350,144.5800,24797400
XLK,2025-11-07,143.3450,144.1150,140.8000,144.0800,25547000
XLK,2025-11-10,146.6550,148.0450,145.8950,147.7650,18286400
XLK,2025-11-11,146.7900,147.0550,145.5300,146.5050,14871600
XLK,2025-11-12,147.7300,147.7300,146.0750,146.9600,13179200
XLK,2025-11-13,146.1400,146.3400,142.5150,143.2950,22385800
XLK,2025-11-14,140.6500,145.3800,140.1450,144.0750,27429600
XLK,2025-11-17,142.7250,144.2850,140.6750,141.8200,24675400
XLK,2025-11-18,140.5950,141.3200,138.2350,139.5150,36747600
XLK,2025-11-19,139.5250,142.0600,139.1650,140.4850,27668800
XLK,2025-11-20,143.7200,144.2550,135.7600,136.0750,56551800
XLK,2025-11-21,136.3000,138.4200,133.7400,136.6000,44959000
XLK,2025-11-24,137.5200,140.3500,137.4350,139.8550,20124800
XLK,2025-11-25,138.6250,140.5900,136.6550,140.2300,21303400
XLK,2025-11-26,141.8850,142.4950,140.7900,141.8900,13358800
XLK,2025-11-28,142.1900,143.1350,141.8050,143.1100,6792200
XLK,2025-12-01,141.7200,143.6050,141.2850,143.1750,12846600
XLK,2025-12-02,144.0650,145.5150,143.6450,144.6500,15719000
XLK,2025-12-03,143.9500,145.0950,143.2300,144.9950,11623200
XLK,2025-12-04,145.1900,145.7950,144.4950,145.5350,9995200
XLK,2025-12-05,146.2100,147.3100,145.6900,146.6000,6628000
XLK,2025-12-08,147.4300,148.3800,146.9200,147.6300,8272800
XLK,2025-12-09,147.3400,148.2500,146.9600,148.0200,6978200
XLK,2025-12-10,147.6900,149.2200,146.8200,148.7300,8961100
XLK,2025-12-11,147.0600,148.1300,145.1100,147.9700,9769300
XLK,2025-12-12,146.9400,147.0800,143.2600,143.6900,14873200
XLK,2025-12-15,144.4200,144.6300,142.0200,142.3000,10790300
XLK,2025-12-16,141.9100,142.9700,141.3000,142.5600,10790900
XLK,2025-12-17,142.7200,142.8400,139.3200,139.3900,18178700
XLK,2025-12-18,141.8600,142.4200,140.7900,141.5400,12319500
XLK,2025-12-19,142.5900,144.6200,142.5700,144.6000,14265900
XLK,2025-12-22,146.0100,146.0100,144.6500,145.1600,8864500
XLK,2025-12-23,144.7400,145.9800,144.3600,145.9500,7546100
XLK,2025-12-24,145.7900,146.5000,145.6800,146.3000,3676300
XLK,2025-12-26,146.6100,146.9800,146.2400,146.5300,5052900
XLK,2025-12-29,145.3500,146.3800,145.0400,145.8700,9822300
XLK,2025-12-30,145.8500,146.2600,145.3800,145.4100,6387400
XLK,2025-12-31,145.7100,145.8000,143.9000,143.9700,9528400
XLK,2026-01-02,145.6300,146.5200,143.4100,144.3000,15299500
XLK,2026-01-05,146.0100,146.3900,144.2500,144.6200,17476300
XLK,2026-01-06,145.2100,146.7700,144.6300,146.6500,14985700
XLK,2026-01-07,146.5300,147.3800,146.0400,146.5300,13957100
XLK,2026-01-08,145.9300,145.9300,143.5000,144.2400,16870100
XLK,2026-01-09,144.5700,146.5800,144.0300,146.1500,15652600
XLK,2026-01-12,145.1900,147.2900,145.0500,146.7900,12867200
XLK,2026-01-13,146.8500,147.5200,145.8500,146.4800,16552200
XLK,2026-01-14,145.5000,145.9300,143.3200,144.7000,22104200
XLK,2026-01-15,146.9300,147.5700,145.3100,145.4600,17370900
XLK,2026-01-16,146.7200,146.9500,145.0200,145.6200,14156700
XLK,2026-01-20,143.0900,144.1000,141.6100,141.8400,20029200
XLK,2026-01-21,142.7800,145.0400,141.9600,143.8100,27892800
XLK,2026-01-22,145.6100,145.7000,144.1600,144.8800,12971600
XLK,2026-01-23,144.5300,145.8300,143.7500,145.0900,14654500
XLK,2026-01-26,145.2700,146.7100,144.8900,146.0800,10195600
XLK,2026-01-27,147.4200,148.6200,147.0300,148.0500,12436200
XLK,2026-01-28,149.0000,149.9000,148.6100,149.2300,19497400
XLK,2026-01-29,147.8400,147.9300,143.2700,146.8700,25581000
XLK,2026-01-30,146.0400,146.7500,142.9900,143.8800,18342600
XLK,2026-02-02,143.5300,146.1500,143.3900,145.2600,16337600
XLK,2026-02-03,145.8800,145.9700,140.1700,142.0800,30464500
XLK,2026-02-04,140.8300,141.0100,136.1100,138.1200,45649500
XLK,2026-02-05,137.2200,138.4800,135.0800,135.6300,42950900
XLK,2026-02-06,138.0100,141.4700,137.4200,141.1300,37131900
XLK,2026-02-09,140.6000,144.0300,139.9100,143.3500,24629500
XLK,2026-02-10,143.8200,144.1500,142.3900,142.5500,22564300
XLK,2026-02-11,144.5100,144.7600,141.3200,142.9700,18905700
XLK,2026-02-12,143.3100,143.7700,138.9200,139.2100,32154700
XLK,2026-02-13,139.5600,140.9100,137.9300,139.5600,26637100
XLK,2026-02-17,138.6400,140.4500,137.0200,139.4800,25743800
XLK,2026-02-18,140.0600,142.1200,139.2700,140.9100,13705800
XLK,2026-02-19,140.0900,140.7100,139.2800,140.2100,13484000
XLK,2026-02-20,139.2000,141.7500,138.9700,140.8800,14942400
XLK,2026-02-23,140.1800,140.6500,137.8900,138.5200,22021900
XLK,2026-02-24,139.2400,140.9400,138.1900,140.3200,13030600
XLK,2026-02-25,141.3600,143.3400,141.2100,143.0100,13296000
XLK,2026-02-26,142.9400,143.0100,139.2600,141.0100,19364900
XLK,2026-02-27,138.3100,139.7700,137.9400,138.7600,15328600
XLK,2026-03-02,137.0300,139.9600,136.5600,139.5400,20156700
XLK,2026-03-03,136.3600,138.3300,134.9900,137.5000,34153000
XLK,2026-03-04,138.5300,140.6300,138.0400,139.8400,15201400
XLK,2026-03-05,139.1600,141.2600,138.0900,140.1800,19422500
XLK,2026-03-06,137.8200,139.8300,136.7900,137.2900,19677200
XLK,2026-03-09,135.9700,140.2100,135.4600,139.7600,22760900
XLK,2026-03-10,139.8400,141.3900,139.0200,139.7600,24338500
XLK,2026-03-11,140.5800,141.5900,139.5200,140.4300,14009200
XLK,2026-03-12,139.2700,139.7500,137.6500,137.8400,32372800
XLK,2026-03-13,138.4500,139.7100,136.5200,136.8000,15701800
XLK,2026-03-16,138.7200,140.0800,138.5200,138.7800,16626400
XLK,2026-03-17,139.3900,140.2700,138.9300,139.5400,12034600
XLK,2026-03-18,139.3100,140.0700,137.9300,137.9600,12634500
XLK,2026-03-19,136.0000,139.1700,135.4400,138.4300,18087900
XLK,2026-03-20,137.9800,137.9800,134.3200,135.2900,27251800
XLK,2026-03-23,137.5000,139.2000,136.2200,136.9500,21818500
XLK,2026-03-24,136.0500,136.9200,134.8700,136.1500,16843900
XLK,2026-03-25,137.2900,138.0000,136.2800,136.7600,13872400
XLK,2026-03-26,135.1800,135.5200,132.4200,132.5000,15434600
XLK,2026-03-27,131.5300,132.0500,129.5800,129.9200,15895200
XLK,2026-03-30,131.2700,131.5500,126.6800,127.5000,18830000
XLK,2026-03-31,129.1500,133.2200,128.9800,132.9000,19405300
XLK,2026-04-01,134.1200,136.0500,133.7600,134.9100,17050100
XLK,2026-04-02,131.9100,136.0400,131.3500,135.9900,12266200
XLK,2026-04-06,136.4800,137.2500,135.7100,136.7800,10147600
XLK,2026-04-07,136.1700,137.4900,134.1100,137.4300,8585500
XLK,2026-04-08,143.1300,143.5600,140.7400,141.6900,13359000
XLK,2026-04-09,141.7600,142.1900,140.3500,142.0700,8235100
XLK,2026-04-10,142.5000,143.5600,141.9200,142.6200,9310100
XLK,2026-04-13,142.3300,145.6700,142.1300,145.6100,10407700
XLK,2026-04-14,146.9000,147.9400,146.0800,147.9400,10183300
XLK,2026-04-15,148.2700,150.3700,147.9600,150.3000,10622500
XLK,2026-04-16,150.9900,152.1800,149.7500,152.0200,11778000
XLK,2026-04-17,154.0600,154.8100,153.5100,154.3500,10630400
XLK,2026-04-20,154.3000,154.7500,153.0400,154.5600,8131600
XLK,2026-04-21,155.0000,156.0700,154.1500,154.6900,12657300
XLK,2026-04-22,156.2200,158.1600,155.5200,158.0900,13830400
XLK,2026-04-23,156.7700,157.8000,153.9500,155.8400,12151400
XLK,2026-04-24,158.4300,160.4000,157.6000,160.2200,11059800
XLK,2026-04-27,160.0200,160.6200,158.8100,160.5700,8963900
XLK,2026-04-28,157.1100,158.6400,156.1600,157.8500,9253000
XLK,2026-04-29,158.8300,159.1500,157.7500,159.1100,7506900
XLK,2026-04-30,159.6500,159.8000,156.8800,159.5000,9276400
XLK,2026-05-01,160.3900,162.2900,160.1400,161.8700,10161800
XLK,2026-05-04,162.7100,163.2400,160.8800,162.0500,10740000
XLK,2026-05-05,163.8700,166.0200,163.5200,165.6300,9813500
XLK,2026-05-06,167.8800,170.0800,166.8400,170.0300,11304700
XLK,2026-05-07,170.2600,171.9500,168.7000,169.6900,11031500
XLK,2026-05-08,171.5900,175.6000,171.3000,175.5200,11222200
XLK,2026-05-11,176.1500,178.3000,175.8700,177.8800,10461800
XLK,2026-05-12,176.1500,176.9900,171.2000,175.2000,15950700
XLK,2026-05-13,177.2700,177.7400,174.2600,176.8500,9817900
XLK,2026-05-14,177.3600,180.2200,176.8700,179.5000,11424900
XLK,2026-05-15,176.2100,178.7000,174.6300,176.2600,14519000
XLK,2026-05-18,177.6200,177.8500,171.9100,174.3600,19162600
XLK,2026-05-19,172.6800,175.1800,170.8300,173.2400,15751400
XLK,2026-05-20,174.6600,177.2500,173.9500,177.1400,12630300
XLK,2026-05-21,175.8300,178.9800,175.8300,178.6000,10873200
XLK,2026-05-22,180.0300,181.7300,179.5600,180.3900,10739900
XLK,2026-05-26,183.2000,186.0000,182.5900,185.1400,12500300
XLK,2026-05-27,186.1800,186.2700,182.5400,184.4300,12297400
XLK,2026-05-28,184.8300,187.5800,183.7900,186.8500,11167600
XLK,2026-05-29,189.3300,191.6300,189.2000,191.0200,15031700
XLK,2026-06-01,192.3200,196.5000,191.1500,195.7600,18968800
XLK,2026-06-02,196.4500,198.3800,195.7500,198.2100,10175200
XLK,2026-06-03,198.3700,198.7300,194.5300,196.2300,11582100
XLK,2026-06-04,191.5200,194.7400,189.6900,193.1700,13142600
XLK,2026-06-05,188.8900,189.2200,179.8000,180.3000,26816100
XLK,2026-06-08,185.2200,186.7100,183.1700,184.1800,14685000
XLK,2026-06-09,185.9100,187.0800,172.8800,180.7700,29884400
XLK,2026-06-10,178.1600,182.4100,176.1500,176.6300,20059800
XLK,2026-06-11,177.7900,183.6600,176.5000,183.2100,18238400
XLK,2026-06-12,183.2400,185.8400,181.6400,184.8000,15014300
XLK,2026-06-15,190.3700,192.0800,189.7500,191.7900,13097800
XLK,2026-06-16,191.2300,192.2500,186.4300,186.4400,10077200
XLK,2026-06-17,189.0100,189.9900,185.3000,185.8000,14396100
XLK,2026-06-18,190.4200,192.0000,189.3800,191.4400,12101600
XLK,2026-06-22,192.9500,194.3000,190.8600,192.1500,11313000
XLK,2026-06-23,184.6800,187.2500,183.7000,184.1900,14633600
XLK,2026-06-24,184.0700,185.6600,180.7900,183.0500,12323700
XLK,2026-06-25,188.1500,188.4100,180.3800,184.5700,13218200
XLK,2026-06-26,181.0000,183.1100,179.7600,181.1100,13433900
XLK,2026-06-29,183.1200,185.6600,178.6700,185.4100,11857000
XLK,2026-06-30,185.7600,190.9400,185.6000,190.5200,10729900
XLK,2026-07-01,186.8300,187.9800,185.3800,185.6200,9960300
XLK,2026-07-02,185.4900,187.3800,178.7200,180.5900,14173100
XLK,2026-07-06,182.6600,185.7100,182.0400,183.5700,8923100
XLK,2026-07-07,179.8400,180.7200,176.3600,179.1800,12254800
XLK,2026-07-08,177.4800,181.6300,177.1500,181.4000,10528300
XLK,2026-07-09,184.7600,186.4000,183.5600,185.3500,7756600
XLK,2026-07-10,184.0100,186.2300,183.0900,185.7800,6162000
XLK,2026-07-13,183.1000,183.9000,180.5400,181.2800,8595100
XLK,2026-07-14,183.7100,184.4300,181.3300,183.6200,6399600
XLK,2026-07-15,185.1100,185.2900,178.2200,181.5800,9256800
XLK,2026-07-16,179.0000,179.4800,176.4100,177.5200,8666500
XLK,2026-07-17,172.8500,177.9200,171.3400,175.5900,12036700
XLK,2026-07-20,177.1900,178.7000,175.5200,175.7100,7638600
XLK,2026-07-21,179.5600,181.0200,178.1700,180.7800,7506800
XLK,2026-07-22,178.1600,181.4300,178.1500,180.2700,5357600
XLK,2026-07-23,178.8000,180.3900,177.2000,178.4500,7177000
XLK,2026-07-24,177.8200,179.0100,175.0500,175.8800,7739600
XLK,2026-07-27,177.8300,178.3000,171.7300,174.3000,8376600
XLK,2026-07-28,171.2100,172.1700,167.5400,171.0900,10049300
XLK,2026-07-29,171.1200,172.5100,166.4600,166.5700,14372900
XLK,2026-07-30,172.8100,176.0900,172.1600,175.7300,15098400
XLK,2026-07-31,177.4600,178.6200,172.7000,175.3500,9146200
XLK,2026-08-03,174.0100,178.9200,173.0400,178.0400,9343400
XLK,2026-08-04,182.5200,187.7100,181.8700,186.9000,13495800
XLK,2026-08-05,187.3400,188.6200,185.7100,185.9100,7571400
XLK,2026-08-06,183.1900,186.9100,182.0600,185.3300,6706000
XLK,2026-08-07,187.9900,188.7300,185.7400,187.9700,6361200
XLK,2026-08-10,188.0800,188.8400,186.2700,186.3200,6486800
XLK,2026-08-11,187.6900,187.7100,185.0700,186.0900,5759200
XLK,2026-08-12,189.4700,189.5900,188.3300,188.8600,5887200
XLK,2026-08-13,189.1300,191.7400,188.8600,190.7700,4873900
XLK,2026-08-14,191.1400,191.3500,189.2500,190.0100,3634400
XLK,2026-08-17,190.7900,191.7500,190.1100,190.3200,6099500
XLK,2026-08-18,186.2900,187.5000,184.3300,185.6200,8436300
XLK,2026-08-19,186.3900,186.9100,182.4100,183.6400,7310400
XLK,2026-08-20,183.4700,184.7100,182.6600,183.1000,5012100
XLK,2026-08-21,184.4200,184.5600,181.9000,183.3100,5781100
XLK,2026-08-24,181.6800,181.8800,178.8200,180.0500,6540100
XLK,2026-08-25,182.1100,183.0200,180.5900,181.7400,5363500
XLK,2026-08-26,180.7100,183.3500,180.7100,182.8400,4662700
XLK,2026-08-27,186.4700,188.7400,185.6700,188.6100,8136000
XLK,2026-08-28,188.0700,188.6700,185.5100,185.6900,6300200
XLK,2026-08-31,185.7800,186.6500,185.2800,186.5000,4874800
XLK,2026-09-01,183.7000,184.9200,182.6300,183.6400,7648700
XLK,2026-09-02,183.4600,183.7800,182.2700,183.6000,5698700
XLK,2026-09-03,183.5200,186.3200,182.4900,185.9700,6091100
XLK,2026-09-04,187.1900,188.2000,186.4200,187.2800,5103800
XLK,2026-09-08,188.6400,189.0800,187.0200,187.8700,8421300
XLK,2026-09-09,187.5300,188.8300,187.1500,187.8700,5990000
XLK,2026-09-10,185.2400,186.5200,184.5700,185.2200,5568800
XLK,2026-09-11,187.3500,188.6400,186.8800,187.6700,6534700
XLK,2026-09-14,183.0000,185.6000,182.0800,184.2800,8532300
XLK,2026-09-15,184.5000,185.0700,183.4600,183.7400,6147600
XLK,2026-09-16,184.9300,186.1300,182.4200,183.9300,8061600
XLK,2026-09-17,187.3000,188.5300,186.7300,188.0600,7390700
XLK,2026-09-18,189.2300,189.8100,187.5200,189.6000,6996200
XLK,2026-09-21,191.7900,195.0900,190.9700,194.8500,9038700
XLV,2024-09-19,156.7600,156.7600,155.5100,155.9200,6717400
XLV,2024-09-20,155.4100,155.9800,154.9000,155.2800,8541600
XLV,2024-09-23,155.1900,155.2100,154.1200,154.4000,6416400
XLV,2024-09-24,154.3300,154.3900,153.3600,154.0900,5341600
XLV,2024-09-25,154.5600,154.7800,152.5300,152.5900,5940100
XLV,2024-09-26,152.4900,153.2900,152.2300,153.1000,6172900
XLV,2024-09-27,153.3000,154.2000,153.0100,153.0200,7312500
XLV,2024-09-30,152.8100,154.0600,152.5800,154.0200,7233800
XLV,2024-10-01,154.1400,154.3500,152.6300,153.2100,10560200
XLV,2024-10-02,153.0200,153.3800,151.8700,152.9000,7158400
XLV,2024-10-03,152.5200,152.6600,151.2400,151.5200,5551000
XLV,2024-10-04,151.7500,152.0200,150.8800,151.6400,6590100
XLV,2024-10-07,151.6500,152.1100,150.6900,150.9700,5922800
XLV,2024-10-08,151.3700,152.0300,151.2400,151.7900,4726600
XLV,2024-10-09,151.9300,153.4600,151.5700,153.3400,7840000
XLV,2024-10-10,153.3400,153.4600,152.4000,152.7700,4385500
XLV,2024-10-11,153.2500,154.0700,153.0300,153.8900,9354000
XLV,2024-10-14,154.0600,155.0100,153.5300,154.7400,4819800
XLV,2024-10-15,152.6700,154.5900,152.5100,152.8500,9088600
XLV,2024-10-16,152.6500,153.6100,152.2400,153.2800,4510200
XLV,2024-10-17,152.7700,153.0200,152.2900,152.3900,5430000
XLV,2024-10-18,152.5000,153.5000,152.0600,153.1300,9823900
XLV,2024-10-21,152.7300,153.1400,151.1800,151.3300,4825900
XLV,2024-10-22,150.5300,151.3900,150.4000,151.1100,5166900
XLV,2024-10-23,150.7000,150.9300,149.6000,150.4000,4910200
XLV,2024-10-24,150.4000,151.0100,149.3700,149.4100,5066300
XLV,2024-10-25,149.9200,150.0000,148.4200,148.5900,5314500
XLV,2024-10-28,149.0100,149.4900,148.6200,148.8100,4923500
XLV,2024-10-29,148.7100,149.3200,148.3300,148.4000,7342600
XLV,2024-10-30,146.1400,148.1700,145.6200,148.1200,9211800
XLV,2024-10-31,147.2400,147.9300,146.8400,146.8700,6701100
XLV,2024-11-01,147.4400,148.4700,147.4300,147.7400,6896900
XLV,2024-11-04,147.3800,148.0900,146.4800,146.7700,5985900
XLV,2024-11-05,146.4800,147.8900,145.9400,147.8500,5035300
XLV,2024-11-06,150.6700,150.9100,147.3500,148.0400,10685600
XLV,2024-11-07,148.9300,149.2900,148.2100,149.1100,9381600
XLV,2024-11-08,149.3100,150.9500,149.1400,150.1800,8701100
XLV,2024-11-11,149.8500,150.6000,149.0800,149.3000,6071900
XLV,2024-11-12,149.0600,149.3100,147.1900,147.2200,7022300
XLV,2024-11-13,147.1600,147.6000,146.6800,146.8300,5981200
XLV,2024-11-14,146.5800,146.5900,144.3600,144.5200,7936700
XLV,2024-11-15,143.7200,143.8500,141.5700,141.8400,14246100
XLV,2024-11-18,141.4700,142.0900,141.3100,141.9400,7933100
XLV,2024-11-19,140.6500,141.6100,140.2600,141.2100,6205800
XLV,2024-11-20,141.5100,143.0800,141.2800,142.8800,9328800
XLV,2024-11-21,142.8800,144.2300,142.1400,144.0300,7969600
XLV,2024-11-22,144.3300,145.0200,143.9400,144.1600,6330300
XLV,2024-11-25,144.8100,145.8500,144.7900,145.3900,6834300
XLV,2024-11-26,145.8300,146.3300,144.6900,146.1700,6018400
XLV,2024-11-27,146.3100,147.7600,146.3100,146.9500,5952800
XLV,2024-11-29,146.9400,147.7900,146.7100,147.4100,3521200
XLV,2024-12-02,147.3200,147.3800,146.3900,147.1500,6220800
XLV,2024-12-03,147.1400,147.4300,146.7400,146.8200,4236200
XLV,2024-12-04,147.0800,147.5800,146.3600,146.7400,5597400
XLV,2024-12-05,146.0900,146.2500,144.8300,145.1000,8948700
XLV,2024-12-06,145.2900,145.4600,144.1000,144.2800,6545200
XLV,2024-12-09,144.4200,145.0900,143.9200,144.7000,6258600
XLV,2024-12-10,144.9900,145.1000,143.6200,144.1000,7200500
XLV,2024-12-11,143.5200,143.6400,142.1000,142.1400,6895000
XLV,2024-12-12,142.1700,142.5400,140.9100,141.0100,5994200
XLV,2024-12-13,140.8300,141.4500,140.1300,140.9900,7599400
XLV,2024-12-16,140.8800,141.6500,139.2000,139.3100,9476600
XLV,2024-12-17,138.7000,140.2400,138.6000,139.2100,10280100
XLV,2024-12-18,139.1200,140.0400,137.2300,137.3200,14448100
XLV,2024-12-19,137.0600,137.8000,135.9500,136.2800,11929300
XLV,2024-12-20,137.4900,139.2900,137.0500,138.0000,12098400
XLV,2024-12-23,137.6000,138.9500,136.9900,138.7500,8050500
XLV,2024-12-24,138.6300,139.3200,138.0400,139.3200,3139300
XLV,2024-12-26,138.8300,139.7200,138.6800,139.6000,4720300
XLV,2024-12-27,138.8300,139.8100,138.3600,138.9500,5948000
XLV,2024-12-30,138.1500,138.1500,136.7300,137.2400,6890300
XLV,2024-12-31,137.5800,138.1200,136.7900,137.5700,6626900
XLV,2025-01-02,138.2600,138.7700,137.1200,137.6100,8973000
XLV,2025-01-03,137.8900,139.3500,137.7400,138.9600,8288700
XLV,2025-01-06,138.9000,140.0400,138.5600,139.0200,8653300
XLV,2025-01-07,139.3600,140.9300,139.3600,139.7100,12639700
XLV,2025-01-08,139.9700,140.6400,138.6900,140.4300,7827400
XLV,2025-01-10,139.9500,140.9500,139.3500,139.6400,10343700
XLV,2025-01-13,139.7900,141.8200,139.6700,141.4600,9422200
XLV,2025-01-14,141.2700,141.2700,138.8800,140.0000,10277800
XLV,2025-01-15,140.3900,141.2400,139.7700,140.5700,11388400
XLV,2025-01-16,140.1300,141.3400,139.5800,141.1300,8512100
XLV,2025-01-17,140.9400,141.4000,140.1800,140.1800,7668100
XLV,2025-01-21,140.9200,142.5100,140.9000,142.5000,7257800
XLV,2025-01-22,141.8000,142.6300,141.1300,142.1800,8189900
XLV,2025-01-23,142.5700,144.1000,141.8700,144.0800,8032900
XLV,2025-01-24,143.4400,144.6100,143.2700,144.3100,8127900
XLV,2025-01-27,145.1000,147.5800,144.9700,147.5500,12311300
XLV,2025-01-28,147.5400,147.7400,146.4800,146.5200,9686400
XLV,2025-01-29,146.0900,146.5800,145.3000,145.6600,8159100
XLV,2025-01-30,146.2500,147.7500,146.2400,147.3400,7705200
XLV,2025-01-31,147.5800,148.5900,146.8200,146.8700,9211800
XLV,2025-02-03,145.9800,148.1600,145.9400,147.4400,13001500
XLV,2025-02-04,145.8200,147.2000,145.5900,147.0400,11762000
XLV,2025-02-05,147.4000,148.7200,147.1000,148.4500,10042300
XLV,2025-02-06,148.1500,148.4600,146.9000,147.1200,12422100
XLV,2025-02-07,147.3300,147.9200,146.3200,146.4300,11199700
XLV,2025-02-10,146.6000,146.6500,145.4600,146.3000,7374300
XLV,2025-02-11,145.8800,146.3200,145.4400,146.0300,6634900
XLV,2025-02-12,145.6800,146.6100,145.3700,145.8200,7572200
XLV,2025-02-13,146.1100,146.7100,145.1600,146.3900,6293100
XLV,2025-02-14,146.5000,146.7000,144.8000,144.8000,5299200
XLV,2025-02-18,143.9200,144.8900,143.8400,144.5200,11366800
XLV,2025-02-19,144.5300,146.4400,144.5000,146.4000,6295900
XLV,2025-02-20,146.1900,147.3000,146.1000,147.2200,6264800
XLV,2025-02-21,145.4800,147.1400,145.3400,146.4300,8647000
XLV,2025-02-24,146.5900,148.2200,146.2700,147.6200,7559400
XLV,2025-02-25,147.9000,149.0900,147.4100,148.8900,11981300
XLV,2025-02-26,148.3100,148.9500,147.3500,147.8200,6566800
XLV,2025-02-27,147.5500,148.9100,147.1600,147.2200,7377000
XLV,2025-02-28,147.4600,149.1600,146.4900,148.9300,8453700
XLV,2025-03-03,149.0200,150.3200,148.9600,149.5800,9459300
XLV,2025-03-04,149.7900,150.0700,147.9700,148.1900,10804700
XLV,2025-03-05,147.5200,149.9100,147.2400,149.6800,7597700
XLV,2025-03-06,149.0000,149.4800,147.9300,149.2700,7122200
XLV,2025-03-07,148.6600,150.2800,148.4500,149.2800,8532400
XLV,2025-03-10,148.1200,149.9100,147.3400,147.6700,13577800
XLV,2025-03-11,147.6800,147.8900,145.2900,146.0600,9411600
XLV,2025-03-12,145.7300,145.9900,144.1200,144.6000,7141100
XLV,2025-03-13,144.6600,145.0700,143.4900,143.8300,8041600
XLV,2025-03-14,143.9300,145.1500,143.4100,144.9300,6761200
XLV,2025-03-17,144.7200,147.1100,144.7200,146.7700,6017300
XLV,2025-03-18,146.8200,147.0600,146.0400,146.8400,5528000
XLV,2025-03-19,146.9500,147.3100,145.9000,146.9200,6156200
XLV,2025-03-20,146.9400,147.6400,146.5100,147.0100,8033800
XLV,2025-03-21,146.5800,146.8600,145.7300,146.6000,7635300
XLV,2025-03-24,146.4200,147.3900,146.1100,147.1500,6500600
XLV,2025-03-25,147.5000,147.5900,144.3500,145.2700,6502000
XLV,2025-03-26,145.3800,145.9700,144.3900,144.7400,8758600
XLV,2025-03-27,144.5200,145.4200,144.4600,144.9700,6264300
XLV,2025-03-28,144.8500,145.2400,144.4500,144.5200,6210500
XLV,2025-03-31,143.7900,146.6200,143.4800,146.0100,8085600
XLV,2025-04-01,145.4800,145.4800,142.9000,143.3400,9906100
XLV,2025-04-02,142.7700,144.4000,142.1900,144.3000,6392700
XLV,2025-04-03,143.7600,145.1900,143.0500,143.1300,10990600
XLV,2025-04-04,141.1400,141.7100,135.2300,135.2800,21341100
XLV,2025-04-07,131.7100,137.3700,129.6600,134.4700,29940300
XLV,2025-04-08,139.4300,139.4400,131.2800,132.9800,20860400
XLV,2025-04-09,130.1300,139.2400,129.6800,138.7600,39444700
XLV,2025-04-10,137.7000,137.7400,131.3300,134.8900,21957400
XLV,2025-04-11,135.1500,137.7600,133.6500,136.8700,10755600
XLV,2025-04-14,138.2100,139.0400,136.9600,138.5400,7437200
XLV,2025-04-15,139.0000,139.0400,137.2900,137.6900,6239000
XLV,2025-04-16,138.1200,138.6200,135.6400,136.2900,8150700
XLV,2025-04-17,135.3400,136.5700,135.1000,135.4900,9662800
XLV,2025-04-21,135.1900,135.3600,131.5600,132.5700,6456000
XLV,2025-04-22,133.6400,135.2800,133.1400,135.0600,8012500
XLV,2025-04-23,136.5400,137.9300,135.1300,135.7300,9503200
XLV,2025-04-24,135.9500,137.5400,135.1200,137.3900,5433000
XLV,2025-04-25,137.5900,138.2000,135.8800,138.0500,6438400
XLV,2025-04-28,138.2400,139.0400,137.4000,138.6000,5803300
XLV,2025-04-29,138.4200,139.9700,137.7300,139.2800,7811900
XLV,2025-04-30,139.5500,140.7900,138.2600,140.4700,6827800
XLV,2025-05-01,138.8100,139.1100,136.4700,136.6400,10363200
XLV,2025-05-02,138.7900,139.0100,137.5500,138.5300,9777000
XLV,2025-05-05,138.2500,138.6800,137.5800,138.1400,5479700
XLV,2025-05-06,137.1300,137.1900,133.9700,134.3300,11625900
XLV,2025-05-07,134.7500,135.7500,134.4000,135.3600,6417500
XLV,2025-05-08,134.4100,135.3300,133.6900,134.1400,10558100
XLV,2025-05-09,134.3100,134.7700,132.6200,132.6800,7555200
XLV,2025-05-12,132.8800,136.1300,132.6400,135.9600,15211100
XLV,2025-05-13,133.9400,133.9400,131.8300,131.8700,17817000
XLV,2025-05-14,132.2800,132.5500,128.6800,128.7700,19579500
XLV,2025-05-15,128.4700,130.5400,127.3500,130.4600,18792700
XLV,2025-05-16,130.7000,133.1400,130.3100,133.0900,12901800
XLV,2025-05-19,133.0200,134.4400,132.6500,134.3700,11645200
XLV,2025-05-20,134.4000,135.0900,134.1900,134.7000,11644500
XLV,2025-05-21,133.5600,134.1400,131.5200,131.5800,16635900
XLV,2025-05-22,130.6300,131.2400,129.9800,130.5500,12722600
XLV,2025-05-23,129.9300,130.6000,129.5500,130.3400,9127100
XLV,2025-05-27,131.4300,132.3900,131.1600,132.1600,12304000
XLV,2025-05-28,132.1100,132.5800,131.1300,131.4800,11087500
XLV,2025-05-29,131.6800,132.7600,131.2900,132.3600,10670300
XLV,2025-05-30,132.0700,133.3400,130.8800,132.6400,11651300
XLV,2025-06-02,132.3000,132.7800,131.1100,132.7200,11845000
XLV,2025-06-03,132.3700,133.5200,131.7300,133.0300,14304300
XLV,2025-06-04,133.4300,134.3300,133.2900,133.2900,9986100
XLV,2025-06-05,133.6200,133.9100,132.5700,133.1100,13705000
XLV,2025-06-06,133.8100,134.8400,133.7900,134.3800,9153500
XLV,2025-06-09,134.3500,134.8100,133.3900,134.1500,9976600
XLV,2025-06-10,134.2700,136.0900,134.2500,135.6800,11488000
XLV,2025-06-11,135.7100,136.5700,135.3400,135.7500,13644000
XLV,2025-06-12,135.7600,136.8400,135.4900,136.8100,9809500
XLV,2025-06-13,136.0600,137.3300,135.6800,136.1300,13722800
XLV,2025-06-16,136.4200,136.8300,135.0800,135.7100,14171000
XLV,2025-06-17,135.1000,135.4100,133.2900,133.4700,13506000
XLV,2025-06-18,133.4800,134.1200,132.4900,133.2400,12185300
XLV,2025-06-20,133.7000,133.8000,132.4100,132.6000,13744900
XLV,2025-06-23,132.0600,132.7400,130.9800,132.1600,14181600
XLV,2025-06-24,132.5100,134.0800,132.0000,133.7800,11272900
XLV,2025-06-25,133.5200,134.2900,132.7700,133.9000,11996400
XLV,2025-06-26,134.1800,135.1600,133.7500,134.2200,13177700
XLV,2025-06-27,134.3200,135.1300,133.7000,133.9300,13818500
XLV,2025-06-30,133.9000,134.9500,133.8000,134.7900,12407700
XLV,2025-07-01,134.5800,137.7600,134.4600,136.7100,21204300
XLV,2025-07-02,136.0300,136.2900,135.2400,135.3600,13720400
XLV,2025-07-03,135.5500,135.9000,135.1700,135.5000,7282700
XLV,2025-07-07,135.4500,135.4500,133.6500,134.3600,14052300
XLV,2025-07-08,134.2600,136.2200,134.0100,134.9700,19485900
XLV,2025-07-09,135.2500,135.9200,134.4200,135.4900,13963900
XLV,2025-07-10,135.5100,137.6300,135.0000,136.3200,17668300
XLV,2025-07-11,135.8800,135.8800,134.3500,135.1900,14246600
XLV,2025-07-14,134.6500,135.3100,134.4000,135.0300,11095400
XLV,2025-07-15,135.2300,135.4700,132.4700,132.6000,17095600
XLV,2025-07-16,133.1400,134.4200,133.0000,134.2500,14142100
XLV,2025-07-17,133.2900,133.6800,132.2800,132.7200,15740900
XLV,2025-07-18,133.0700,133.2400,131.6600,131.8400,13245500
XLV,2025-07-21,131.9100,132.3200,131.0300,131.0900,9468700
XLV,2025-07-22,131.3100,133.8100,131.3100,133.5300,16681900
XLV,2025-07-23,135.2600,136.3200,134.8000,136.2700,16624000
XLV,2025-07-24,136.1300,136.9300,135.5400,135.7600,11054800
XLV,2025-07-25,136.2500,136.7000,135.7400,136.4800,9539900
XLV,2025-07-28,136.1400,136.3900,134.9300,135.2900,9780300
XLV,2025-07-29,133.9000,135.1000,132.9400,134.4300,14967600
XLV,2025-07-30,134.8800,135.1900,133.6400,134.1900,11634600
XLV,2025-07-31,133.0200,133.7900,129.9800,130.4300,26441600
XLV,2025-08-01,130.7000,131.4000,129.8600,131.1300,20736200
XLV,2025-08-04,131.3900,133.0700,131.3600,133.0100,11331000
XLV,2025-08-05,132.4500,132.9500,132.0400,132.5000,14319200
XLV,2025-08-06,131.9400,132.0500,130.3500,130.5100,14342800
XLV,2025-08-07,129.7700,130.2400,127.9600,129.0100,24421900
XLV,2025-08-08,129.2300,130.4400,129.2300,130.1600,13747100
XLV,2025-08-11,130.2900,131.3200,130.1400,130.2900,14474000
XLV,2025-08-12,130.3400,131.2300,130.1300,131.1900,17219500
XLV,2025-08-13,131.8200,133.3700,131.6500,133.2900,15069900
XLV,2025-08-14,133.0600,134.1000,132.4100,133.9600,15464000
XLV,2025-08-15,135.4800,136.6000,135.1800,136.2100,13929600
XLV,2025-08-18,136.5300,137.1900,135.8200,135.8900,12572000
XLV,2025-08-19,135.8700,137.2200,135.7800,136.7600,13578200
XLV,2025-08-20,137.0100,138.2100,137.0100,137.5000,14607000
XLV,2025-08-21,137.2100,138.4600,136.9400,137.0400,13218900
XLV,2025-08-22,137.8000,139.0200,137.8000,138.1700,11898600
XLV,2025-08-25,138.1400,138.2600,136.1000,136.2000,10681000
XLV,2025-08-26,136.5900,137.1700,136.3400,137.0500,11397500
XLV,2025-08-27,136.9900,137.7100,136.7300,136.9700,8321700
XLV,2025-08-28,136.8300,136.8500,135.7600,136.4300,9165700
XLV,2025-08-29,136.5400,137.4700,136.3700,137.4300,9655700
XLV,2025-09-02,136.8900,137.7400,136.4600,137.5600,13325300
XLV,2025-09-03,137.1100,137.7600,136.2400,136.9100,12586000
XLV,2025-09-04,136.8000,137.4700,136.0800,137.4300,11778600
XLV,2025-09-05,137.2800,138.3800,137.0500,137.9000,14664000
XLV,2025-09-08,137.4600,137.8700,136.3700,137.8500,15753300
XLV,2025-09-09,138.0600,138.9700,137.7200,138.5900,12249600
XLV,2025-09-10,138.5100,138.5100,136.8100,137.3300,13588300
XLV,2025-09-11,138.0400,140.0000,137.8900,139.7200,16470800
XLV,2025-09-12,139.2300,139.8100,138.1000,138.1100,11345400
XLV,2025-09-15,138.2600,138.5400,136.6600,136.9300,11233800
XLV,2025-09-16,136.6600,137.3900,136.5400,136.9300,12443800
XLV,2025-09-17,137.1300,138.2900,136.8400,137.2000,12501500
XLV,2025-09-18,137.2000,137.9400,136.8900,137.4700,11472900
XLV,2025-09-19,137.8200,137.9000,137.1800,137.2900,11280900
XLV,2025-09-22,136.1900,137.2600,135.8900,136.6300,9732700
XLV,2025-09-23,136.2600,137.3500,136.1500,136.9400,9903000
XLV,2025-09-24,136.8200,137.0600,136.1600,136.3900,7471600
XLV,2025-09-25,136.1300,136.1800,133.7300,134.1300,14099700
XLV,2025-09-26,135.1500,135.6200,134.6400,135.5000,10071000
XLV,2025-09-29,135.6800,135.9700,134.7400,135.9000,7735700
XLV,2025-09-30,135.7600,139.5000,135.6700,139.1700,19313500
XLV,2025-10-01,139.8000,143.7300,139.6000,143.4700,23657900
XLV,2025-10-02,142.1500,143.5700,142.1500,143.1900,15176200
XLV,2025-10-03,143.5700,146.1400,143.5600,144.8200,15829200
XLV,2025-10-06,144.9000,145.0600,143.9700,144.1200,12879900
XLV,2025-10-07,144.1200,144.6600,143.2800,144.2300,12478700
XLV,2025-10-08,144.6000,144.9700,144.0200,144.5100,8925800
XLV,2025-10-09,144.7800,145.2500,143.9600,144.1900,7657000
XLV,2025-10-10,144.6100,144.7400,141.9400,142.1100,13350100
XLV,2025-10-13,141.7300,142.9400,141.6300,141.9500,8257500
XLV,2025-10-14,141.6000,142.8600,141.0500,142.3400,10044700
XLV,2025-10-15,142.0200,143.2500,141.3600,142.5600,7260600
XLV,2025-10-16,142.8500,143.6400,141.9600,142.3200,11194100
XLV,2025-10-17,141.5800,143.4200,141.3900,143.2700,8160300
XLV,2025-10-20,143.7200,144.9900,143.5600,144.7900,8435900
XLV,2025-10-21,145.0500,145.6300,144.3400,145.1300,9031800
XLV,2025-10-22,146.2100,146.7300,145.5400,145.9600,12705300
XLV,2025-10-23,145.5200,146.5100,145.3700,146.0400,7924900
XLV,2025-10-24,146.2900,146.7600,145.8800,146.0300,7007400
XLV,2025-10-27,146.0900,146.4500,145.2200,146.3700,6466700
XLV,2025-10-28,146.4100,146.5400,145.1900,145.4500,8652700
XLV,2025-10-29,145.2200,145.4500,143.5700,143.9800,12425600
XLV,2025-10-30,143.9600,145.4500,143.7700,144.3000,10756100
XLV,2025-10-31,143.0200,144.4900,142.7000,144.2500,10581100
XLV,2025-11-03,144.0700,144.5600,142.8300,144.4500,12279300
XLV,2025-11-04,143.7700,145.4900,143.4900,145.1000,14182200
XLV,2025-11-05,144.6300,146.2600,144.3800,145.6600,13154600
XLV,2025-11-06,145.1400,146.1100,144.9400,145.9400,14395800
XLV,2025-11-07,145.8400,146.1500,144.7200,146.1400,14522900
XLV,2025-11-10,145.7900,147.4300,145.7200,147.2800,12305900
XLV,2025-11-11,147.6000,150.8200,147.6000,150.6800,12659500
XLV,2025-11-12,150.9900,153.1600,150.7200,152.8200,17847500
XLV,2025-11-13,152.0400,154.5200,151.8600,152.7400,21807600
XLV,2025-11-14,152.2200,152.9200,151.1900,151.8300,15468900
XLV,2025-11-17,151.3400,153.3200,151.1400,151.7000,17516500
XLV,2025-11-18,151.7500,153.1300,151.1500,152.5900,24494200
XLV,2025-11-19,152.4800,152.9300,151.5700,152.3300,17352600
XLV,2025-11-20,152.4900,153.3400,151.1200,151.4200,25278500
XLV,2025-11-21,151.7900,155.7100,151.7100,154.6100,25526100
XLV,2025-11-24,155.1400,156.1600,154.4800,155.2600,17928400
XLV,2025-11-25,155.7700,158.8900,155.7700,158.7700,17298600
XLV,2025-11-26,158.4200,158.9500,158.1600,158.4200,12398900
XLV,2025-11-28,158.2000,158.2500,157.1600,157.6500,8559700
XLV,2025-12-01,157.0400,157.8600,155.1800,155.2900,17321200
XLV,2025-12-02,155.2500,155.4700,154.1400,154.3600,16150300
XLV,2025-12-03,154.6700,155.7800,154.6600,155.0800,12724800
XLV,2025-12-04,155.0000,155.0300,153.3700,153.9000,13674600
XLV,2025-12-05,154.4500,154.6300,152.9600,153.2600,8868700
XLV,2025-12-08,153.3500,153.4200,151.2000,151.4300,10996000
XLV,2025-12-09,152.0000,152.6800,149.8500,149.9600,11543300
XLV,2025-12-10,150.3800,152.1800,149.8700,152.1400,15534800
XLV,2025-12-11,152.7600,154.3000,152.2600,153.5800,14703000
XLV,2025-12-12,153.7500,154.5600,153.4100,154.0600,13175500
XLV,2025-12-15,154.4700,156.3100,154.4400,156.1000,14681800
XLV,2025-12-16,156.0400,156.1200,153.0900,154.0700,12491300
XLV,2025-12-17,154.2300,154.7800,153.6700,153.7900,9093300
XLV,2025-12-18,153.7500,155.1800,153.6800,153.9100,8876400
XLV,2025-12-19,153.9200,155.7700,153.9200,154.9400,8571500
XLV,2025-12-22,154.1500,155.3700,153.8000,155.3000,7063700
XLV,2025-12-23,154.6900,155.6600,154.6400,154.9900,7465800
XLV,2025-12-24,155.1700,155.9400,155.1500,155.8000,3085700
XLV,2025-12-26,155.6900,156.1200,155.3500,156.0500,4439100
XLV,2025-12-29,156.0700,156.4900,155.6800,155.8100,6357300
XLV,2025-12-30,155.6600,155.9800,155.2000,155.6800,4355000
XLV,2025-12-31,155.6000,155.8400,154.7700,154.8000,4199500
XLV,2026-01-02,154.8700,155.5700,153.5800,155.5100,10998000
XLV,2026-01-05,154.5900,155.3900,152.9700,155.0400,17756200
XLV,2026-01-06,155.1400,158.3300,155.1400,158.0900,17783800
XLV,2026-01-07,158.5400,160.5900,158.5400,159.6600,14505700
XLV,2026-01-08,159.1500,160.5000,157.6100,158.1200,17611000
XLV,2026-01-09,158.3300,158.9300,157.2600,157.3100,12352000
XLV,2026-01-12,157.3300,157.5000,156.0100,157.3800,12250100
XLV,2026-01-13,157.6500,157.6700,155.7400,156.7400,11756500
XLV,2026-01-14,156.6100,157.9900,156.4800,157.8600,13516800
XLV,2026-01-15,157.3100,157.4500,155.3700,156.9600,15303400
XLV,2026-01-16,156.6400,156.9700,155.7100,155.7400,11950300
XLV,2026-01-20,154.0000,155.9200,153.2300,155.4000,12775200
XLV,2026-01-21,155.2000,158.5100,155.1500,158.2600,16393900
XLV,2026-01-22,157.6500,159.2300,157.5000,158.2900,10881400
XLV,2026-01-23,157.8000,158.3800,156.6600,157.4800,10191300
XLV,2026-01-26,157.3700,158.3300,156.9000,158.1000,6810400
XLV,2026-01-27,155.8000,157.0900,155.1400,155.4500,12697500
XLV,2026-01-28,154.3000,155.1500,153.4700,154.3100,11426600
XLV,2026-01-29,154.2500,154.6700,153.5000,153.8200,12167300
XLV,2026-01-30,154.1200,154.9300,153.2900,154.7400,11863900
XLV,2026-02-02,154.5800,156.0100,154.4000,155.6900,11005300
XLV,2026-02-03,154.7800,157.1200,153.8500,154.1000,21141900
XLV,2026-02-04,154.8100,156.7800,154.2300,156.0300,22951600
XLV,2026-02-05,155.4600,156.9700,154.6800,154.8400,21421600
XLV,2026-02-06,156.0400,157.8000,155.9100,157.7100,13616200
XLV,2026-02-09,157.5700,158.1500,156.0300,156.3200,11823000
XLV,2026-02-10,156.6600,157.1600,155.2400,155.3300,11103400
XLV,2026-02-11,155.1800,156.3800,154.3800,156.2500,11738400
XLV,2026-02-12,156.2100,157.4200,155.4800,156.0000,19409100
XLV,2026-02-13,156.5200,158.8000,156.5200,157.6700,16647900
XLV,2026-02-17,158.0300,158.9100,157.1300,157.3700,14881100
XLV,2026-02-18,157.2000,157.8000,156.4800,157.6700,11886300
XLV,2026-02-19,157.2000,157.7200,156.1900,157.2600,11226900
XLV,2026-02-20,157.0000,157.2500,155.8700,156.8200,13368500
XLV,2026-02-23,157.1300,158.6800,157.1300,158.5400,17053500
XLV,2026-02-24,158.0100,158.5000,157.3100,157.8700,12887100
XLV,2026-02-25,157.8700,159.2300,157.6200,157.8300,11011500
XLV,2026-02-26,158.0700,158.1700,156.0900,157.4200,15344400
XLV,2026-02-27,156.7400,160.2400,156.7100,160.2000,14250100
XLV,2026-03-02,159.1900,159.8400,157.9900,158.5300,18641400
XLV,2026-03-03,156.6600,157.3900,155.0000,156.7400,21432600
XLV,2026-03-04,156.7400,157.5800,155.6700,157.0500,12745700
XLV,2026-03-05,155.1300,155.7000,152.7200,153.9100,20476400
XLV,2026-03-06,152.7800,152.9900,150.9500,152.7000,18174000
XLV,2026-03-09,151.7800,154.5500,151.1300,154.2600,18675700
XLV,2026-03-10,154.4100,154.5400,153.0100,153.1500,17247500
XLV,2026-03-11,152.8400,153.1600,151.9400,152.8500,12503800
XLV,2026-03-12,151.9500,152.4900,150.0300,150.1600,15670500
XLV,2026-03-13,151.0400,152.3000,149.6700,149.7900,15129300
XLV,2026-03-16,150.7500,151.7300,150.3800,151.0100,10896600
XLV,2026-03-17,151.2200,151.8500,149.5400,149.6400,11938600
XLV,2026-03-18,148.7200,149.0500,147.0100,147.1400,15565400
XLV,2026-03-19,147.1400,148.0900,146.3000,146.6100,16913000
XLV,2026-03-20,146.4800,147.0200,144.6600,145.3300,16582200
XLV,2026-03-23,146.5600,146.7700,144.6000,144.7700,21815400
XLV,2026-03-24,143.9500,145.3000,143.3800,144.7900,24230900
XLV,2026-03-25,145.6900,146.6900,145.3500,146.2400,17743300
XLV,2026-03-26,145.7500,146.9100,145.6300,145.7400,13321000
XLV,2026-03-27,145.7200,145.8000,143.0700,143.2600,12932200
XLV,2026-03-30,144.3000,144.6300,143.4300,143.8200,14799700
XLV,2026-03-31,144.8100,146.7500,144.6000,146.6100,17866000
XLV,2026-04-01,147.2200,148.7600,146.9500,147.7300,16899200
XLV,2026-04-02,146.9300,148.3600,146.2700,146.8100,11087900
XLV,2026-04-06,146.2800,147.1400,145.7600,146.2800,7272600
XLV,2026-04-07,146.9100,146.9100,144.8800,146.5700,10263400
XLV,2026-04-08,148.2000,149.7000,147.5000,149.6700,8130700
XLV,2026-04-09,148.8300,150.2200,148.3000,149.3300,6406400
XLV,2026-04-10,149.7800,149.8400,147.1100,147.3100,6217800
XLV,2026-04-13,146.8800,148.0500,146.2400,147.9700,6182800
XLV,2026-04-14,147.3800,149.6000,147.2400,148.8300,7722300
XLV,2026-04-15,148.8600,149.2100,146.8900,147.7700,6669200
XLV,2026-04-16,147.1900,148.2000,146.2900,146.6100,9072300
XLV,2026-04-17,147.3700,149.1200,147.3600,148.8000,8338100
XLV,2026-04-20,148.4500,148.7400,147.1500,147.4200,6325700
XLV,2026-04-21,148.2900,148.5600,145.8800,145.9200,8735300
XLV,2026-04-22,146.5100,147.5800,146.0100,146.3800,8316900
XLV,2026-04-23,146.2000,146.7700,145.1600,146.2400,7612000
XLV,2026-04-24,145.2400,145.5300,143.6800,144.1800,7969700
XLV,2026-04-27,143.6800,145.2100,143.4200,143.4600,6571900
XLV,2026-04-28,144.5700,144.8600,143.2800,143.8400,8612400
XLV,2026-04-29,142.2600,143.2500,141.9700,142.8400,11885500
XLV,2026-04-30,143.6800,146.2900,143.6600,145.9900,12587800
XLV,2026-05-01,146.2900,146.6100,145.1500,145.1600,8865800
XLV,2026-05-04,144.5600,145.2100,144.3200,144.7300,10885900
XLV,2026-05-05,145.2800,145.6600,144.4200,145.3000,7174900
XLV,2026-05-06,145.3600,146.1500,144.9000,145.4000,10613500
XLV,2026-05-07,145.1800,145.8400,144.2700,144.7200,7608000
XLV,2026-05-08,144.5900,145.0700,143.1800,143.4900,10165400
XLV,2026-05-11,143.7500,145.0200,142.6700,143.0400,9255700
XLV,2026-05-12,143.8100,146.6400,143.1900,145.8500,11897200
XLV,2026-05-13,145.3200,146.9800,145.1300,146.7100,15841800
XLV,2026-05-14,146.8500,147.4000,145.9400,146.6300,7763800
XLV,2026-05-15,146.7600,147.1600,144.8900,145.1000,9039900
XLV,2026-05-18,144.5000,145.7900,144.1200,145.7200,7949200
XLV,2026-05-19,145.6200,148.0700,144.8500,147.3200,12388200
XLV,2026-05-20,147.5400,148.0200,146.2900,147.1300,10527900
XLV,2026-05-21,146.9000,148.3000,145.8400,148.1500,7157000
XLV,2026-05-22,149.0900,150.3200,149.0000,149.8900,6915200
XLV,2026-05-26,149.9500,150.3000,148.4400,148.5100,6590400
XLV,2026-05-27,148.6900,150.2000,148.2800,148.7900,10062500
XLV,2026-05-28,149.1500,151.3500,149.1100,150.8800,10397400
XLV,2026-05-29,150.8500,151.0400,149.1000,149.4700,13195800
XLV,2026-06-01,148.5200,148.8800,147.2600,147.8400,12582900
XLV,2026-06-02,146.7500,147.2700,145.3100,146.4000,12024300
XLV,2026-06-03,146.1600,148.0500,146.0700,147.5500,9836000
XLV,2026-06-04,150.3800,152.5400,150.2900,152.0800,14051800
XLV,2026-06-05,153.3800,154.7000,152.9200,153.0100,20723000
XLV,2026-06-08,153.2400,154.4700,152.4100,152.6500,10639500
XLV,2026-06-09,153.4800,154.9800,153.1800,154.5700,13125500
XLV,2026-06-10,154.9600,155.1300,152.8200,152.8500,11712200
XLV,2026-06-11,153.4600,155.1600,152.8600,154.0900,10548800
XLV,2026-06-12,154.9700,155.1600,153.3700,153.8100,9111000
XLV,2026-06-15,153.7100,153.8800,151.7700,152.8900,9525300
XLV,2026-06-16,153.6000,153.7200,151.7200,152.9400,8630000
XLV,2026-06-17,152.0500,152.5700,149.9700,150.7100,10991400
XLV,2026-06-18,151.2700,151.2700,148.7900,149.4000,10879300
XLV,2026-06-22,149.3300,150.6200,149.0600,150.0600,11706100
XLV,2026-06-23,151.4900,152.4300,151.0000,152.1800,9479900
XLV,2026-06-24,153.1300,154.6700,152.4600,153.3500,10070100
XLV,2026-06-25,153.9500,157.2100,153.5900,155.6300,9419200
XLV,2026-06-26,156.3200,160.6400,156.1800,160.3400,16563800
XLV,2026-06-29,160.7000,161.0900,159.8800,160.7400,12935000
XLV,2026-06-30,161.0100,161.2500,157.9600,158.6600,11559400
XLV,2026-07-01,159.6100,159.9600,158.5000,159.5400,10123700
XLV,2026-07-02,160.6700,163.8500,160.3800,163.7400,14719400
XLV,2026-07-06,163.2000,163.4500,160.2500,161.9600,16123400
XLV,2026-07-07,164.7500,165.6100,163.8800,164.4400,12143500
XLV,2026-07-08,163.4200,163.9900,162.2600,162.3000,9287900
XLV,2026-07-09,161.8000,163.4200,161.3600,162.1700,9576400
XLV,2026-07-10,162.4800,162.6600,160.2400,160.8400,9497100
XLV,2026-07-13,160.9700,162.2400,160.3200,161.4100,6873000
XLV,2026-07-14,159.7800,160.0800,157.7800,158.2900,11523000
XLV,2026-07-15,157.3800,159.3500,157.2500,158.2900,10885300
XLV,2026-07-16,160.3500,162.6400,159.9400,161.8000,11819000
XLV,2026-07-17,161.8100,164.0000,160.8800,161.0900,9166500
XLV,2026-07-20,161.0000,161.4900,159.1800,159.2500,6635300
XLV,2026-07-21,157.5300,160.3700,157.2300,160.2500,6594900
XLV,2026-07-22,160.9700,160.9700,158.9500,159.4300,5599500
XLV,2026-07-23,159.9000,161.6100,159.3200,161.4400,6448200
XLV,2026-07-24,162.4700,163.2500,161.5800,162.5700,7647900
XLV,2026-07-27,163.0100,164.5700,162.3500,163.4000,8056000
XLV,2026-07-28,165.9900,168.5300,165.7500,167.2600,12774800
XLV,2026-07-29,167.1500,168.1600,165.7700,166.2400,11656900
XLV,2026-07-30,163.2500,163.9500,161.8600,163.5200,12475200
XLV,2026-07-31,162.3100,163.2300,160.7300,162.5500,9604900
XLV,2026-08-03,163.6300,164.7300,161.3500,162.2400,10986300
XLV,2026-08-04,162.0000,162.4900,160.9700,162.1000,15129600
XLV,2026-08-05,163.6400,165.3500,162.6200,164.1600,15216000
XLV,2026-08-06,166.1400,167.0200,163.0300,164.4500,9435100
XLV,2026-08-07,163.9200,165.7700,162.9200,165.6800,7971800
XLV,2026-08-10,165.6800,168.5000,165.5500,168.4400,6995900
XLV,2026-08-11,168.2800,169.6600,167.6400,168.0100,6680900
XLV,2026-08-12,166.4200,168.8800,165.7600,168.4400,7138300
XLV,2026-08-13,169.4900,169.7100,167.8400,168.3800,6730100
XLV,2026-08-14,167.6600,167.7700,166.4500,167.3700,5023800
XLV,2026-08-17,166.4500,167.8700,165.8600,167.0500,7225500
XLV,2026-08-18,168.6700,170.3000,168.4500,169.7300,7529600
XLV,2026-08-19,172.4700,176.6000,172.2900,175.6800,16538900
XLV,2026-08-20,174.1900,175.1900,172.3400,172.3900,9673400
XLV,2026-08-21,171.9100,175.6000,171.7900,174.6200,10166900
XLV,2026-08-24,174.4100,174.9200,173.3300,174.7000,5930800
XLV,2026-08-25,174.4500,175.8200,174.0400,175.2900,5434000
XLV,2026-08-26,174.3300,174.8400,173.4500,173.5400,5617400
XLV,2026-08-27,171.9500,173.1100,171.4300,171.5800,7110400
XLV,2026-08-28,171.4300,171.7100,170.5900,171.1600,4911700
XLV,2026-08-31,170.2500,170.9800,169.2000,170.5400,7312600
XLV,2026-09-01,172.6200,173.5300,171.0300,171.6700,7821200
XLV,2026-09-02,172.0900,174.4800,172.0900,172.9500,7805000
XLV,2026-09-03,174.0700,174.1600,171.3800,173.2600,5933900
XLV,2026-09-04,171.3900,172.5300,171.2400,171.4500,6083000
XLV,2026-09-08,168.2900,168.7500,166.9400,167.1300,11066600
XLV,2026-09-09,167.3100,167.4100,166.3900,166.5800,8018100
XLV,2026-09-10,166.5000,167.0800,165.5800,165.6600,7932400
XLV,2026-09-11,166.8300,167.1300,165.1100,165.3600,6501800
XLV,2026-09-14,168.0100,168.7700,167.0300,167.7500,9414400
XLV,2026-09-15,167.7900,168.2000,166.1800,167.6600,7428600
XLV,2026-09-16,167.7500,168.8000,167.4100,167.7700,7160500
XLV,2026-09-17,168.4400,169.1000,167.7600,168.8100,5832200
XLV,2026-09-18,168.2700,169.0600,167.7800,168.3900,11436300
XLV,2026-09-21,167.3200,169.5300,166.8500,169.0100,7617100
